PRT1
577
1725
2093
4 0 12 0 (832 480 0 ) (832 448 0 ) (256 448 0 ) (256 480 0 ) 
4 0 11 0 (256 640 0 ) (832 640 0 ) (832 480 0 ) (256 480 0 ) 
4 0 3 0 (256 448 0 ) (832 448 0 ) (832 448 528 ) (256 448 528 ) 
4 0 2 0 (256 448 384 ) (256 448 528 ) (256 480 528 ) (256 480 384 ) 
4 0 1 0 (256 640 528 ) (256 640 0 ) (256 480 0 ) (256 480 528 ) 
4 1 105 0 (0 640 384 ) (0 640 0 ) (0 480 0 ) (0 480 384 ) 
4 1 104 0 (0 480 528 ) (0 640 528 ) (0 640 384 ) (0 480 384 ) 
4 1 11 0 (0 480 0 ) (0 640 0 ) (256 640 0 ) (256 480 0 ) 
4 1 2 0 (256 480 384 ) (256 480 528 ) (0 480 528 ) (0 480 384 ) 
4 2 104 0 (0 448 528 ) (0 480 528 ) (0 480 384 ) (0 448 384 ) 
4 2 5 0 (224 448 528 ) (0 448 528 ) (0 448 384 ) (224 448 384 ) 
4 2 3 0 (256 448 384 ) (256 448 528 ) (232 448 528 ) (232 448 384 ) 
4 3 22 0 (232 0 0 ) (832 0 0 ) (832 0 16 ) (232 0 16 ) 
4 3 15 0 (832 0 16 ) (832 0 528 ) (232 0 528 ) (232 0 16 ) 
4 3 13 0 (256 0 0 ) (232 0 0 ) (232 448 0 ) (256 448 0 ) 
4 3 12 0 (832 0 0 ) (256 0 0 ) (256 448 0 ) (832 448 0 ) 
4 3 4 0 (232 448 16 ) (232 448 0 ) (232 0 0 ) (232 0 16 ) 
4 4 22 0 (224 0 0 ) (232 0 0 ) (232 0 16 ) (224 0 16 ) 
4 4 13 0 (232 0 0 ) (224 0 0 ) (224 448 0 ) (232 448 0 ) 
4 4 10 0 (224 448 16 ) (224 448 0 ) (224 0 0 ) (224 0 16 ) 
4 5 109 0 (0 0 84 ) (0 0 192 ) (0 256 192 ) (0 256 84 ) 
4 5 108 0 (0 256 192 ) (0 448 192 ) (0 448 84 ) (0 256 84 ) 
4 5 107 0 (0 0 192 ) (0 0 528 ) (0 448 528 ) (0 448 192 ) 
4 5 17 0 (0 0 122.196747 ) (0 0 84 ) (224 0 84 ) (224 0 122.196747 ) 
4 5 16 0 (0 0 528 ) (0 0 122.196747 ) (224 0 122.196747 ) (224 0 528 ) 
4 5 8 0 (144 0 84 ) (0 0 84 ) (0 96 84 ) (144 96 84 ) 
4 5 7 0 (0 448 84 ) (176 448 84 ) (176 96 84 ) (0 96 84 ) 
4 5 6 0 (176 448 84 ) (224 448 84 ) (224 0 84 ) (176 0 84 ) 
4 6 17 0 (176 0 20 ) (224 0 20 ) (224 0 84 ) (176 0 84 ) 
4 6 7 0 (176 448 20 ) (176 96 20 ) (176 96 84 ) (176 448 84 ) 
4 7 109 0 (0 96 84 ) (0 256 84 ) (0 256 20 ) (0 96 20 ) 
4 7 108 0 (0 256 84 ) (0 448 84 ) (0 448 20 ) (0 256 20 ) 
4 7 9 0 (0 448 20 ) (64 448 20 ) (64 96 20 ) (0 96 20 ) 
4 7 8 0 (0 96 20 ) (64 96 20 ) (144 96 84 ) (0 96 84 ) 
4 8 109 0 (0 0 20 ) (0 0 84 ) (0 96 84 ) (0 96 20 ) 
4 8 17 0 (0 0 84 ) (0 0 20 ) (64 0 20 ) (144 0 84 ) 
4 8 9 0 (64 0 20 ) (0 0 20 ) (0 96 20 ) (64 96 20 ) 
4 9 111 0 (0 0 16 ) (0 0 20 ) (0 448 20 ) (0 448 16 ) 
4 9 21 0 (0 0 20 ) (0 0 16 ) (64 0 16 ) (64 0 20 ) 
4 10 22 0 (128 0 0 ) (224 0 0 ) (224 0 16 ) (128 0 16 ) 
4 10 13 0 (224 0 0 ) (128 0 0 ) (128 448 0 ) (224 448 0 ) 
4 11 112 0 (0 480 0 ) (0 640 0 ) (0 640 -16 ) (0 480 -16 ) 
4 11 14 0 (0 480 -16 ) (0 640 -16 ) (832 640 -16 ) (832 480 -16 ) 
4 11 12 0 (256 480 -16 ) (832 480 -16 ) (832 480 0 ) (256 480 0 ) 
4 12 23 0 (256 0 -16 ) (832 0 -16 ) (832 0 0 ) (256 0 0 ) 
4 12 14 0 (832 0 -16 ) (256 0 -16 ) (256 480 -16 ) (832 480 -16 ) 
4 12 13 0 (256 448 -16 ) (256 0 -16 ) (256 0 0 ) (256 448 0 ) 
4 13 23 0 (128 0 -16 ) (256 0 -16 ) (256 0 0 ) (128 0 0 ) 
4 13 14 0 (256 0 -16 ) (128 0 -16 ) (128 448 -16 ) (256 448 -16 ) 
4 14 116 0 (0 0 -96 ) (0 0 -32 ) (0 640 -32 ) (0 640 -96 ) 
4 14 115 0 (0 0 -32 ) (0 0 -16 ) (0 448 -16 ) (0 448 -32 ) 
4 14 114 0 (0 448 -16 ) (0 640 -16 ) (0 640 -32 ) (0 448 -32 ) 
4 14 24 0 (0 0 -16 ) (0 0 -96 ) (128 0 -96 ) (128 0 -16 ) 
4 14 23 0 (128 0 -96 ) (832 0 -96 ) (832 0 -16 ) (128 0 -16 ) 
4 15 25 0 (232 -1024 16 ) (832 -1024 16 ) (832 -1024 528 ) (232 -1024 528 ) 
4 15 22 0 (832 -1024 16 ) (232 -1024 16 ) (232 0 16 ) (832 0 16 ) 
4 16 126 0 (0 -1024 122.196747 ) (0 -1024 195.829773 ) (0 0 195.829773 ) (0 0 122.196747 ) 
4 16 118 0 (0 -1024 203.914886 ) (0 -1024 212 ) (0 0 212 ) (0 0 203.914886 ) 
4 16 121 0 (0 -1024 195.829773 ) (0 -1024 203.914886 ) (0 0 203.914886 ) (0 0 195.829773 ) 
4 16 117 0 (0 -1024 212 ) (0 -1024 528 ) (0 0 528 ) (0 0 212 ) 
4 16 32 0 (0 -1024 146.707504 ) (0 -1024 122.196747 ) (64 -1024 122.196747 ) (64 -1024 141.359436 ) 
4 16 29 0 (64 -1024 122.196747 ) (224 -1024 122.196747 ) (224 -1024 127.989273 ) (64 -1024 141.359436 ) 
4 16 26 0 (0 -1024 528 ) (0 -1024 146.707504 ) (224 -1024 127.989273 ) (224 -1024 528 ) 
4 16 19 0 (195.673325 -1024 122.196747 ) (0 -1024 122.196747 ) (0 -997.737244 122.196747 ) (176 -950.578247 122.196747 ) 
4 16 18 0 (224 -827.773621 122.196747 ) (224 -1024 122.196747 ) (195.673325 -1024 122.196747 ) (148.514252 -848 122.196747 ) 
4 16 17 0 (0 0 122.196747 ) (224 0 122.196747 ) (224 -827.773621 122.196747 ) (0 -887.794250 122.196747 ) 
4 17 129 0 (0 -887.794250 122.196747 ) (0 0 122.196747 ) (0 0 20 ) (0 -887.794250 20 ) 
4 17 21 0 (0 0 20 ) (64 0 20 ) (64 -870.645508 20 ) (0 -887.794250 20 ) 
4 17 18 0 (148.514389 -848 20 ) (224 -827.774231 20 ) (224 -827.774231 122.196747 ) (148.514389 -848 122.196747 ) 
4 18 29 0 (195.673309 -1024 20 ) (224 -1024 20 ) (224 -1024 122.196747 ) (195.673325 -1024 122.196747 ) 
4 18 19 0 (176 -950.578247 20 ) (195.673203 -1024 20 ) (195.674072 -1024 122.196747 ) (176 -950.578125 122.196747 ) 
4 19 128 0 (0 -1024 20 ) (0 -1024 122.196747 ) (0 -997.737244 122.196747 ) (0 -997.737244 20 ) 
4 19 32 0 (0 -1024 122.196747 ) (0 -1024 20 ) (64 -1024 20 ) (64 -1024 122.196747 ) 
4 19 29 0 (64 -1024 20 ) (195.673309 -1024 20 ) (195.673325 -1024 122.196747 ) (64 -1024 122.196747 ) 
4 19 20 0 (64 -1024 20 ) (0 -1024 20 ) (0 -997.737244 20 ) (64 -980.588501 20 ) 
4 20 128 0 (0 -1024 16 ) (0 -1024 20 ) (0 -997.737244 20 ) (0 -997.737244 16 ) 
4 20 32 0 (0 -1024 20 ) (0 -1024 16 ) (64 -1024 16 ) (64 -1024 20 ) 
4 21 129 0 (0 -887.794250 20 ) (0 0 20 ) (0 0 16 ) (0 -887.794250 16 ) 
4 22 34 0 (128 -1024 0 ) (256 -1024 0 ) (256 -1024 16 ) (128 -1024 16 ) 
4 22 33 0 (256 -1024 0 ) (832 -1024 0 ) (832 -1024 16 ) (256 -1024 16 ) 
4 22 23 0 (832 -1024 0 ) (128 -1024 0 ) (128 0 0 ) (832 0 0 ) 
4 23 39 0 (128 -1024 -96 ) (832 -1024 -96 ) (832 -1024 -16 ) (128 -1024 -16 ) 
4 23 37 0 (256 -1024 0 ) (128 -1024 0 ) (128 -1024 -16 ) (256 -1024 -16 ) 
4 23 36 0 (832 -1024 -16 ) (832 -1024 0 ) (256 -1024 0 ) (256 -1024 -16 ) 
4 23 24 0 (128 0 -96 ) (128 -1024 -96 ) (128 -1024 -16 ) (128 0 -16 ) 
4 24 144 0 (0 -1024 -32 ) (0 -1024 -16 ) (0 0 -16 ) (0 0 -32 ) 
4 24 145 0 (0 -1024 -96 ) (0 -1024 -32 ) (0 0 -32 ) (0 0 -96 ) 
4 24 39 0 (0 -1024 -16 ) (0 -1024 -96 ) (128 -1024 -96 ) (128 -1024 -16 ) 
4 25 40 0 (232 -2048 16 ) (832 -2048 16 ) (832 -2048 528 ) (232 -2048 528 ) 
4 25 35 0 (256 -2048 16 ) (232 -2048 16 ) (232 -1568 16 ) (256 -1568 16 ) 
4 25 34 0 (232 -1056 16 ) (232 -1024 16 ) (256 -1024 16 ) (256 -1056 16 ) 
4 25 33 0 (832 -2048 16 ) (256 -2048 16 ) (256 -1024 16 ) (832 -1024 16 ) 
3 26 180 0 (0 -1891.882690 115.637932 ) (0 -1957.385742 113.292976 ) (0 -1957.385742 119.018730 ) 
5 26 179 0 (0 -1744 120.932022 ) (0 -1891.882690 115.637932 ) (0 -1957.385742 119.018730 ) (0 -1957.385742 428 ) (0 -1744 428 ) 
4 26 176 0 (0 -1552 127.805481 ) (0 -1744 120.932022 ) (0 -1744 428 ) (0 -1552 428 ) 
4 26 175 0 (0 -1202.285645 140.324997 ) (0 -1552 127.805481 ) (0 -1552 428 ) (0 -1202.285645 428 ) 
4 26 148 0 (0 -1024 212 ) (0 -1024 146.707489 ) (0 -1202.285645 140.324997 ) (0 -1202.285645 212 ) 
4 26 147 0 (0 -1024 428 ) (0 -1024 212 ) (0 -1202.285645 212 ) (0 -1202.285645 428 ) 
4 26 146 0 (0 -1957.385742 528 ) (0 -1024 528 ) (0 -1024 428 ) (0 -1957.385742 428 ) 
4 26 44 0 (131.387573 -2048 99.069824 ) (224 -2048 91.330803 ) (224 -2048 140.459076 ) (131.387573 -2048 133.528244 ) 
4 26 41 0 (224 -2048 140.459076 ) (224 -2048 528 ) (131.387573 -2048 528 ) (131.387573 -2048 133.528244 ) 
4 26 32 0 (0 -1024 146.706818 ) (64 -1024 141.358749 ) (64 -1796.367554 113.708542 ) (0 -1768.949585 120.038162 ) 
4 26 31 0 (18.275757 -1950.843506 112 ) (11.944023 -1965.623169 112 ) (0 -1957.385742 113.292282 ) (0 -1943.014038 113.806778 ) 
3 26 30 0 (64 -1844.112793 112 ) (64 -2001.524658 106.364067 ) (11.944023 -1965.623169 112 ) 
5 26 29 0 (64 -1024 141.358749 ) (224 -1024 127.988586 ) (224 -1470.636719 112 ) (81.282524 -1803.771484 112 ) (64 -1796.367554 113.708542 ) 
5 26 28 0 (224 -1470.636719 112 ) (224 -2048 91.330116 ) (131.387573 -2048 99.069138 ) (64 -2001.524658 106.364067 ) (64 -1844.112793 112 ) 
4 26 27 0 (131.387665 -2048 133.528259 ) (131.384842 -2048 528 ) (0 -1957.387695 528 ) (0 -1957.385498 119.018730 ) 
4 27 179 0 (0 -2048 123.695595 ) (0 -2048 428 ) (0 -1957.385742 428 ) (0 -1957.385742 119.018730 ) 
4 27 146 0 (0 -2048 428 ) (0 -2048 528 ) (0 -1957.385742 528 ) (0 -1957.385742 428 ) 
4 27 41 0 (0 -2048 528 ) (0 -2048 123.695610 ) (131.387573 -2048 133.528244 ) (131.387573 -2048 528 ) 
4 28 44 0 (224 -2048 20 ) (224 -2048 91.330803 ) (131.387604 -2048 99.069824 ) (131.387619 -2048 20 ) 
4 28 30 0 (64 -2001.524658 106.358459 ) (64 -1844.112793 111.993690 ) (64 -1844.112793 20 ) (64 -2001.524658 20 ) 
4 28 29 0 (224 -1470.640259 20 ) (81.284210 -1803.772339 20 ) (81.284264 -1803.772339 112 ) (224 -1470.641602 112 ) 
4 29 32 0 (64 -1796.367554 113.702934 ) (64 -1024 141.353104 ) (64 -1024 20 ) (64 -1796.367554 20 ) 
4 30 31 0 (18.275784 -1950.843506 16 ) (11.941942 -1965.627930 16 ) (11.941941 -1965.627930 112 ) (18.275784 -1950.843506 112 ) 
4 31 186 0 (0 -1957.385742 113.292976 ) (0 -1943.014038 113.807472 ) (0 -1943.014038 16 ) (0 -1957.385742 16 ) 
4 32 183 0 (0 -1744 108.005287 ) (0 -1744 16 ) (0 -1768.949585 16 ) (0 -1768.949585 109.292999 ) 
4 32 181 0 (0 -1768.949585 120.038849 ) (0 -1744 120.932022 ) (0 -1744 108.005287 ) (0 -1768.949585 109.292999 ) 
4 32 176 0 (0 -1744 120.932022 ) (0 -1552 127.805481 ) (0 -1552 16 ) (0 -1744 16 ) 
4 32 175 0 (0 -1552 127.805481 ) (0 -1202.285645 140.324997 ) (0 -1202.285645 16 ) (0 -1552 16 ) 
4 32 168 0 (0 -1024 20 ) (0 -1024 16 ) (0 -1202.285645 16 ) (0 -1202.285645 20 ) 
4 32 148 0 (0 -1202.285645 140.324997 ) (0 -1024 146.707489 ) (0 -1024 20 ) (0 -1202.285645 20 ) 
4 33 40 0 (256 -2048 0 ) (832 -2048 0 ) (832 -2048 16 ) (256 -2048 16 ) 
4 33 36 0 (832 -2048 0 ) (256 -2048 0 ) (256 -1024 0 ) (832 -1024 0 ) 
4 33 35 0 (256 -1568 0 ) (256 -2048 0 ) (256 -2048 16 ) (256 -1568 16 ) 
4 33 34 0 (256 -1024 0 ) (256 -1056 0 ) (256 -1056 16 ) (256 -1024 16 ) 
4 34 37 0 (128 -1056 0 ) (128 -1024 0 ) (256 -1024 0 ) (256 -1056 0 ) 
4 35 40 0 (232 -2048 0 ) (256 -2048 0 ) (256 -2048 16 ) (232 -2048 16 ) 
4 35 38 0 (256 -2048 0 ) (232 -2048 0 ) (232 -1568 0 ) (256 -1568 0 ) 
4 36 46 0 (256 -2048 -16 ) (832 -2048 -16 ) (832 -2048 0 ) (256 -2048 0 ) 
4 36 39 0 (832 -2048 -16 ) (256 -2048 -16 ) (256 -1024 -16 ) (832 -1024 -16 ) 
4 36 38 0 (256 -1568 -16 ) (256 -2048 -16 ) (256 -2048 0 ) (256 -1568 0 ) 
4 36 37 0 (256 -1024 -16 ) (256 -1056 -16 ) (256 -1056 0 ) (256 -1024 0 ) 
4 37 39 0 (128 -1056 -16 ) (128 -1024 -16 ) (256 -1024 -16 ) (256 -1056 -16 ) 
4 38 46 0 (232 -2048 -16 ) (256 -2048 -16 ) (256 -2048 0 ) (232 -2048 0 ) 
4 38 39 0 (256 -2048 -16 ) (232 -2048 -16 ) (232 -1568 -16 ) (256 -1568 -16 ) 
4 39 197 0 (0 -2048 -96 ) (0 -2048 -32 ) (0 -1024 -32 ) (0 -1024 -96 ) 
4 39 195 0 (0 -2048 -32 ) (0 -2048 -16 ) (0 -1568 -16 ) (0 -1568 -32 ) 
4 39 191 0 (0 -1568 -16 ) (0 -1024 -16 ) (0 -1024 -32 ) (0 -1568 -32 ) 
4 39 47 0 (0 -2048 -16 ) (0 -2048 -96 ) (232 -2048 -96 ) (232 -2048 -16 ) 
4 39 46 0 (232 -2048 -96 ) (832 -2048 -96 ) (832 -2048 -16 ) (232 -2048 -16 ) 
4 40 48 0 (232 -3072 0 ) (832 -3072 0 ) (832 -3072 528 ) (232 -3072 528 ) 
4 40 46 0 (832 -3072 0 ) (232 -3072 0 ) (232 -2048 0 ) (832 -2048 0 ) 
4 41 201 0 (0 -3072 176.547180 ) (0 -3072 428 ) (0 -2048 428 ) (0 -2048 123.695618 ) 
4 41 198 0 (0 -3072 428 ) (0 -3072 528 ) (0 -2048 528 ) (0 -2048 428 ) 
4 41 49 0 (0 -3072 528 ) (0 -3072 176.547180 ) (224 -3072 193.310669 ) (224 -3072 528 ) 
4 41 45 0 (64 -2195.886475 136.117676 ) (64 -3072 181.336426 ) (0 -3072 176.546875 ) (0 -2151.747559 129.049988 ) 
3 41 44 0 (131.387619 -2048 133.527893 ) (224 -2048 140.458710 ) (224 -2111.872070 143.755325 ) 
3 41 43 0 (135.373505 -2245.110840 144 ) (64 -2348.600098 144 ) (64 -2195.886475 136.117676 ) 
4 41 42 0 (224 -2116.605225 144 ) (224 -3072 193.310303 ) (64 -3072 181.336426 ) (64 -2348.600098 144 ) 
4 42 51 0 (224 -3072 20 ) (224 -3072 130.602554 ) (64 -3072 144.028183 ) (64 -3072 20 ) 
4 42 49 0 (224 -3072 130.602554 ) (224 -3072 193.310669 ) (64 -3072 181.336746 ) (64 -3072 144.028183 ) 
4 42 45 0 (64 -3072 181.343872 ) (64 -2348.600098 144.007095 ) (64 -2348.600098 20 ) (64 -3072 20 ) 
4 42 43 0 (135.373779 -2245.111084 20 ) (64 -2348.599365 20 ) (64 -2348.599365 144 ) (135.373169 -2245.110596 144 ) 
4 43 45 0 (64 -2348.600098 144.007095 ) (64 -2195.886475 136.125107 ) (64 -2195.886475 20 ) (64 -2348.600098 20 ) 
4 45 202 0 (0 -3072 16 ) (0 -3072 176.547180 ) (0 -2151.747559 129.050339 ) (0 -2151.747559 16 ) 
4 45 53 0 (0 -3072 149.398438 ) (0 -3072 16 ) (64 -3072 16 ) (64 -3072 144.028183 ) 
4 45 49 0 (0 -3072 176.547180 ) (0 -3072 149.398438 ) (64 -3072 144.028183 ) (64 -3072 181.336746 ) 
4 46 56 0 (832 -3072 0 ) (232 -3072 0 ) (232 -3072 -96 ) (832 -3072 -96 ) 
4 46 47 0 (232 -3072 -96 ) (232 -3072 -16 ) (232 -2048 -16 ) (232 -2048 -96 ) 
4 47 230 0 (0 -3072 -96 ) (0 -3072 -32 ) (0 -2048 -32 ) (0 -2048 -96 ) 
4 47 227 0 (0 -3072 -32 ) (0 -3072 -16 ) (0 -2048 -16 ) (0 -2048 -32 ) 
4 47 57 0 (0 -3072 -16 ) (0 -3072 -96 ) (232 -3072 -96 ) (232 -3072 -16 ) 
4 48 60 0 (254.182159 -4096 144 ) (232 -4096 142.029602 ) (232 -4096 16 ) (254.182159 -4096 16 ) 
4 48 59 0 (832 -4096 16 ) (832 -4096 195.327164 ) (254.182159 -4096 144 ) (254.182159 -4096 16 ) 
4 48 58 0 (832 -4096 195.327164 ) (832 -4096 528 ) (232 -4096 528 ) (232 -4096 142.029602 ) 
4 48 61 0 (232 -4096 0 ) (832 -4096 0 ) (832 -4096 16 ) (232 -4096 16 ) 
4 48 56 0 (832 -4096 0 ) (232 -4096 0 ) (232 -3072 0 ) (832 -3072 0 ) 
5 49 232 0 (0 -4096 121.421188 ) (0 -4096 428 ) (0 -3072 428 ) (0 -3072 149.398438 ) (0 -3951.625732 118.629807 ) 
4 49 231 0 (0 -4096 428 ) (0 -4096 528 ) (0 -3072 528 ) (0 -3072 428 ) 
4 49 66 0 (0 -4096 528 ) (0 -4096 121.421188 ) (64 -4096 127.106262 ) (64 -4096 528 ) 
4 49 62 0 (64 -4096 127.106262 ) (224 -4096 141.318954 ) (224 -4096 528 ) (64 -4096 528 ) 
5 49 53 0 (0 -3072 149.398407 ) (64 -3072 144.028152 ) (64 -3748.079102 120.379440 ) (23.160896 -3877.964355 119.262978 ) (0 -3868.309326 121.544136 ) 
4 49 51 0 (64 -3072 144.028152 ) (224 -3072 130.602539 ) (224 -3239.213379 124.753540 ) (64 -3748.079102 120.379440 ) 
5 49 50 0 (0 -3951.630859 118.629539 ) (224 -3239.218994 124.753281 ) (224 -4096 141.318588 ) (218.479584 -4096 140.828217 ) (0 -4048.446289 120.501404 ) 
3 50 233 0 (0 -4048.446289 120.501770 ) (0 -3951.625732 118.629807 ) (0 -4048.446289 115.243095 ) 
4 50 65 0 (218.479584 -4096 95.247040 ) (224 -4096 94.783821 ) (224 -4096 141.318954 ) (218.479584 -4096 140.828583 ) 
3 50 55 0 (34.092094 -4055.866699 112.122849 ) (0 -4048.446289 115.243080 ) (0 -4041.654785 115.480637 ) 
3 50 54 0 (64 -4062.376465 109.385559 ) (35.434479 -4056.158936 112 ) (64 -3987.634277 112 ) 
3 50 53 0 (23.160896 -3877.964355 119.262978 ) (64 -3748.079102 120.379440 ) (64 -3894.988770 115.240654 ) 
6 50 52 0 (224 -3961.687012 99.481964 ) (224 -4096 94.783798 ) (218.479584 -4096 95.247017 ) (64 -4062.376465 109.385559 ) (64 -3987.634277 112 ) (96.902931 -3908.704834 112 ) 
4 50 51 0 (224 -3239.213379 124.753540 ) (224 -3961.687012 99.481964 ) (64 -3894.988770 115.240654 ) (64 -3748.079102 120.379440 ) 
4 51 53 0 (64 -3894.988770 20 ) (64 -3894.988770 115.232910 ) (64 -3072 144.020432 ) (64 -3072 20 ) 
4 51 52 0 (96.902908 -3908.704834 20 ) (224 -3961.687256 20 ) (224 -3961.687256 99.483536 ) (96.902908 -3908.704834 112.001526 ) 
4 52 65 0 (224 -4096 20 ) (224 -4096 94.783821 ) (218.479599 -4096 95.247040 ) (218.479584 -4096 20 ) 
4 52 54 0 (64 -4062.376221 109.377831 ) (64 -3987.634277 111.992249 ) (64 -3987.634277 20 ) (64 -4062.376221 20 ) 
4 53 234 0 (0 -3868.309326 121.544151 ) (0 -3072 149.398438 ) (0 -3072 16 ) (0 -3868.309326 16 ) 
4 55 235 0 (0 -4048.446289 115.243095 ) (0 -4041.654785 115.480652 ) (0 -4041.654785 16 ) (0 -4048.446289 16 ) 
4 56 68 0 (232 -4096 -96 ) (832 -4096 -96 ) (832 -4096 0 ) (232 -4096 0 ) 
4 56 57 0 (232 -3072 -96 ) (232 -4096 -96 ) (232 -4096 -16 ) (232 -3072 -16 ) 
4 57 263 0 (0 -4096 -96 ) (0 -4096 -32 ) (0 -3072 -32 ) (0 -3072 -96 ) 
4 57 261 0 (0 -4096 -32 ) (0 -4096 -16 ) (0 -3072 -16 ) (0 -3072 -32 ) 
4 57 69 0 (0 -4096 -16 ) (0 -4096 -96 ) (232 -4096 -96 ) (232 -4096 -16 ) 
4 58 70 0 (832 -5120 215.125549 ) (832 -5120 528 ) (232 -5120 528 ) (232 -5120 161.827972 ) 
4 58 60 0 (232 -4098.942871 142.085983 ) (232 -4096 142.029083 ) (254.182159 -4096 144 ) (252.567291 -4103.419434 144 ) 
5 58 59 0 (832 -4096 195.326645 ) (832 -5120 215.125015 ) (232 -5120 161.827454 ) (232 -4197.913086 144 ) (254.182159 -4096 144 ) 
4 59 70 0 (832 -5120 16 ) (832 -5120 215.125549 ) (232 -5120 161.827972 ) (232 -5120 16 ) 
4 59 60 0 (254.184586 -4096 16 ) (252.569611 -4103.419922 16 ) (252.567490 -4103.419434 144 ) (254.182358 -4096 144 ) 
5 59 61 0 (232 -5120 16 ) (232 -4197.913086 16 ) (254.182159 -4096 16 ) (832 -4096 16 ) (832 -5120 16 ) 
4 60 61 0 (232 -4098.942871 16 ) (232 -4096 16 ) (254.182159 -4096 16 ) (252.567291 -4103.419434 16 ) 
4 61 70 0 (232 -5120 0 ) (832 -5120 0 ) (832 -5120 16 ) (232 -5120 16 ) 
4 61 68 0 (832 -5120 0 ) (232 -5120 0 ) (232 -4096 0 ) (832 -4096 0 ) 
4 62 85 0 (224 -5120 161.117340 ) (224 -5120 528 ) (64 -5120 528 ) (64 -5120 146.904633 ) 
4 62 66 0 (64 -5120 146.904633 ) (64 -5120 528 ) (64 -4096 528 ) (64 -4096 127.106262 ) 
3 62 65 0 (218.479584 -4096 140.828415 ) (224 -4096 141.318787 ) (224 -4097.201660 141.342010 ) 
3 62 64 0 (64 -4969.768555 144 ) (64 -4226.122070 129.621902 ) (218.538864 -4259.758789 144 ) 
4 62 63 0 (64 -5120 146.904449 ) (64 -4969.768555 144 ) (224 -4234.668457 144 ) (224 -5120 161.117157 ) 
4 63 85 0 (224 -5120 20 ) (224 -5120 161.117340 ) (64 -5120 146.904633 ) (64 -5120 20 ) 
4 63 67 0 (64 -5120 20 ) (64 -5120 146.904633 ) (64 -4969.768555 144 ) (64 -4969.768555 20 ) 
4 63 64 0 (218.539841 -4259.759277 20 ) (64 -4969.778320 20 ) (64 -4969.770508 144.002121 ) (218.539169 -4259.758789 144.002136 ) 
4 64 67 0 (64 -4969.768555 144 ) (64 -4226.122070 129.622086 ) (64 -4226.122070 20 ) (64 -4969.768555 20 ) 
4 66 278 0 (0 -5120 141.219543 ) (0 -5120 428 ) (0 -4960 428 ) (0 -4960 138.126053 ) 
4 66 266 0 (0 -4960 428 ) (0 -4096 428 ) (0 -4096 121.421173 ) (0 -4960 138.126053 ) 
4 66 264 0 (0 -5120 428 ) (0 -5120 528 ) (0 -4096 528 ) (0 -4096 428 ) 
4 66 85 0 (0 -5120 528 ) (0 -5120 141.219574 ) (64 -5120 146.904633 ) (64 -5120 528 ) 
4 66 67 0 (64 -4226.122070 129.621826 ) (64 -5120 146.904373 ) (0 -5120 141.219299 ) (0 -4212.192383 123.667427 ) 
4 67 278 0 (0 -5120 16 ) (0 -5120 141.219543 ) (0 -4960 138.126053 ) (0 -4960 16 ) 
4 67 267 0 (0 -4960 138.126053 ) (0 -4212.192383 123.667671 ) (0 -4212.191895 16 ) (0 -4960 16 ) 
4 67 86 0 (0 -5120 20 ) (0 -5120 16 ) (64 -5120 16 ) (64 -5120 20 ) 
4 67 85 0 (0 -5120 141.219574 ) (0 -5120 20 ) (64 -5120 20 ) (64 -5120 146.904633 ) 
4 68 88 0 (832 -5120 0 ) (232 -5120 0 ) (232 -5120 -96 ) (832 -5120 -96 ) 
4 68 69 0 (232 -5120 -96 ) (232 -5120 -16 ) (232 -4096 -16 ) (232 -4096 -96 ) 
4 69 282 0 (0 -5120 -96 ) (0 -5120 -32 ) (0 -4096 -32 ) (0 -4096 -96 ) 
4 69 281 0 (0 -5120 -32 ) (0 -5120 -16 ) (0 -4832 -16 ) (0 -4832 -32 ) 
4 69 279 0 (0 -4832 -16 ) (0 -4096 -16 ) (0 -4096 -32 ) (0 -4832 -32 ) 
4 69 92 0 (0 -5120 -16 ) (0 -5120 -96 ) (232 -5120 -96 ) (232 -5120 -16 ) 
4 70 93 0 (232 -6144 0 ) (832 -6144 0 ) (832 -6144 528 ) (232 -6144 528 ) 
4 70 88 0 (832 -6144 0 ) (232 -6144 0 ) (232 -5120 0 ) (832 -5120 0 ) 
4 70 84 0 (232 -5849.355469 0 ) (232 -5900 0 ) (232 -5900 16 ) (232 -5849.355469 16 ) 
4 70 83 0 (232 -5898 16 ) (232 -5900 16 ) (232 -5900 134 ) (232 -5898 134 ) 
4 70 82 0 (232 -5893 47 ) (232 -5893 63 ) (232 -5877 63 ) (232 -5877 47 ) 
4 70 80 0 (232 -5893 85 ) (232 -5893 107 ) (232 -5877 107 ) (232 -5877 85 ) 
4 70 81 0 (232 -5893 67 ) (232 -5893 83 ) (232 -5877 83 ) (232 -5877 67 ) 
4 70 79 0 (232 -5893 111 ) (232 -5893 134 ) (232 -5877 134 ) (232 -5877 111 ) 
4 70 78 0 (232 -5830 16 ) (232 -5872 16 ) (232 -5872 108 ) (232 -5830 108 ) 
4 70 77 0 (232 -5809 47 ) (232 -5825 47 ) (232 -5825 63 ) (232 -5809 63 ) 
4 70 75 0 (232 -5825 85 ) (232 -5825 107 ) (232 -5809 107 ) (232 -5809 85 ) 
4 70 76 0 (232 -5825 67 ) (232 -5825 83 ) (232 -5809 83 ) (232 -5809 67 ) 
4 70 74 0 (232 -5853 111 ) (232 -5872 111 ) (232 -5872 134 ) (232 -5853 134 ) 
4 70 73 0 (232 -5830 111 ) (232 -5850 111 ) (232 -5850 134 ) (232 -5830 134 ) 
4 70 72 0 (232 -5809 111 ) (232 -5825 111 ) (232 -5825 134 ) (232 -5809 134 ) 
4 70 71 0 (232 -5898 134 ) (232 -5900 134 ) (232 -5900 160 ) (232 -5898 160 ) 
4 71 83 0 (228 -5898 134 ) (232 -5898 134 ) (232 -5900 134 ) (228 -5900 134 ) 
4 72 85 0 (224 -5809 111 ) (224 -5825 111 ) (224 -5825 134 ) (224 -5809 134 ) 
4 73 85 0 (224 -5830 111 ) (224 -5850 111 ) (224 -5850 134 ) (224 -5830 134 ) 
4 74 85 0 (224 -5853 111 ) (224 -5872 111 ) (224 -5872 134 ) (224 -5853 134 ) 
4 75 85 0 (224 -5825 85 ) (224 -5825 107 ) (224 -5809 107 ) (224 -5809 85 ) 
4 76 85 0 (224 -5825 67 ) (224 -5825 83 ) (224 -5809 83 ) (224 -5809 67 ) 
4 77 85 0 (224 -5809 47 ) (224 -5825 47 ) (224 -5825 63 ) (224 -5809 63 ) 
4 78 85 0 (224 -5872 20 ) (224 -5872 108 ) (224 -5830 108 ) (224 -5830 20 ) 
4 78 84 0 (224 -5872 16 ) (224 -5849.084473 16 ) (232 -5849.355957 16 ) (232 -5872 16 ) 
4 79 85 0 (224 -5893 111 ) (224 -5893 134 ) (224 -5877 134 ) (224 -5877 111 ) 
4 80 85 0 (224 -5893 85 ) (224 -5893 107 ) (224 -5877 107 ) (224 -5877 85 ) 
4 81 85 0 (224 -5893 67 ) (224 -5893 83 ) (224 -5877 83 ) (224 -5877 67 ) 
4 82 85 0 (224 -5893 47 ) (224 -5893 63 ) (224 -5877 63 ) (224 -5877 47 ) 
4 83 84 0 (232 -5898 16 ) (232 -5900 16 ) (228 -5900 16 ) (228 -5898 16 ) 
4 84 89 0 (224 -5900 0 ) (224 -5849.084473 0 ) (232 -5849.355469 0 ) (232 -5900 0 ) 
4 84 87 0 (224 -5849.084473 0 ) (224 -5900 0 ) (224 -5900 16 ) (224 -5849.084473 16 ) 
4 85 283 0 (0 -6144 20 ) (0 -6144 528 ) (0 -5120 528 ) (0 -5120 20 ) 
4 85 94 0 (64 -6144 20 ) (224 -6144 20 ) (224 -6144 528 ) (64 -6144 528 ) 
4 85 96 0 (0 -6144 528 ) (0 -6144 20 ) (64 -6144 20 ) (64 -6144 528 ) 
4 85 86 0 (0 -5120 20 ) (64 -5120 20 ) (64 -6144 20 ) (0 -6144 20 ) 
4 86 283 0 (0 -6144 16 ) (0 -6144 20 ) (0 -5120 20 ) (0 -5120 16 ) 
4 86 96 0 (0 -6144 20 ) (0 -6144 16 ) (64 -6144 16 ) (64 -6144 20 ) 
4 87 97 0 (208 -6144 0 ) (224 -6144 0 ) (224 -6144 16 ) (208 -6144 16 ) 
4 87 90 0 (224 -6144 0 ) (208 -6144 0 ) (208 -5848.541992 0 ) (224 -5849.084473 0 ) 
4 88 99 0 (232 -6144 -96 ) (832 -6144 -96 ) (832 -6144 0 ) (232 -6144 0 ) 
4 88 89 0 (232 -5900 0 ) (232 -5849.355957 0 ) (232 -5849.355957 -16 ) (232 -5900 -16 ) 
4 88 92 0 (232 -5120 -96 ) (232 -6144 -96 ) (232 -6144 -16 ) (232 -5120 -16 ) 
4 89 90 0 (224 -5849.082031 0 ) (224 -5849.082031 -16 ) (224 -5900 -16 ) (224 -5900 0 ) 
4 89 92 0 (232 -5849.355957 -16 ) (232 -5900 -16 ) (224 -5900 -16 ) (224 -5849.084961 -16 ) 
4 90 101 0 (224 -6144 -4 ) (224 -6144 0 ) (208 -6144 0 ) (208 -6144 -4 ) 
4 90 103 0 (208 -6144 -16 ) (224 -6144 -16 ) (224 -6144 -4 ) (208 -6144 -4 ) 
4 90 91 0 (208 -5848.542969 -4 ) (208 -5848.542969 -16 ) (208 -6144 -16 ) (208 -6144 -4 ) 
4 90 92 0 (224 -6144 -16 ) (208 -6144 -16 ) (208 -5848.542480 -16 ) (224 -5849.084961 -16 ) 
4 91 284 0 (0 -6144 -16 ) (0 -6144 -4 ) (0 -5841.491211 -4 ) (0 -5841.491211 -16 ) 
4 91 103 0 (0 -6144 -4 ) (0 -6144 -16 ) (208 -6144 -16 ) (208 -6144 -4 ) 
4 91 92 0 (208 -6144 -16 ) (0 -6144 -16 ) (0 -5841.491211 -16 ) (208 -5848.542480 -16 ) 
4 92 285 0 (0 -6144 -96 ) (0 -6144 -16 ) (0 -5120 -16 ) (0 -5120 -96 ) 
4 92 103 0 (0 -6144 -16 ) (0 -6144 -96 ) (224 -6144 -96 ) (224 -6144 -16 ) 
4 92 100 0 (224 -6144 -96 ) (232 -6144 -96 ) (232 -6144 -16 ) (224 -6144 -16 ) 
4 93 99 0 (232 -6688 0 ) (232 -6144 0 ) (832 -6144 0 ) (832 -6688 0 ) 
4 94 95 0 (224 -6688 20 ) (64 -6688 20 ) (64 -6648 20 ) (224 -6648 20 ) 
4 94 96 0 (64 -6688 20 ) (64 -6688 528 ) (64 -6144 528 ) (64 -6144 20 ) 
4 95 98 0 (224 -6648 16 ) (224 -6688 16 ) (64 -6688 16 ) (64 -6648 16 ) 
4 95 96 0 (64 -6648 16 ) (64 -6688 16 ) (64 -6688 20 ) (64 -6648 20 ) 
4 96 286 0 (0 -6144 528 ) (0 -6144 16 ) (0 -6688 16 ) (0 -6688 528 ) 
4 96 98 0 (0 -6688 16 ) (0 -6592 16 ) (64 -6592 16 ) (64 -6688 16 ) 
4 97 101 0 (208 -6144 0 ) (224 -6144 0 ) (224 -6592 0 ) (208 -6592 0 ) 
4 97 98 0 (208 -6592 0 ) (224 -6592 0 ) (224 -6592 16 ) (208 -6592 16 ) 
4 98 287 0 (0 -6688 16 ) (0 -6592 16 ) (0 -6592 0 ) (0 -6688 0 ) 
4 98 102 0 (0 -6688 0 ) (0 -6592 0 ) (208 -6592 0 ) (208 -6688 0 ) 
4 98 101 0 (208 -6592 0 ) (224 -6592 0 ) (224 -6688 0 ) (208 -6688 0 ) 
4 99 100 0 (232 -6144 -96 ) (232 -6688 -96 ) (232 -6688 -16 ) (232 -6144 -16 ) 
4 100 103 0 (224 -6144 -96 ) (224 -6688 -96 ) (224 -6688 -16 ) (224 -6144 -16 ) 
4 101 102 0 (208 -6592 -4 ) (208 -6688 -4 ) (208 -6688 0 ) (208 -6592 0 ) 
4 101 103 0 (208 -6144 -4 ) (224 -6144 -4 ) (224 -6688 -4 ) (208 -6688 -4 ) 
4 102 288 0 (0 -6688 -4 ) (0 -6688 0 ) (0 -6592 0 ) (0 -6592 -4 ) 
4 102 103 0 (208 -6592 -4 ) (208 -6688 -4 ) (0 -6688 -4 ) (0 -6592 -4 ) 
4 103 289 0 (0 -6688 -96 ) (0 -6688 -4 ) (0 -6144 -4 ) (0 -6144 -96 ) 
4 104 290 0 (-1024 448 384 ) (-1024 448 528 ) (-1024 640 528 ) (-1024 640 384 ) 
4 104 107 0 (-384 448 384 ) (0 448 384 ) (0 448 528 ) (-384 448 528 ) 
4 104 105 0 (-416 480 384 ) (-416 640 384 ) (0 640 384 ) (0 480 384 ) 
4 104 106 0 (-416 448 384 ) (-1024 448 384 ) (-1024 640 384 ) (-416 640 384 ) 
4 105 112 0 (-416 640 0 ) (0 640 0 ) (0 480 0 ) (-416 480 0 ) 
4 105 106 0 (-416 480 384 ) (-416 640 384 ) (-416 640 0 ) (-416 480 0 ) 
4 106 290 0 (-1024 640 0 ) (-1024 448 0 ) (-1024 448 384 ) (-1024 640 384 ) 
4 106 113 0 (-1024 448 0 ) (-1024 640 0 ) (-416 640 0 ) (-416 448 0 ) 
4 107 130 0 (-155.943253 0 195.829773 ) (-384 0 195.829773 ) (-384 0 192 ) (-154.666656 0 192 ) 
4 107 126 0 (0 0 192 ) (0 0 195.829773 ) (-155.943253 0 195.829773 ) (-154.666656 0 192 ) 
4 107 122 0 (-208.451614 0 212 ) (-384 0 212 ) (-384 0 195.829773 ) (-208.451614 0 195.829773 ) 
4 107 119 0 (-180 0 212 ) (-208.451614 0 212 ) (-208.451614 0 203.914886 ) (-180 0 203.914886 ) 
4 107 118 0 (0 0 203.914886 ) (0 0 212 ) (-180 0 212 ) (-180 0 203.914886 ) 
4 107 121 0 (0 0 195.829773 ) (0 0 203.914886 ) (-208.451614 0 203.914886 ) (-208.451614 0 195.829773 ) 
4 107 117 0 (0 0 212 ) (0 0 528 ) (-384 0 528 ) (-384 0 212 ) 
4 107 110 0 (-288 0 192 ) (-384 0 192 ) (-384 176 192 ) (-288 176 192 ) 
4 107 109 0 (0 0 192 ) (-288 0 192 ) (-288 256 192 ) (0 256 192 ) 
4 107 108 0 (-384 256 192 ) (-384 448 192 ) (0 448 192 ) (0 256 192 ) 
4 108 111 0 (-224 448 20 ) (0 448 20 ) (0 256 20 ) (-224 256 20 ) 
4 108 109 0 (-288 256 20 ) (0 256 20 ) (0 256 192 ) (-288 256 192 ) 
4 109 133 0 (-286.666656 0 20 ) (-97.333321 0 20 ) (-112 0 64 ) (-272 0 64 ) 
4 109 132 0 (-288 0 64 ) (-288 0 20 ) (-286.666656 0 20 ) (-272 0 64 ) 
4 109 130 0 (-154.666656 0 192 ) (-288 0 192 ) (-288 0 64 ) (-112 0 64 ) 
4 109 129 0 (0 0 20 ) (0 0 122.196747 ) (-131.398911 0 122.196747 ) (-97.333321 0 20 ) 
4 109 126 0 (0 0 122.196747 ) (0 0 192 ) (-154.666656 0 192 ) (-131.398911 0 122.196747 ) 
4 109 111 0 (0 0 20 ) (-224 0 20 ) (-224 256 20 ) (0 256 20 ) 
4 109 110 0 (-288 176 20 ) (-288 0 20 ) (-288 0 192 ) (-288 176 192 ) 
4 110 132 0 (-384 0 64 ) (-384 0 20 ) (-288 0 20 ) (-288 0 64 ) 
4 110 130 0 (-288 0 192 ) (-384 0 192 ) (-384 0 64 ) (-288 0 64 ) 
4 111 142 0 (-97.333328 0 20 ) (-224 0 20 ) (-224 0 16 ) (-96 0 16 ) 
4 111 129 0 (0 0 16 ) (0 0 20 ) (-97.333328 0 20 ) (-96 0 16 ) 
4 112 113 0 (-416 640 0 ) (-416 640 -16 ) (-416 480 -16 ) (-416 480 0 ) 
4 112 114 0 (-416 480 -16 ) (-416 640 -16 ) (0 640 -16 ) (0 480 -16 ) 
4 113 291 0 (-1024 448 0 ) (-1024 640 0 ) (-1024 640 -16 ) (-1024 448 -16 ) 
4 113 114 0 (-416 448 -16 ) (-1024 448 -16 ) (-1024 640 -16 ) (-416 640 -16 ) 
4 114 292 0 (-1024 640 -16 ) (-1024 640 -32 ) (-1024 448 -32 ) (-1024 448 -16 ) 
4 114 116 0 (-1024 448 -32 ) (-1024 640 -32 ) (0 640 -32 ) (0 448 -32 ) 
4 114 115 0 (-384 448 -32 ) (0 448 -32 ) (0 448 -16 ) (-384 448 -16 ) 
4 115 144 0 (-384 0 -32 ) (0 0 -32 ) (0 0 -16 ) (-384 0 -16 ) 
4 115 116 0 (0 0 -32 ) (-384 0 -32 ) (-384 448 -32 ) (0 448 -32 ) 
4 116 293 0 (-1024 0 -96 ) (-1024 0 -32 ) (-1024 640 -32 ) (-1024 640 -96 ) 
4 116 145 0 (-1024 0 -32 ) (-1024 0 -96 ) (0 0 -96 ) (0 0 -32 ) 
4 117 190 0 (-357.833374 -1024 528 ) (-384 -1024 528 ) (-384 -1024 212 ) (-357.833374 -1024 212 ) 
4 117 147 0 (0 -1024 212 ) (0 -1024 428 ) (-357.833374 -1024 428 ) (-357.833374 -1024 212 ) 
4 117 146 0 (0 -1024 428 ) (0 -1024 528 ) (-357.833374 -1024 528 ) (-357.833374 -1024 428 ) 
4 117 124 0 (-384 -666.571472 212 ) (-384 -655.428589 212 ) (-271.677399 -655.428589 212 ) (-271.677429 -666.571472 212 ) 
4 117 125 0 (-208.451614 -1024 212 ) (-384 -1024 212 ) (-384 -666.571472 212 ) (-208.451614 -666.571472 212 ) 
4 117 122 0 (-384 -655.428589 212 ) (-384 0 212 ) (-208.451614 0 212 ) (-208.451614 -655.428589 212 ) 
4 117 120 0 (-180 -1024 212 ) (-208.451614 -1024 212 ) (-208.451614 -670.285706 212 ) (-180 -670.285706 212 ) 
4 117 119 0 (-208.451614 -648 212 ) (-208.451614 0 212 ) (-180 0 212 ) (-180 -648 212 ) 
4 117 118 0 (0 -1024 212 ) (-180 -1024 212 ) (-180 0 212 ) (0 0 212 ) 
4 118 148 0 (0 -1024 203.914886 ) (0 -1024 212 ) (-180 -1024 212 ) (-180 -1024 203.914886 ) 
4 118 120 0 (-180 -670.285706 203.914886 ) (-180 -1024 203.914886 ) (-180 -1024 212 ) (-180 -670.285706 212 ) 
4 118 119 0 (-180 0 203.914886 ) (-180 -648 203.914886 ) (-180 -648 212 ) (-180 0 212 ) 
4 118 121 0 (0 -1024 203.914886 ) (-180 -1024 203.914886 ) (-180 0 203.914886 ) (0 0 203.914886 ) 
4 119 122 0 (-208.451614 -648 212 ) (-208.451614 0 212 ) (-208.451614 0 203.914886 ) (-208.451614 -648 203.914886 ) 
4 119 121 0 (-208.451614 -648 203.914886 ) (-208.451614 0 203.914886 ) (-180 0 203.914886 ) (-180 -648 203.914886 ) 
4 120 148 0 (-180 -1024 212 ) (-208.451614 -1024 212 ) (-208.451614 -1024 203.914886 ) (-180 -1024 203.914886 ) 
4 120 125 0 (-208.451614 -1024 203.914886 ) (-208.451614 -1024 212 ) (-208.451614 -670.285706 212 ) (-208.451614 -670.285706 203.914886 ) 
4 120 121 0 (-180 -1024 203.914886 ) (-208.451614 -1024 203.914886 ) (-208.451614 -670.285706 203.914886 ) (-180 -670.285706 203.914886 ) 
4 121 148 0 (0 -1024 195.829773 ) (0 -1024 203.914886 ) (-208.451614 -1024 203.914886 ) (-208.451614 -1024 195.829773 ) 
4 121 135 0 (-208.451614 -674 195.829773 ) (-208.451614 -655.428589 195.829773 ) (-155.943253 -655.428589 195.829773 ) (-155.943253 -674 195.829773 ) 
4 121 134 0 (-208.451614 -655.428589 195.829773 ) (-208.451614 -648 195.829773 ) (-155.943253 -648 195.829773 ) (-155.943253 -655.428589 195.829773 ) 
4 121 130 0 (-208.451614 -648 195.829773 ) (-208.451614 0 195.829773 ) (-155.943253 0 195.829773 ) (-155.943253 -648 195.829773 ) 
4 121 141 0 (-155.943253 -1024 195.829773 ) (-208.451614 -1024 195.829773 ) (-208.451614 -674 195.829773 ) (-155.943253 -674 195.829773 ) 
4 121 126 0 (0 -1024 195.829773 ) (-155.943253 -1024 195.829773 ) (-155.943253 0 195.829773 ) (0 0 195.829773 ) 
4 121 123 0 (-208.451614 -655.428589 195.829773 ) (-208.451614 -666.571472 195.829773 ) (-208.451614 -666.571472 203.914886 ) (-208.451614 -655.428589 203.914886 ) 
4 121 125 0 (-208.451614 -666.571472 195.829773 ) (-208.451614 -1024 195.829773 ) (-208.451614 -1024 203.914886 ) (-208.451614 -666.571472 203.914886 ) 
4 121 122 0 (-208.451614 0 195.829773 ) (-208.451614 -655.428589 195.829773 ) (-208.451614 -655.428589 203.914886 ) (-208.451614 0 203.914886 ) 
4 122 134 0 (-274.838715 -648 195.829773 ) (-208.451614 -648 195.829773 ) (-208.451614 -655.428589 195.829773 ) (-274.838715 -655.428589 195.829773 ) 
4 122 137 0 (-278 -648 195.829773 ) (-274.838715 -648 195.829773 ) (-274.838715 -655.428589 195.829773 ) (-278 -655.428589 195.829773 ) 
4 122 140 0 (-384 -655.428589 195.829773 ) (-384 -648 195.829773 ) (-278 -648 195.829773 ) (-278 -655.428589 195.829773 ) 
4 122 130 0 (-384 -648 195.829773 ) (-384 0 195.829773 ) (-208.451614 0 195.829773 ) (-208.451614 -648 195.829773 ) 
4 122 124 0 (-384 -655.428589 195.829773 ) (-274.838654 -655.428589 195.829773 ) (-271.677429 -655.428589 212 ) (-384 -655.428589 212 ) 
3 122 123 0 (-274.838654 -655.428589 195.829773 ) (-208.451614 -655.428589 195.829773 ) (-208.451614 -655.428589 203.914871 ) 
4 123 135 0 (-262.193542 -655.428589 195.829773 ) (-208.451614 -655.428589 195.829773 ) (-208.451614 -666.571472 195.829773 ) (-262.193542 -666.571472 195.829773 ) 
3 123 125 0 (-274.838654 -666.571472 195.829773 ) (-208.451614 -666.571472 195.829773 ) (-208.451614 -666.571472 203.914871 ) 
4 124 137 0 (-278 -655.428589 195.829773 ) (-274.838654 -655.428589 195.829773 ) (-274.838654 -666.571472 195.829773 ) (-278 -666.571472 195.829773 ) 
4 124 140 0 (-384 -666.571472 195.829773 ) (-384 -655.428589 195.829773 ) (-278 -655.428589 195.829773 ) (-278 -666.571472 195.829773 ) 
4 124 125 0 (-384 -666.571472 195.829773 ) (-274.838654 -666.571472 195.829773 ) (-271.677429 -666.571472 212 ) (-384 -666.571472 212 ) 
4 125 190 0 (-357.833374 -1024 212 ) (-384 -1024 212 ) (-384 -1024 195.829773 ) (-357.833344 -1024 195.829773 ) 
4 125 148 0 (-208.451614 -1024 212 ) (-357.833374 -1024 212 ) (-357.833344 -1024 195.829773 ) (-208.451614 -1024 195.829773 ) 
4 125 136 0 (-274.838715 -666.571472 195.829773 ) (-262.193542 -666.571472 195.829773 ) (-262.193542 -674 195.829773 ) (-274.838715 -674 195.829773 ) 
4 125 135 0 (-262.193542 -666.571472 195.829773 ) (-208.451614 -666.571472 195.829773 ) (-208.451614 -674 195.829773 ) (-262.193542 -674 195.829773 ) 
4 125 137 0 (-278 -666.571472 195.829773 ) (-274.838715 -666.571472 195.829773 ) (-274.838715 -674 195.829773 ) (-278 -674 195.829773 ) 
4 125 140 0 (-384 -674 195.829773 ) (-384 -666.571472 195.829773 ) (-278 -666.571472 195.829773 ) (-278 -674 195.829773 ) 
4 125 141 0 (-208.451614 -1024 195.829773 ) (-384 -1024 195.829773 ) (-384 -674 195.829773 ) (-208.451614 -674 195.829773 ) 
4 126 148 0 (0 -1024 122.196747 ) (0 -1024 195.829773 ) (-155.943253 -1024 195.829773 ) (-131.398911 -1024 122.196747 ) 
4 126 135 0 (-155.944748 -674 195.829773 ) (-155.944748 -655.428589 195.829773 ) (-131.400467 -655.428589 122.196747 ) (-131.400467 -674 122.196747 ) 
4 126 134 0 (-155.944748 -655.428589 195.829773 ) (-155.944748 -648 195.829773 ) (-131.400467 -648 122.196747 ) (-131.400467 -655.428589 122.196747 ) 
4 126 130 0 (-155.944748 -648 195.829773 ) (-155.944748 0 195.829773 ) (-131.400467 0 122.196747 ) (-131.400467 -648 122.196747 ) 
4 126 141 0 (-131.400467 -1024 122.196747 ) (-155.944748 -1024 195.829773 ) (-155.944748 -674 195.829773 ) (-131.400467 -674 122.196747 ) 
5 126 129 0 (-69.464371 -906.407227 122.196747 ) (-131.402359 -675.251465 122.196747 ) (-131.402344 0 122.196747 ) (0 0 122.196747 ) (0 -887.794250 122.196747 ) 
4 126 128 0 (0 -1024 122.196747 ) (-37.955479 -1024 122.196747 ) (-41.978626 -1008.985413 122.196747 ) (0 -997.737244 122.196747 ) 
3 126 127 0 (-37.955479 -1024 122.196747 ) (-131.402374 -1024 122.196747 ) (-131.402359 -675.251465 122.196747 ) 
4 127 168 0 (-97.333336 -1024 20 ) (-96 -1024 16 ) (-37.955467 -1024 16 ) (-37.955467 -1024 20 ) 
4 127 148 0 (-37.955475 -1024 122.196747 ) (-131.398911 -1024 122.196747 ) (-97.333336 -1024 20 ) (-37.955467 -1024 20 ) 
4 127 143 0 (-96.001625 -807.368835 16 ) (-96.001625 -1024 16 ) (-97.334953 -1024 20 ) (-97.334953 -802.392761 20 ) 
4 127 141 0 (-97.334953 -1024 20 ) (-131.400467 -1024 122.196747 ) (-131.400467 -675.258545 122.196747 ) (-97.334953 -802.392761 20 ) 
4 127 129 0 (-69.466621 -906.407776 16 ) (-96 -807.379150 16 ) (-131.399185 -675.269592 122.196747 ) (-69.465942 -906.407593 122.196747 ) 
4 127 128 0 (-37.958427 -1024 16 ) (-41.981319 -1008.986084 16 ) (-41.980190 -1008.985840 122.196747 ) (-37.957153 -1024 122.196747 ) 
4 128 168 0 (0 -1024 16 ) (0 -1024 20 ) (-37.955467 -1024 20 ) (-37.955467 -1024 16 ) 
4 128 148 0 (0 -1024 20 ) (0 -1024 122.196747 ) (-37.955475 -1024 122.196747 ) (-37.955467 -1024 20 ) 
4 129 143 0 (-96.001625 -368 16 ) (-96.001625 -807.368835 16 ) (-97.334953 -802.392761 20 ) (-97.334953 -366.666626 20 ) 
4 129 142 0 (-96.001625 0 16 ) (-96.001625 -144 16 ) (-97.334953 -145.333328 20 ) (-97.334953 0 20 ) 
4 129 138 0 (-100.696648 -648 30.085108 ) (-97.334953 -648 20 ) (-97.334953 -674 20 ) (-100.696648 -674 30.085108 ) 
4 129 135 0 (-131.400467 -674 122.196747 ) (-131.400467 -655.428589 122.196747 ) (-100.696648 -655.428589 30.085108 ) (-100.696648 -674 30.085108 ) 
4 129 134 0 (-131.400467 -655.428589 122.196747 ) (-131.400467 -648 122.196747 ) (-100.696648 -648 30.085108 ) (-100.696648 -655.428589 30.085108 ) 
4 129 133 0 (-112.001587 0 64 ) (-97.334953 0 20 ) (-97.334953 -145.333328 20 ) (-112.001587 -160 64 ) 
4 129 131 0 (-97.334953 -366.666626 20 ) (-97.334953 -648 20 ) (-112.001587 -648 64 ) (-112.001587 -352 64 ) 
4 129 130 0 (-131.400467 -648 122.196747 ) (-131.400467 0 122.196747 ) (-112.001587 0 64 ) (-112.001587 -648 64 ) 
4 129 141 0 (-97.334953 -802.392761 20 ) (-131.400467 -675.258545 122.196747 ) (-131.400467 -674 122.196747 ) (-97.334953 -674 20 ) 
4 130 134 0 (-112.002602 -648 64 ) (-155.945847 -648 195.829773 ) (-274.838715 -648 195.829773 ) (-274.838715 -648 64 ) 
4 130 137 0 (-274.838715 -648 195.829773 ) (-278 -648 195.829773 ) (-278 -648 64 ) (-274.838715 -648 64 ) 
4 130 140 0 (-278 -648 195.829773 ) (-384 -648 195.829773 ) (-384 -648 64 ) (-278 -648 64 ) 
4 130 133 0 (-272 0 64 ) (-112 0 64 ) (-112 -160 64 ) (-272 -160 64 ) 
4 130 132 0 (-384 -352 64 ) (-384 0 64 ) (-272 0 64 ) (-272 -352 64 ) 
4 130 131 0 (-112 -648 64 ) (-384 -648 64 ) (-384 -352 64 ) (-112 -352 64 ) 
4 131 143 0 (-224 -366.666656 20 ) (-97.339859 -366.666626 20 ) (-97.339867 -648 20 ) (-224 -648 20 ) 
4 131 139 0 (-278 -648 20 ) (-243.225815 -648 20 ) (-243.225815 -648 22 ) (-278 -648 22 ) 
4 131 138 0 (-243.225815 -648 20 ) (-97.335938 -648 20 ) (-100.697639 -648 30.085108 ) (-243.225815 -648 30.085108 ) 
4 131 134 0 (-100.697639 -648 30.085108 ) (-112.002602 -648 64 ) (-274.838715 -648 64 ) (-274.838715 -648 30.085108 ) 
4 131 137 0 (-274.838715 -648 64 ) (-278 -648 64 ) (-278 -648 30.085108 ) (-274.838715 -648 30.085108 ) 
4 131 140 0 (-384 -648 20 ) (-278 -648 20 ) (-278 -648 64 ) (-384 -648 64 ) 
4 131 132 0 (-286.666656 -366.665802 20 ) (-384 -366.665802 20 ) (-384 -352 64 ) (-272 -352 64 ) 
4 132 133 0 (-286.666229 -145.333328 20 ) (-286.666229 0 20 ) (-272 0 64 ) (-272 -160 64 ) 
4 133 142 0 (-224 0 20 ) (-97.339844 0 20 ) (-97.339851 -145.333328 20 ) (-224 -145.333328 20 ) 
4 134 138 0 (-243.225815 -648 30.085108 ) (-100.695038 -648 30.085108 ) (-100.695045 -655.428589 30.085108 ) (-243.225815 -655.428589 30.085108 ) 
4 134 135 0 (-262.193542 -655.428589 30.085108 ) (-100.695068 -655.428589 30.085108 ) (-155.943634 -655.428589 195.829773 ) (-262.193542 -655.428589 195.829773 ) 
4 134 137 0 (-274.838715 -648 195.829773 ) (-274.838715 -648 30.085108 ) (-274.838715 -655.428589 30.085108 ) (-274.838715 -655.428589 195.829773 ) 
4 135 138 0 (-100.695053 -674 30.085108 ) (-243.225815 -674 30.085108 ) (-243.225815 -655.428589 30.085108 ) (-100.695045 -655.428589 30.085108 ) 
4 135 136 0 (-262.193542 -666.571472 30.085108 ) (-262.193542 -674 30.085108 ) (-262.193542 -674 195.829773 ) (-262.193542 -666.571472 195.829773 ) 
4 135 141 0 (-100.697639 -674 30.085108 ) (-155.945847 -674 195.829773 ) (-262.193542 -674 195.829773 ) (-262.193542 -674 30.085108 ) 
4 136 137 0 (-274.838715 -666.571472 30.085108 ) (-274.838715 -674 30.085108 ) (-274.838715 -674 195.829773 ) (-274.838715 -666.571472 195.829773 ) 
4 136 141 0 (-262.193542 -674 195.829773 ) (-274.838715 -674 195.829773 ) (-274.838715 -674 30.085108 ) (-262.193542 -674 30.085108 ) 
4 137 141 0 (-274.838715 -674 195.829773 ) (-278 -674 195.829773 ) (-278 -674 30.085108 ) (-274.838715 -674 30.085108 ) 
4 137 140 0 (-278 -648 195.829773 ) (-278 -648 30.085108 ) (-278 -674 30.085108 ) (-278 -674 195.829773 ) 
4 138 143 0 (-224 -648 20 ) (-97.339867 -648 20 ) (-97.339867 -674 20 ) (-224 -674 20 ) 
4 138 139 0 (-243.225815 -674 20 ) (-243.225815 -674 22 ) (-243.225815 -648 22 ) (-243.225815 -648 20 ) 
4 138 141 0 (-243.225815 -674 20 ) (-97.335938 -674 20 ) (-100.697639 -674 30.085108 ) (-243.225815 -674 30.085108 ) 
4 139 140 0 (-278 -648 22 ) (-278 -648 20 ) (-278 -674 20 ) (-278 -674 22 ) 
4 139 141 0 (-278 -674 20 ) (-243.225815 -674 20 ) (-243.225815 -674 22 ) (-278 -674 22 ) 
4 140 141 0 (-384 -674 20 ) (-278 -674 20 ) (-278 -674 195.829773 ) (-384 -674 195.829773 ) 
4 141 190 0 (-357.833344 -1024 195.829773 ) (-384 -1024 195.829773 ) (-384 -1024 20 ) (-357.833374 -1024 20 ) 
4 141 148 0 (-155.943253 -1024 195.829773 ) (-357.833344 -1024 195.829773 ) (-357.833374 -1024 20 ) (-97.333336 -1024 20 ) 
4 141 143 0 (-224 -674 20 ) (-97.339867 -674 20 ) (-97.339874 -1024 20 ) (-224 -1024 20 ) 
4 143 168 0 (-224 -1024 16 ) (-96 -1024 16 ) (-97.333336 -1024 20 ) (-224 -1024 20 ) 
4 144 191 0 (-384 -1024 -32 ) (0 -1024 -32 ) (0 -1024 -16 ) (-384 -1024 -16 ) 
4 144 145 0 (0 -1024 -32 ) (-384 -1024 -32 ) (-384 0 -32 ) (0 0 -32 ) 
4 145 294 0 (-1024 -1024 -96 ) (-1024 -1024 -32 ) (-1024 0 -32 ) (-1024 0 -96 ) 
4 145 197 0 (-1024 -1024 -32 ) (-1024 -1024 -96 ) (0 -1024 -96 ) (0 -1024 -32 ) 
4 146 295 0 (-1024 -2048 428 ) (-1024 -2048 528 ) (-1024 -1838.675171 528 ) (-1024 -1838.675171 428 ) 
4 146 205 0 (-1024 -2048 528 ) (-1024 -2048 428 ) (-672 -2048 428 ) (-672 -2048 528 ) 
4 146 198 0 (-672 -2048 428 ) (0 -2048 428 ) (0 -2048 528 ) (-672 -2048 528 ) 
4 146 190 0 (-384 -1056.004639 528 ) (-357.829590 -1024 528 ) (-357.830536 -1024 428 ) (-384 -1056.003418 428 ) 
3 146 188 0 (-346.666718 -1648 428 ) (-288 -1572.571289 428 ) (-288 -1680 428 ) 
7 146 179 0 (0 -2048 428 ) (-150.430634 -2048 428 ) (-288 -1953.122437 428 ) (-288 -1771.887573 428 ) (-193.798538 -1552 428 ) (-192 -1552 428 ) (0 -1744 428 ) 
3 146 178 0 (-150.430634 -2048 428 ) (-288 -2048 428 ) (-288 -1953.122437 428 ) 
4 146 177 0 (-288 -1771.887573 428 ) (-288 -1572.571289 428 ) (-272 -1552 428 ) (-193.798538 -1552 428 ) 
3 146 176 0 (-192 -1552 428 ) (0 -1552 428 ) (0 -1744 428 ) 
3 146 175 0 (-272 -1552 428 ) (0 -1202.285645 428 ) (0 -1552 428 ) 
6 146 147 0 (-657.777832 -2048 428 ) (-1024 -2048 428 ) (-1024 -1838.663574 428 ) (-357.841125 -1024 428 ) (0 -1024 428 ) (0 -1202.285645 428 ) 
4 147 295 0 (-1024 -2048 212 ) (-1024 -2048 428 ) (-1024 -1838.675171 428 ) (-1024 -1838.675049 212 ) 
4 147 205 0 (-1024 -2048 428 ) (-1024 -2048 212 ) (-672 -2048 212 ) (-672 -2048 428 ) 
4 147 199 0 (-672 -2048 212 ) (-657.777832 -2048 212 ) (-657.777832 -2048 428 ) (-672 -2048 428 ) 
4 147 190 0 (-384 -1056.003418 428 ) (-357.830536 -1024 428 ) (-357.832550 -1024 212 ) (-384 -1056 212 ) 
4 147 188 0 (-288 -1572.577271 428 ) (-346.663391 -1648.001587 428 ) (-346.663269 -1648.001709 212 ) (-288 -1572.577271 212 ) 
4 147 177 0 (-271.995453 -1552 428 ) (-288 -1572.577271 428 ) (-288 -1572.577271 212 ) (-271.995514 -1552 212 ) 
4 147 175 0 (0 -1202.290405 212 ) (0 -1202.291504 428 ) (-271.995453 -1552 428 ) (-271.995514 -1552 212 ) 
4 147 154 0 (-629.587158 -1621.046143 212 ) (-955.436218 -2048 212 ) (-991.227234 -2048 212 ) (-652.204346 -1603.784790 212 ) 
4 147 153 0 (-616.066650 -1603.330444 212 ) (-425.214386 -1748.987793 212 ) (-657.779419 -2048 212 ) (-955.436218 -2048 212 ) 
4 147 152 0 (-688.944397 -1547.710449 212 ) (-638.683838 -1586.069092 212 ) (-643.190613 -1591.974243 212 ) (-693.451294 -1553.615723 212 ) 
4 147 150 0 (-760.511658 -1516.452759 212 ) (-748.749023 -1502.067871 212 ) (-688.944397 -1547.710449 212 ) (-700.211487 -1562.473511 212 ) 
5 147 149 0 (-1024 -1838.681396 212 ) (-760.511658 -1516.452759 212 ) (-649.950867 -1600.832153 212 ) (-991.227234 -2048 212 ) (-1024 -2048 212 ) 
5 147 148 0 (-748.749023 -1502.067871 212 ) (-357.829803 -1024 212 ) (0 -1024 212 ) (0 -1202.283569 212 ) (-425.214386 -1748.987793 212 ) 
4 148 190 0 (-384 -1056 212 ) (-357.832550 -1024 212 ) (-357.834351 -1024 20 ) (-384 -1055.998779 20 ) 
4 148 188 0 (-288 -1572.577271 212 ) (-346.663269 -1648.001709 212 ) (-346.663147 -1648.001831 20 ) (-288 -1572.577271 20 ) 
4 148 177 0 (-271.995514 -1552 212 ) (-288 -1572.577271 212 ) (-288 -1572.577271 20 ) (-271.995544 -1552 20 ) 
4 148 175 0 (0 -1202.289429 20 ) (0 -1202.290405 212 ) (-271.995514 -1552 212 ) (-271.995544 -1552 20 ) 
3 148 174 0 (-748.749023 -1502.067871 20 ) (-386.801697 -1059.430664 20 ) (-748.465515 -1502.284302 20 ) 
4 148 173 0 (-526.030945 -1672.045166 20 ) (-655.212280 -1573.454590 20 ) (-637.333435 -1552 20 ) (-432.320953 -1552 20 ) 
4 148 170 0 (-346.843475 -1648.225220 20 ) (-425.214386 -1748.987793 20 ) (-425.765686 -1748.567017 20 ) (-347.260712 -1648 20 ) 
4 148 169 0 (-224 -1056 20 ) (-224 -1490.283569 20 ) (-272.001678 -1552 20 ) (-637.333435 -1552 20 ) 
4 148 168 0 (-224 -1024 20 ) (0 -1024 20 ) (0 -1202.283569 20 ) (-224 -1490.283569 20 ) 
4 148 167 0 (-693.971313 -1543.875732 20 ) (-666.328064 -1564.973022 20 ) (-666.328064 -1564.973022 22 ) (-693.971313 -1543.875732 22 ) 
4 148 164 0 (-666.328064 -1564.973022 30.085108 ) (-666.328247 -1564.973267 195.829773 ) (-691.458496 -1545.793945 195.829773 ) (-691.458252 -1545.793701 30.085108 ) 
4 148 162 0 (-691.458496 -1545.793945 195.829773 ) (-693.971558 -1543.875977 195.829773 ) (-693.971313 -1543.875732 30.085108 ) (-691.458252 -1545.793701 30.085108 ) 
4 148 161 0 (-666.328064 -1564.973022 20 ) (-622.957397 -1598.073364 20 ) (-622.957336 -1598.073608 138.196747 ) (-666.328186 -1564.973145 138.196747 ) 
4 148 158 0 (-622.957336 -1598.073608 138.196747 ) (-622.957336 -1598.073730 195.829773 ) (-666.328247 -1564.973267 195.829773 ) (-666.328186 -1564.973145 138.196747 ) 
4 148 157 0 (-622.957397 -1598.073364 20 ) (-425.214050 -1748.990356 20 ) (-425.219757 -1748.985962 195.829773 ) (-622.957336 -1598.073730 195.829773 ) 
4 148 156 0 (-748.749207 -1502.069458 20 ) (-693.971313 -1543.875732 20 ) (-693.971558 -1543.875977 195.829773 ) (-748.752502 -1502.067505 195.829773 ) 
4 148 153 0 (-425.220032 -1748.985840 203.914886 ) (-425.220276 -1748.985596 212 ) (-616.067627 -1603.331787 212 ) (-616.067688 -1603.331787 203.914886 ) 
4 148 155 0 (-425.219757 -1748.985962 195.829773 ) (-425.220032 -1748.985840 203.914886 ) (-638.684937 -1586.070435 203.914886 ) (-638.684937 -1586.070435 195.829773 ) 
4 148 152 0 (-638.684937 -1586.070435 212 ) (-688.945435 -1547.711914 212 ) (-691.458496 -1545.793945 195.829773 ) (-638.684937 -1586.070435 203.914871 ) 
3 148 151 0 (-691.458496 -1545.793945 195.829773 ) (-638.684937 -1586.070435 195.829773 ) (-638.684937 -1586.070435 203.914871 ) 
4 148 150 0 (-688.945435 -1547.711914 212 ) (-748.752808 -1502.067261 212 ) (-748.752502 -1502.067505 195.829773 ) (-691.458496 -1545.793945 195.829773 ) 
4 149 295 0 (-1024 -2048 195.829773 ) (-1024 -2048 212 ) (-1024 -1838.675049 212 ) (-1024 -1838.675049 195.829773 ) 
4 149 210 0 (-991.227234 -2048 203.914886 ) (-991.227234 -2048 212 ) (-998.572571 -2048 212 ) (-998.572571 -2048 203.914886 ) 
4 149 212 0 (-998.572571 -2048 195.829773 ) (-991.227234 -2048 195.829773 ) (-991.227234 -2048 203.914886 ) (-998.572571 -2048 203.914886 ) 
4 149 208 0 (-1024 -2048 212 ) (-1024 -2048 195.829773 ) (-998.572571 -2048 195.829773 ) (-998.572571 -2048 212 ) 
4 149 163 0 (-702.724487 -1560.555542 195.829773 ) (-677.594238 -1579.734863 195.829773 ) (-1024 -2033.623779 195.829773 ) (-1024 -1981.516846 195.829773 ) 
4 149 162 0 (-705.237488 -1558.637695 195.829773 ) (-702.724487 -1560.555542 195.829773 ) (-1024 -1981.516846 195.829773 ) (-1024 -1976.306152 195.829773 ) 
5 149 158 0 (-677.594238 -1579.734863 195.829773 ) (-649.950989 -1600.832153 195.829773 ) (-991.227234 -2048 195.829773 ) (-1024 -2048 195.829773 ) (-1024 -2033.623779 195.829773 ) 
4 149 156 0 (-1024 -1838.682739 195.829773 ) (-760.510437 -1516.453613 195.829773 ) (-705.237488 -1558.637695 195.829773 ) (-1024 -1976.306152 195.829773 ) 
4 149 154 0 (-652.202759 -1603.786133 212 ) (-991.224548 -2048 212 ) (-991.224487 -2048 203.914886 ) (-652.202759 -1603.786133 203.914886 ) 
4 149 155 0 (-991.224426 -2048 195.829773 ) (-649.949219 -1600.833374 195.829773 ) (-649.949219 -1600.833374 203.914886 ) (-991.224487 -2048 203.914886 ) 
3 149 151 0 (-649.948242 -1600.830078 203.914993 ) (-649.948242 -1600.830078 195.829773 ) (-702.722534 -1560.552979 195.829773 ) 
4 149 150 0 (-702.722534 -1560.552979 195.829773 ) (-760.512268 -1516.448120 195.829773 ) (-760.500671 -1516.452881 212 ) (-700.208557 -1562.469727 212 ) 
4 150 162 0 (-693.973999 -1543.879395 195.829773 ) (-691.460999 -1545.797241 195.829773 ) (-702.724548 -1560.555542 195.829773 ) (-705.237488 -1558.637695 195.829773 ) 
4 150 156 0 (-760.510437 -1516.453613 195.829773 ) (-748.751648 -1502.073486 195.829773 ) (-693.973999 -1543.879395 195.829773 ) (-705.237488 -1558.637695 195.829773 ) 
4 150 152 0 (-695.968628 -1551.694458 195.829773 ) (-691.461792 -1545.789185 195.829773 ) (-688.949158 -1547.707275 212 ) (-693.455688 -1553.612183 212 ) 
4 151 165 0 (-670.834045 -1570.877075 195.829773 ) (-677.594238 -1579.734863 195.829773 ) (-692.672363 -1568.227295 195.829773 ) (-685.912231 -1559.369507 195.829773 ) 
4 151 164 0 (-691.460999 -1545.797241 195.829773 ) (-666.330688 -1564.976440 195.829773 ) (-670.834045 -1570.877075 195.829773 ) (-695.964355 -1551.697876 195.829773 ) 
4 151 158 0 (-666.330688 -1564.976440 195.829773 ) (-638.687317 -1586.073608 195.829773 ) (-649.950989 -1600.832153 195.829773 ) (-677.594238 -1579.734863 195.829773 ) 
4 151 155 0 (-649.949219 -1600.833374 195.829773 ) (-638.682007 -1586.070190 195.829773 ) (-638.682007 -1586.070190 203.915146 ) (-649.949219 -1600.833374 203.915146 ) 
4 151 152 0 (-691.466858 -1545.793457 195.829132 ) (-695.969055 -1551.693970 195.829132 ) (-643.190735 -1591.974243 203.914810 ) (-638.683838 -1586.068970 203.914810 ) 
4 153 210 0 (-672 -2048 212 ) (-955.436218 -2048 212 ) (-955.436218 -2048 203.914886 ) (-672 -2048 203.914886 ) 
4 153 199 0 (-657.777832 -2048 203.914886 ) (-657.777832 -2048 212 ) (-672 -2048 212 ) (-672 -2048 203.914886 ) 
4 153 154 0 (-629.583435 -1621.048950 203.914886 ) (-955.430298 -2048 203.914886 ) (-955.430237 -2048 212 ) (-629.583435 -1621.048950 212 ) 
4 153 155 0 (-616.064392 -1603.327515 203.914886 ) (-425.211182 -1748.985840 203.914886 ) (-657.777771 -2048 203.914886 ) (-955.436218 -2048 203.914886 ) 
4 154 210 0 (-955.436218 -2048 212 ) (-991.227234 -2048 212 ) (-991.227234 -2048 203.914886 ) (-955.436218 -2048 203.914886 ) 
4 154 155 0 (-991.218567 -2048 203.914886 ) (-652.198975 -1603.788940 203.914886 ) (-629.587158 -1621.046143 203.914886 ) (-955.436218 -2048 203.914886 ) 
4 155 212 0 (-991.227234 -2048 195.829773 ) (-672 -2048 195.829773 ) (-672 -2048 203.914886 ) (-991.227234 -2048 203.914886 ) 
4 155 199 0 (-672 -2048 195.829773 ) (-657.777832 -2048 195.829773 ) (-657.777832 -2048 203.914886 ) (-672 -2048 203.914886 ) 
5 155 158 0 (-638.687317 -1586.073608 195.829773 ) (-622.955627 -1598.079834 195.829773 ) (-542.213745 -1899.412964 195.829773 ) (-657.781433 -2048 195.829773 ) (-991.227234 -2048 195.829773 ) 
3 155 157 0 (-622.955627 -1598.079834 195.829773 ) (-425.218750 -1748.990845 195.829773 ) (-542.213745 -1899.412964 195.829773 ) 
4 156 295 0 (-1024 -1976.306152 195.829773 ) (-1024 -1838.675049 195.829773 ) (-1024 -1838.675049 20 ) (-1024 -1976.306152 20 ) 
4 156 174 0 (-1024 -1838.681396 20 ) (-748.749023 -1502.067871 20 ) (-748.465515 -1502.284302 20 ) (-1024 -1839.673462 20 ) 
4 156 166 0 (-709.744629 -1564.542725 30.085108 ) (-1024 -1976.306274 30.085108 ) (-1024 -1976.306274 22 ) (-709.744629 -1564.542725 22 ) 
4 156 167 0 (-1024 -1976.306274 20 ) (-693.971069 -1543.874878 20 ) (-693.971069 -1543.874878 22 ) (-1024 -1976.306274 22 ) 
4 156 162 0 (-693.971069 -1543.874878 30.085108 ) (-693.971069 -1543.874878 195.829773 ) (-1024 -1976.305420 195.829773 ) (-1024 -1976.306274 30.085108 ) 
3 157 173 0 (-622.958069 -1598.070801 20 ) (-526.030945 -1672.045166 20 ) (-583.433350 -1745.579224 20 ) 
4 157 170 0 (-425.765686 -1748.567017 20 ) (-425.214386 -1748.987793 20 ) (-542.213196 -1899.414917 20 ) (-542.547424 -1898.167603 20 ) 
4 157 161 0 (-622.960571 -1598.060181 138.196747 ) (-622.960571 -1598.060181 20 ) (-575.827637 -1773.962646 20 ) (-575.828003 -1773.962769 138.196747 ) 
4 157 160 0 (-556.629089 -1845.612671 20 ) (-542.212524 -1899.416016 20 ) (-542.214050 -1899.412842 138.196747 ) (-556.629639 -1845.612793 138.196747 ) 
4 157 158 0 (-542.214783 -1899.411377 195.829773 ) (-622.960571 -1598.060181 195.829773 ) (-622.960571 -1598.060181 138.196747 ) (-542.214050 -1899.412842 138.196747 ) 
4 158 295 0 (-1024 -2048 138.196747 ) (-1024 -2048 195.829773 ) (-1024 -2033.623779 195.829773 ) (-1024 -2033.623779 138.196747 ) 
4 158 212 0 (-998.572571 -2048 138.196747 ) (-672 -2048 138.196747 ) (-672 -2048 195.829773 ) (-998.572571 -2048 195.829773 ) 
4 158 208 0 (-1024 -2048 195.829773 ) (-1024 -2048 138.196747 ) (-998.572571 -2048 138.196747 ) (-998.572571 -2048 195.829773 ) 
4 158 199 0 (-672 -2048 138.196747 ) (-657.777832 -2048 138.196747 ) (-657.777832 -2048 195.829773 ) (-672 -2048 195.829773 ) 
4 158 165 0 (-677.596313 -1579.733276 195.829773 ) (-670.836121 -1570.875488 195.829773 ) (-670.836121 -1570.875366 138.196747 ) (-677.596375 -1579.733276 138.196747 ) 
4 158 164 0 (-670.836121 -1570.875488 195.829773 ) (-666.330872 -1564.972290 195.829773 ) (-666.330872 -1564.972290 138.196747 ) (-670.836121 -1570.875366 138.196747 ) 
4 158 163 0 (-1024 -2033.621094 195.829773 ) (-677.596313 -1579.733276 195.829773 ) (-677.596375 -1579.733276 138.196747 ) (-1024 -2033.620483 138.196747 ) 
5 158 161 0 (-840.569092 -1793.275879 138.196747 ) (-666.328430 -1564.971558 138.196747 ) (-622.956482 -1598.072021 138.196747 ) (-575.826782 -1773.962524 138.196747 ) (-827.663086 -1841.441772 138.196747 ) 
5 158 160 0 (-556.628235 -1845.612427 138.196747 ) (-542.211853 -1899.415161 138.196747 ) (-657.777832 -2048 138.196747 ) (-772.315918 -2048 138.196747 ) (-808.464539 -1913.091675 138.196747 ) 
4 158 159 0 (-1024 -2033.621826 138.196747 ) (-840.569092 -1793.275879 138.196747 ) (-772.315918 -2048 138.196747 ) (-1024 -2048 138.196747 ) 
4 159 295 0 (-1024 -2048 20 ) (-1024 -2048 138.196747 ) (-1024 -2033.623779 138.196747 ) (-1024 -2033.623779 20 ) 
4 159 214 0 (-973.449951 -2048 20 ) (-772.315857 -2048 20 ) (-772.315918 -2048 106.196747 ) (-973.449951 -2048 106.196747 ) 
4 159 217 0 (-1024 -2048 106.196747 ) (-1024 -2048 20 ) (-973.449951 -2048 20 ) (-973.449951 -2048 106.196747 ) 
4 159 213 0 (-1024 -2048 110.196747 ) (-1024 -2048 106.196747 ) (-772.315918 -2048 106.196747 ) (-772.315918 -2048 110.196747 ) 
4 159 212 0 (-998.572571 -2048 110.196747 ) (-772.315918 -2048 110.196747 ) (-772.315918 -2048 138.196747 ) (-998.572571 -2048 138.196747 ) 
4 159 208 0 (-1024 -2048 138.196747 ) (-1024 -2048 110.196747 ) (-998.572571 -2048 110.196747 ) (-998.572571 -2048 138.196747 ) 
6 159 171 0 (-819.510132 -2048 20 ) (-1024 -2048 20 ) (-1024 -2033.623779 20 ) (-864.192139 -1824.230591 20 ) (-840.040466 -1795.248535 20 ) (-784.375793 -2002.991943 20 ) 
4 159 166 0 (-1024 -2033.619385 22 ) (-1024 -2033.619507 30.085108 ) (-840.569580 -1793.273926 30.085108 ) (-840.569580 -1793.273926 22 ) 
4 159 167 0 (-840.569580 -1793.273926 20 ) (-1024 -2033.619385 20 ) (-1024 -2033.619385 22 ) (-840.569580 -1793.273926 22 ) 
4 159 163 0 (-1024 -2033.619507 30.085108 ) (-1024 -2033.620483 138.196747 ) (-840.569458 -1793.274292 138.196747 ) (-840.569580 -1793.273926 30.085108 ) 
4 159 161 0 (-827.663513 -1841.441895 20 ) (-840.572266 -1793.265869 20 ) (-840.572266 -1793.265869 138.196747 ) (-827.663513 -1841.441895 138.196747 ) 
4 159 160 0 (-772.316406 -2048 20 ) (-808.464966 -1913.091919 20 ) (-808.464966 -1913.091919 138.196747 ) (-772.316467 -2048 138.196747 ) 
4 160 214 0 (-772.315857 -2048 20 ) (-672 -2048 20 ) (-672 -2048 106.196747 ) (-772.315918 -2048 106.196747 ) 
4 160 213 0 (-672 -2048 106.196747 ) (-672 -2048 110.196747 ) (-772.315918 -2048 110.196747 ) (-772.315918 -2048 106.196747 ) 
4 160 212 0 (-672 -2048 110.196747 ) (-672 -2048 138.196747 ) (-772.315918 -2048 138.196747 ) (-772.315918 -2048 110.196747 ) 
4 160 199 0 (-672 -2048 20 ) (-657.777832 -2048 20 ) (-657.777832 -2048 138.196747 ) (-672 -2048 138.196747 ) 
3 160 172 0 (-784.375793 -2002.991943 20 ) (-808.464478 -1913.091675 20 ) (-689.264832 -1881.152344 20 ) 
4 160 170 0 (-542.547424 -1898.167603 20 ) (-542.213196 -1899.414917 20 ) (-657.779419 -2048 20 ) (-659.510071 -2048 20 ) 
6 161 173 0 (-655.212219 -1573.454590 20 ) (-622.958069 -1598.070801 20 ) (-583.433350 -1745.579224 20 ) (-613.461975 -1784.046753 20 ) (-827.663025 -1841.441772 20 ) (-840.040466 -1795.248535 20 ) 
4 161 166 0 (-682.103210 -1585.638550 22 ) (-840.569580 -1793.273926 22 ) (-840.569580 -1793.273926 30.085108 ) (-682.103271 -1585.638550 30.085108 ) 
4 161 167 0 (-666.330872 -1564.972290 22 ) (-666.330872 -1564.972290 20 ) (-840.569580 -1793.273926 20 ) (-840.569580 -1793.273926 22 ) 
4 161 165 0 (-670.836121 -1570.875366 30.085108 ) (-677.596375 -1579.733276 30.085108 ) (-677.596375 -1579.733276 138.196747 ) (-670.836121 -1570.875366 138.196747 ) 
4 161 164 0 (-666.330872 -1564.972290 138.196747 ) (-666.330872 -1564.972290 30.085108 ) (-670.836121 -1570.875366 30.085108 ) (-670.836121 -1570.875366 138.196747 ) 
4 161 163 0 (-677.596375 -1579.733276 30.085108 ) (-840.569580 -1793.273926 30.085108 ) (-840.569458 -1793.274292 138.196747 ) (-677.596375 -1579.733276 138.196747 ) 
4 162 295 0 (-1024 -1981.516846 195.829773 ) (-1024 -1976.306152 195.829773 ) (-1024 -1976.306152 30.085108 ) (-1024 -1981.516846 30.085108 ) 
4 162 166 0 (-1024 -1976.304321 30.085108 ) (-709.745728 -1564.541992 30.085108 ) (-707.231384 -1566.460815 30.085108 ) (-1024 -1981.516846 30.085108 ) 
4 162 164 0 (-695.961853 -1551.699585 30.085108 ) (-691.459167 -1545.799805 30.085108 ) (-691.454102 -1545.795044 195.829773 ) (-695.960999 -1551.700317 195.829773 ) 
4 162 163 0 (-1024 -1981.522339 30.085108 ) (-702.722168 -1560.557495 30.085108 ) (-702.721252 -1560.558105 195.829773 ) (-1024 -1981.523560 195.829773 ) 
4 163 295 0 (-1024 -2033.623779 195.829773 ) (-1024 -1981.516846 195.829773 ) (-1024 -1981.516846 30.085108 ) (-1024 -2033.623779 30.085108 ) 
4 163 166 0 (-682.104065 -1585.637817 30.085108 ) (-1024 -2033.617554 30.085108 ) (-1024 -1981.516846 30.085108 ) (-707.231506 -1566.460938 30.085108 ) 
4 163 165 0 (-677.591370 -1579.731812 195.829773 ) (-677.591370 -1579.731812 30.085108 ) (-692.670227 -1568.224487 30.085108 ) (-692.670227 -1568.224487 195.829773 ) 
4 164 165 0 (-685.914124 -1559.372070 30.085108 ) (-670.835938 -1570.879639 30.085108 ) (-670.835938 -1570.879639 195.829773 ) (-685.914124 -1559.372070 195.829773 ) 
4 166 295 0 (-1024 -1976.306152 30.085108 ) (-1024 -1976.306152 22 ) (-1024 -2033.623779 22 ) (-1024 -2033.623779 30.085108 ) 
4 166 167 0 (-1024 -1976.304321 22 ) (-709.745728 -1564.541992 22 ) (-682.104126 -1585.637939 22 ) (-1024 -2033.617554 22 ) 
4 167 295 0 (-1024 -1976.306152 22 ) (-1024 -1976.306152 20 ) (-1024 -2033.623779 20 ) (-1024 -2033.623779 22 ) 
3 167 171 0 (-864.191895 -1824.230225 20 ) (-1024 -2033.623779 20 ) (-1024 -2016 20 ) 
4 168 175 0 (-224 -1490.291138 16 ) (0 -1202.289429 16 ) (0 -1202.289429 20 ) (-224 -1490.291138 20 ) 
4 168 169 0 (-224 -1056 16 ) (-224 -1490.281250 16 ) (-224 -1490.281250 20 ) (-224 -1056 20 ) 
4 169 175 0 (-271.995514 -1552 16 ) (-224 -1490.291138 16 ) (-224 -1490.291138 20 ) (-271.995514 -1552 20 ) 
4 169 173 0 (-637.328125 -1552 20 ) (-637.328125 -1552 16 ) (-432.320923 -1552 16 ) (-432.320953 -1552 20 ) 
4 170 200 0 (-659.510132 -2048 16 ) (-657.777832 -2048 16 ) (-657.777832 -2048 20 ) (-659.510071 -2048 20 ) 
4 171 223 0 (-832 -2048 16 ) (-819.510132 -2048 16 ) (-819.510071 -2048 20 ) (-832 -2048 20 ) 
4 171 224 0 (-973.449951 -2048 16 ) (-832 -2048 16 ) (-832 -2048 20 ) (-973.449951 -2048 20 ) 
4 171 226 0 (-1024 -2048 20 ) (-1024 -2048 16 ) (-973.449951 -2048 16 ) (-973.449951 -2048 20 ) 
4 171 173 0 (-827.663147 -1841.441772 16 ) (-840.040649 -1795.248779 16 ) (-840.040649 -1795.248779 20 ) (-827.663208 -1841.441772 20 ) 
4 171 172 0 (-784.375671 -2002.991821 16 ) (-808.464478 -1913.091675 16 ) (-808.464478 -1913.091797 20 ) (-784.375671 -2002.991821 20 ) 
4 174 296 0 (-1024 -1839.673462 20 ) (-1024 -1838.675049 20 ) (-1024 -1838.675049 16 ) (-1024 -1839.673462 16 ) 
4 174 189 0 (-802.675598 -1568 16 ) (-672 -1408.193237 16 ) (-672 -1408.653076 16 ) (-802.133301 -1568 16 ) 
4 175 184 0 (-192 -1552 20 ) (-192 -1552 83.726898 ) (-193.798523 -1552 83.592316 ) (-193.798523 -1552 20 ) 
4 175 181 0 (-192 -1552 83.726898 ) (-192 -1552 143.849716 ) (-193.798523 -1552 144 ) (-193.798523 -1552 83.592316 ) 
4 175 179 0 (-192 -1552 143.849716 ) (-192 -1552 428 ) (-193.798523 -1552 428 ) (-193.798523 -1552 144 ) 
4 175 177 0 (-271.998108 -1552 428 ) (-271.998108 -1552 20 ) (-193.798523 -1552 20 ) (-193.798523 -1552 428 ) 
4 175 176 0 (-192 -1552 16 ) (0 -1552 16 ) (0 -1552 428 ) (-192 -1552 428 ) 
4 176 184 0 (-191.998062 -1552 83.727051 ) (-191.998062 -1552 20 ) (-128 -1615.998047 20 ) (-128 -1615.998169 91.819603 ) 
4 176 183 0 (-128 -1615.998047 16 ) (0 -1743.998047 16 ) (0 -1743.998413 108.005188 ) (-128 -1615.998169 91.819603 ) 
4 176 181 0 (-191.998062 -1552 143.849533 ) (-191.998062 -1552 83.727051 ) (0 -1743.998413 108.005188 ) (0 -1743.998413 120.932091 ) 
4 176 179 0 (-191.998077 -1552 428 ) (-191.998062 -1552 143.849533 ) (0 -1743.998413 120.932091 ) (0 -1744 428 ) 
4 177 188 0 (-288 -1572.578125 428 ) (-288 -1572.578125 20 ) (-288 -1680 20 ) (-288 -1680 428 ) 
4 177 184 0 (-242.274277 -1665.157471 20 ) (-193.796509 -1552 20 ) (-193.796509 -1552 83.592468 ) (-242.274277 -1665.157471 85.804916 ) 
4 177 181 0 (-242.274277 -1665.157471 85.804916 ) (-193.796509 -1552 83.592468 ) (-193.796509 -1552 144 ) (-242.274277 -1665.157471 144 ) 
4 177 179 0 (-288 -1771.890991 428 ) (-288 -1771.890991 144 ) (-193.796509 -1552 144 ) (-193.796509 -1552 428 ) 
4 178 203 0 (-150.430634 -2048 20 ) (-150.430634 -2048 112.437813 ) (-288 -2048 102.142548 ) (-288 -2048 20 ) 
4 178 201 0 (-150.430634 -2048 112.437813 ) (-150.430634 -2048 428 ) (-288 -2048 428 ) (-288 -2048 102.142548 ) 
4 178 187 0 (-288 -1953.118530 20 ) (-288 -1953.118530 97.245445 ) (-154.393478 -2045.263062 112 ) (-154.393463 -2045.263062 20 ) 
4 178 182 0 (-288 -1953.118530 97.245445 ) (-288 -1953.118530 137.512039 ) (-150.424957 -2048 122.619102 ) (-150.424957 -2048 112.438248 ) 
4 178 179 0 (-288 -1953.118530 137.512039 ) (-288 -1953.118530 428 ) (-150.424988 -2048 428 ) (-150.424957 -2048 122.619102 ) 
5 179 201 0 (0 -2048 123.695595 ) (0 -2048 428 ) (-150.430634 -2048 428 ) (-150.430634 -2048 122.619568 ) (-86.152153 -2048 117.248230 ) 
5 179 182 0 (-150.418030 -2048 122.617668 ) (-288 -1953.113770 137.511368 ) (-288 -1819.632568 142.289886 ) (-22.825575 -1933.235474 116.064072 ) (-86.157524 -2048 117.247826 ) 
5 179 181 0 (-242.275650 -1665.156738 144 ) (-193.798401 -1552 144 ) (-192 -1552 143.848831 ) (0 -1744 120.931175 ) (0 -1768.949585 120.037994 ) 
3 179 180 0 (-26.180630 -1939.329834 116.127777 ) (0 -1891.887573 115.638428 ) (0 -1957.385742 119.018990 ) 
4 180 186 0 (0 -1943.014038 113.806618 ) (0 -1957.385864 113.292114 ) (-26.186491 -1939.325806 116.126884 ) (-22.825575 -1933.235474 116.064064 ) 
5 181 184 0 (-242.275711 -1665.156738 85.804214 ) (-193.798492 -1552 83.591759 ) (-192 -1552 83.726349 ) (-128 -1616 91.819336 ) (-128 -1714.113403 96.883286 ) 
4 181 183 0 (-128 -1616 91.819336 ) (0 -1744.001099 108.005287 ) (0 -1768.949585 109.292938 ) (-128 -1714.113403 96.883286 ) 
3 182 201 0 (-86.152153 -2048 117.248230 ) (-150.430634 -2048 122.619568 ) (-150.430634 -2048 112.437828 ) 
5 182 187 0 (-154.395493 -2045.266113 112 ) (-288 -1953.122925 97.245110 ) (-288 -1819.632568 90.355286 ) (-128 -1888.177856 105.867226 ) (-128 -2006.993408 112 ) 
3 182 186 0 (-22.814985 -1933.239868 116.064873 ) (-26.176916 -1939.332275 116.127708 ) (-55.008839 -1919.447754 112.943687 ) 
3 182 185 0 (-128 -2006.993408 112 ) (-128 -1888.177856 105.867226 ) (-64.745544 -1915.276489 112 ) 
4 183 184 0 (-128 -1714.109375 20 ) (-128 -1714.109375 96.890625 ) (-128 -1616 91.826920 ) (-128 -1616 20 ) 
4 185 187 0 (-128 -2006.993408 20 ) (-128 -2006.993408 112.007217 ) (-128 -1888.177856 105.874802 ) (-128 -1888.177856 20 ) 
3 189 193 0 (-802.666626 -1568 0 ) (-672 -1408.203857 0 ) (-672 -1568 0 ) 
4 191 197 0 (-384 -1024 -32 ) (0 -1024 -32 ) (0 -1568 -32 ) (-384 -1568 -32 ) 
4 191 195 0 (-284.444519 -1568 -32 ) (0 -1568 -32 ) (0 -1568 -16 ) (-284.444519 -1568 -16 ) 
4 191 194 0 (-384 -1568 -32 ) (-284.444519 -1568 -32 ) (-284.444519 -1568 -16 ) (-384 -1568 -16 ) 
4 191 192 0 (-384 -1056 -32 ) (-384 -1568 -32 ) (-384 -1568 -16 ) (-384 -1056 -16 ) 
4 192 197 0 (-384 -1056 -32 ) (-384 -1568 -32 ) (-672 -1568 -32 ) (-672 -1408.203857 -32 ) 
4 192 194 0 (-672 -1568 -32 ) (-384 -1568 -32 ) (-384 -1568 -16 ) (-672 -1568 -16 ) 
4 192 193 0 (-672 -1408.203857 -32 ) (-672 -1568 -32 ) (-672 -1568 -16 ) (-672 -1408.203857 -16 ) 
3 193 197 0 (-672 -1408.203857 -32 ) (-672 -1568 -32 ) (-802.666687 -1568 -32 ) 
4 193 194 0 (-802.666687 -1568 -32 ) (-672 -1568 -32 ) (-672 -1568 -16 ) (-802.666687 -1568 -16 ) 
4 194 297 0 (-1024 -2048 -32 ) (-1024 -2048 -16 ) (-1024 -1838.675171 -16 ) (-1024 -1838.675171 -32 ) 
4 194 228 0 (-672 -2048 -32 ) (-657.777832 -2048 -32 ) (-657.777832 -2048 -16 ) (-672 -2048 -16 ) 
4 194 229 0 (-1024 -2048 -16 ) (-1024 -2048 -32 ) (-672 -2048 -32 ) (-672 -2048 -16 ) 
5 194 197 0 (-657.777832 -2048 -32 ) (-1024 -2048 -32 ) (-1024 -1838.675171 -32 ) (-802.666687 -1568 -32 ) (-284.444519 -1568 -32 ) 
4 194 196 0 (-346.663055 -1648.001953 -32 ) (-288 -1572.577759 -32 ) (-288 -1572.577759 -16 ) (-346.663116 -1648.001831 -16 ) 
4 194 195 0 (-288 -1572.577759 -32 ) (-284.439545 -1568 -32 ) (-284.439545 -1568 -16 ) (-288 -1572.577759 -16 ) 
4 195 227 0 (-288 -2048 -32 ) (0 -2048 -32 ) (0 -2048 -16 ) (-288 -2048 -16 ) 
5 195 197 0 (0 -2048 -32 ) (-288 -2048 -32 ) (-288 -1572.571289 -32 ) (-284.444519 -1568 -32 ) (0 -1568 -32 ) 
4 195 196 0 (-288 -1572.578125 -16 ) (-288 -1572.578125 -32 ) (-288 -1680 -32 ) (-288 -1680 -16 ) 
3 196 197 0 (-346.666718 -1648 -32 ) (-288 -1572.571289 -32 ) (-288 -1680 -32 ) 
4 197 299 0 (-1024 -2048 -96 ) (-1024 -2048 -32 ) (-1024 -1024 -32 ) (-1024 -1024 -96 ) 
4 197 230 0 (-1024 -2048 -32 ) (-1024 -2048 -96 ) (0 -2048 -96 ) (0 -2048 -32 ) 
4 198 231 0 (0 -3072 428 ) (0 -3072 528 ) (-672 -3072 528 ) (-672 -3072 428 ) 
4 198 205 0 (-672 -2048 528 ) (-672 -2048 428 ) (-672 -3072 428 ) (-672 -3072 528 ) 
4 198 201 0 (0 -3072 428 ) (-288 -3072 428 ) (-288 -2048 428 ) (0 -2048 428 ) 
3 198 199 0 (-672 -2066.285645 428 ) (-672 -2048 428 ) (-657.777832 -2048 428 ) 
4 199 214 0 (-672 -2048 106.196747 ) (-672 -2048 20 ) (-672 -2066.285645 20 ) (-672 -2066.285645 106.196747 ) 
4 199 213 0 (-672 -2048 110.196747 ) (-672 -2048 106.196747 ) (-672 -2066.285645 106.196747 ) (-672 -2066.285645 110.196747 ) 
4 199 210 0 (-672 -2048 212 ) (-672 -2048 203.914886 ) (-672 -2066.285645 203.914886 ) (-672 -2066.285645 212 ) 
4 199 212 0 (-672 -2048 203.914886 ) (-672 -2048 110.196747 ) (-672 -2066.285645 110.196747 ) (-672 -2066.285645 203.914886 ) 
4 199 205 0 (-672 -2048 428 ) (-672 -2048 212 ) (-672 -2066.285645 212 ) (-672 -2066.285645 428 ) 
4 199 200 0 (-657.779297 -2048 20 ) (-672 -2066.281250 20 ) (-672 -2064 20 ) (-659.510071 -2048 20 ) 
3 201 238 0 (-288 -3072 173.564590 ) (-288 -3072 154.994125 ) (-171.018768 -3072 163.748657 ) 
5 201 232 0 (0 -3072 176.547195 ) (0 -3072 428 ) (-288 -3072 428 ) (-288 -3072 173.564590 ) (-171.018768 -3072 163.748657 ) 
5 201 203 0 (-288 -3072 154.993866 ) (-288 -2048 102.142303 ) (-150.430710 -2048 112.437569 ) (-128 -2063.469727 114.914658 ) (-128 -3072 166.967789 ) 
4 201 202 0 (0 -2151.747559 129.050064 ) (0 -3072 176.546921 ) (-128 -3072 166.967789 ) (-128 -2063.469727 114.914665 ) 
4 202 234 0 (0 -3072 16 ) (0 -3072 149.398453 ) (-128 -3072 160.138962 ) (-128 -3072 16 ) 
4 202 232 0 (0 -3072 149.398453 ) (0 -3072 176.547195 ) (-128 -3072 166.968048 ) (-128 -3072 160.138962 ) 
4 202 203 0 (-128 -3072 166.976456 ) (-128 -2063.469727 114.923347 ) (-128 -2063.469727 20 ) (-128 -3072 20 ) 
5 203 238 0 (-171.018677 -3072 163.748657 ) (-288 -3072 154.994125 ) (-288 -3072 20 ) (-128 -3072 20 ) (-128 -3072 160.138962 ) 
3 203 232 0 (-128 -3072 166.968048 ) (-171.018677 -3072 163.748657 ) (-128 -3072 160.138962 ) 
5 204 241 0 (-596.798096 -3072 16.495512 ) (-568.469360 -3072 16.495512 ) (-570.140686 -3072 23.385372 ) (-580.093872 -3072 40.209846 ) (-589.276245 -3072 29.621288 ) 
6 204 221 0 (-672 -2923.528320 110.196747 ) (-672 -2892.888916 43.034100 ) (-672 -2894.901367 20 ) (-672 -3044.258057 20 ) (-672 -3031.097412 83.917068 ) (-672 -3023.916260 110.196747 ) 
5 204 206 0 (-672 -2939.052246 144.226135 ) (-672 -2923.528320 110.196747 ) (-672 -3023.916260 110.196747 ) (-672 -3021.406250 119.382530 ) (-672 -3001.813965 140.616379 ) 
4 205 300 0 (-1024 -3072 212 ) (-1024 -3072 528 ) (-1024 -2048 528 ) (-1024 -2048 212 ) 
4 205 246 0 (-960.028687 -3072 212 ) (-672 -3072 212 ) (-672 -3072 253.518600 ) (-959.997864 -3072 249.803711 ) 
4 205 243 0 (-1024 -3072 248.978149 ) (-1024 -3072 212 ) (-960.028687 -3072 212 ) (-959.997864 -3072 249.803711 ) 
4 205 242 0 (-1024 -3072 428 ) (-1024 -3072 248.978149 ) (-672 -3072 253.518600 ) (-672 -3072 428 ) 
4 205 231 0 (-1024 -3072 528 ) (-1024 -3072 428 ) (-672 -3072 428 ) (-672 -3072 528 ) 
4 205 211 0 (-672 -2455.067383 212 ) (-672 -2477.353516 212 ) (-973.083679 -2475.265137 212 ) (-972.929077 -2452.979980 212 ) 
4 205 210 0 (-998.572571 -2048 212 ) (-672 -2048 212 ) (-672 -2455.067383 212 ) (-1001.380066 -2452.782715 212 ) 
4 205 208 0 (-1024 -2048 212 ) (-998.572571 -2048 212 ) (-1001.431580 -2460.211182 212 ) (-1024 -2460.054688 212 ) 
4 205 207 0 (-1001.508850 -2471.353760 212 ) (-1001.534607 -2475.067871 212 ) (-1024 -2474.912109 212 ) (-1024 -2471.197998 212 ) 
4 205 206 0 (-672 -2477.353516 212 ) (-672 -3072 212 ) (-1024 -3072 212 ) (-1024 -2474.912109 212 ) 
4 206 314 0 (-1024 -3072 110.196747 ) (-1024 -3072 195.829773 ) (-1024 -2696.332031 195.829773 ) (-1024 -2696.332031 110.196747 ) 
4 206 306 0 (-1024 -2696.332031 195.829773 ) (-1024 -2474.912109 195.829773 ) (-1024 -2474.912109 110.196747 ) (-1024 -2696.332031 110.196747 ) 
4 206 301 0 (-1024 -3072 195.829773 ) (-1024 -3072 212 ) (-1024 -2474.912109 212 ) (-1024 -2474.912109 195.829773 ) 
4 206 246 0 (-960.111877 -3072 110.196747 ) (-672 -3072 110.196747 ) (-672 -3072 212 ) (-960.028748 -3072 212 ) 
4 206 243 0 (-1024 -3072 212 ) (-1024 -3072 110.196747 ) (-960.111877 -3072 110.196747 ) (-960.028748 -3072 212 ) 
4 206 222 0 (-960 -3072 110.196747 ) (-1024 -3072 110.196747 ) (-1024 -2952 110.196747 ) (-960 -2952 110.196747 ) 
4 206 221 0 (-672 -2891.383301 110.196747 ) (-672 -3072 110.196747 ) (-785.237610 -3072 110.196747 ) (-835.138550 -2985.569092 110.196747 ) 
5 206 220 0 (-880.236816 -2907.456543 110.196747 ) (-960 -2769.302734 110.196747 ) (-960 -2696.332031 110.196747 ) (-780.810547 -2696.332031 110.196747 ) (-714.247559 -2811.622559 110.196747 ) 
3 206 219 0 (-672 -2696.332031 110.196747 ) (-672 -2884.797363 110.196747 ) (-780.810547 -2696.332031 110.196747 ) 
3 206 218 0 (-785.237610 -3072 110.196747 ) (-960 -3072 110.196747 ) (-960 -2769.302734 110.196747 ) 
4 206 213 0 (-672 -2477.353516 110.196747 ) (-672 -2696.332031 110.196747 ) (-1024 -2696.332031 110.196747 ) (-1024 -2474.912109 110.196747 ) 
4 206 211 0 (-973.083679 -2475.265137 212 ) (-672 -2477.353516 212 ) (-672 -2477.353516 203.914886 ) (-973.083679 -2475.265137 203.914886 ) 
4 206 212 0 (-672 -2477.353516 110.196747 ) (-1001.534607 -2475.067871 110.196747 ) (-1001.534607 -2475.067871 203.914886 ) (-672 -2477.353516 203.914886 ) 
4 206 207 0 (-1001.534607 -2475.067871 110.196747 ) (-1024 -2474.912109 110.196747 ) (-1024 -2474.912109 212 ) (-1001.534607 -2475.067871 212 ) 
4 207 306 0 (-1024 -2471.197998 195.829773 ) (-1024 -2471.197998 110.196747 ) (-1024 -2474.912109 110.196747 ) (-1024 -2474.912109 195.829773 ) 
4 207 301 0 (-1024 -2474.912109 212 ) (-1024 -2471.197998 212 ) (-1024 -2471.197998 195.829773 ) (-1024 -2474.912109 195.829773 ) 
4 207 213 0 (-1001.508850 -2471.353760 110.196747 ) (-1001.534607 -2475.067871 110.196747 ) (-1024 -2474.912109 110.196747 ) (-1024 -2471.197998 110.196747 ) 
4 207 212 0 (-1001.534546 -2475.069092 203.914886 ) (-1001.534546 -2475.069092 110.196747 ) (-1001.508789 -2471.353760 110.196747 ) (-1001.508789 -2471.353760 203.914886 ) 
4 207 209 0 (-1001.511475 -2471.354004 203.914566 ) (-1001.511475 -2471.354004 110.196747 ) (-1024 -2471.197998 110.196747 ) (-1024 -2471.197998 201.175674 ) 
4 208 307 0 (-1024 -2048 195.829773 ) (-1024 -2048 110.196747 ) (-1024 -2460.054688 110.196747 ) (-1024 -2460.054688 195.829773 ) 
4 208 304 0 (-1024 -2460.054688 212 ) (-1024 -2048 212 ) (-1024 -2048 200.818207 ) (-1024 -2460.054688 201.166275 ) 
4 208 303 0 (-1024 -2048 200.818207 ) (-1024 -2048 195.829773 ) (-1024 -2460.054688 195.829773 ) (-1024 -2460.054688 201.166275 ) 
4 208 213 0 (-1024 -2048 110.196747 ) (-998.572571 -2048 110.196747 ) (-1001.431580 -2460.211182 110.196747 ) (-1024 -2460.054688 110.196747 ) 
4 208 210 0 (-998.572510 -2048 203.914886 ) (-998.572510 -2048 212 ) (-1001.380005 -2452.782959 212 ) (-1001.380005 -2452.782959 203.914886 ) 
4 208 212 0 (-1001.431519 -2460.211182 110.196747 ) (-998.572510 -2048 110.196747 ) (-998.572510 -2048 203.914886 ) (-1001.431519 -2460.211182 203.914886 ) 
4 208 209 0 (-1024 -2460.054688 110.196747 ) (-1001.433350 -2460.211182 110.196747 ) (-1001.433350 -2460.211182 203.914673 ) (-1024 -2460.054688 201.166275 ) 
4 209 308 0 (-1024 -2460.054688 195.829773 ) (-1024 -2460.054688 110.196747 ) (-1024 -2471.197998 110.196747 ) (-1024 -2471.197998 195.829773 ) 
4 209 303 0 (-1024 -2460.054688 201.166275 ) (-1024 -2460.054688 195.829773 ) (-1024 -2471.197998 195.829773 ) (-1024 -2471.197998 201.175674 ) 
4 209 213 0 (-1001.431580 -2460.211182 110.196747 ) (-1001.508850 -2471.353760 110.196747 ) (-1024 -2471.197998 110.196747 ) (-1024 -2460.054688 110.196747 ) 
4 209 212 0 (-1001.508789 -2471.353760 110.196747 ) (-1001.431519 -2460.211182 110.196747 ) (-1001.431519 -2460.211182 203.914886 ) (-1001.508789 -2471.353760 203.914886 ) 
4 210 211 0 (-972.929077 -2452.980225 203.914886 ) (-672 -2455.067383 203.914886 ) (-672 -2455.067383 212 ) (-972.929077 -2452.980225 212 ) 
4 210 212 0 (-1001.382935 -2452.782715 203.914886 ) (-998.575500 -2048 203.914886 ) (-672 -2048 203.914886 ) (-672 -2455.067383 203.914886 ) 
4 211 212 0 (-672 -2477.363525 203.914886 ) (-973.083740 -2475.275391 203.914886 ) (-972.929077 -2452.979980 203.914886 ) (-672 -2455.067383 203.914886 ) 
4 212 213 0 (-998.572571 -2048 110.196747 ) (-672 -2048 110.196747 ) (-672 -2477.353516 110.196747 ) (-1001.534607 -2475.067871 110.196747 ) 
4 213 308 0 (-1024 -2471.197998 110.196747 ) (-1024 -2460.054688 110.196747 ) (-1024 -2460.054688 106.196747 ) (-1024 -2471.197998 106.196747 ) 
4 213 307 0 (-1024 -2460.054688 110.196747 ) (-1024 -2048 110.196747 ) (-1024 -2048 106.196747 ) (-1024 -2460.054688 106.196747 ) 
4 213 306 0 (-1024 -2696.332031 110.196747 ) (-1024 -2471.197998 110.196747 ) (-1024 -2471.197998 106.196747 ) (-1024 -2696.332031 106.196747 ) 
4 213 220 0 (-780.810547 -2696.332031 110.196747 ) (-960 -2696.332031 110.196747 ) (-960 -2696.332031 106.196747 ) (-780.810547 -2696.332031 106.196747 ) 
4 213 219 0 (-672 -2696.332031 106.196747 ) (-672 -2696.332031 110.196747 ) (-780.810547 -2696.332031 110.196747 ) (-780.810547 -2696.332031 106.196747 ) 
4 213 216 0 (-781.781860 -2696.332031 106.196747 ) (-973.449951 -2696.332031 106.196747 ) (-973.449951 -2240.573242 106.196747 ) (-781.781860 -2240.573242 106.196747 ) 
4 213 215 0 (-672 -2696.332031 106.196747 ) (-781.781860 -2696.332031 106.196747 ) (-781.781860 -2150.376465 106.196747 ) (-672 -2150.376465 106.196747 ) 
4 213 214 0 (-973.449951 -2150.376465 106.196747 ) (-973.449951 -2048 106.196747 ) (-672 -2048 106.196747 ) (-672 -2150.376465 106.196747 ) 
4 213 217 0 (-973.449951 -2696.332031 106.196747 ) (-1024 -2696.332031 106.196747 ) (-1024 -2048 106.196747 ) (-973.449951 -2048 106.196747 ) 
3 214 223 0 (-832 -2048 20 ) (-819.510132 -2048 20 ) (-832 -2064 20 ) 
4 214 224 0 (-973.449951 -2048 20 ) (-832 -2048 20 ) (-832 -2150.376465 20 ) (-973.449951 -2150.376465 20 ) 
4 214 215 0 (-781.781860 -2150.376465 20 ) (-672 -2150.376465 20 ) (-672 -2150.376465 106.196747 ) (-781.781860 -2150.376465 106.196747 ) 
4 214 217 0 (-973.449951 -2048 20 ) (-973.449951 -2150.376465 20 ) (-973.449951 -2150.376465 106.196747 ) (-973.449951 -2048 106.196747 ) 
4 215 220 0 (-781.781860 -2696.332031 20 ) (-780.810425 -2696.332031 20 ) (-780.810425 -2696.332031 106.196747 ) (-781.781860 -2696.332031 106.196747 ) 
4 215 219 0 (-780.810425 -2696.332031 20 ) (-672 -2696.332031 20 ) (-672 -2696.332031 106.196747 ) (-780.810425 -2696.332031 106.196747 ) 
4 215 216 0 (-781.781860 -2240.573242 20 ) (-781.781860 -2696.332031 20 ) (-781.781860 -2696.332031 106.196747 ) (-781.781860 -2240.573242 106.196747 ) 
4 216 225 0 (-832 -2696.332031 20 ) (-973.449951 -2696.332031 20 ) (-973.449951 -2240.573242 20 ) (-832 -2240.573242 20 ) 
4 216 220 0 (-960 -2696.332031 20 ) (-781.781860 -2696.332031 20 ) (-781.781860 -2696.332031 106.196747 ) (-960 -2696.332031 106.196747 ) 
4 216 217 0 (-973.449951 -2240.573242 20 ) (-973.449951 -2696.332031 20 ) (-973.449951 -2696.332031 106.196747 ) (-973.449951 -2240.573242 106.196747 ) 
4 217 312 0 (-1024 -2452.625732 22 ) (-1024 -2478.626465 22 ) (-1024 -2478.626465 30.085108 ) (-1024 -2452.625732 30.085108 ) 
4 217 311 0 (-1024 -2048 30.085108 ) (-1024 -2048 22 ) (-1024 -2452.625732 22 ) (-1024 -2452.625732 30.085108 ) 
4 217 310 0 (-1024 -2478.626465 22 ) (-1024 -2696.332031 22 ) (-1024 -2696.332031 30.085108 ) (-1024 -2478.626465 30.085108 ) 
4 217 308 0 (-1024 -2460.054688 30.085108 ) (-1024 -2471.197998 30.085108 ) (-1024 -2471.197998 106.196747 ) (-1024 -2460.054688 106.196747 ) 
4 217 307 0 (-1024 -2048 106.196747 ) (-1024 -2048 30.085108 ) (-1024 -2460.054688 30.085108 ) (-1024 -2460.054688 106.196747 ) 
4 217 306 0 (-1024 -2471.197998 30.085108 ) (-1024 -2696.332031 30.085108 ) (-1024 -2696.332031 106.196747 ) (-1024 -2471.197998 106.196747 ) 
4 217 313 0 (-1024 -2048 22 ) (-1024 -2048 20 ) (-1024 -2696.332031 20 ) (-1024 -2696.332031 22 ) 
4 217 226 0 (-1024 -2048 20 ) (-973.449951 -2048 20 ) (-973.449951 -2696.332031 20 ) (-1024 -2696.332031 20 ) 
4 218 257 0 (-960 -3072 20 ) (-869.681213 -3072 20 ) (-869.681213 -3072 110.196747 ) (-960 -3072 110.196747 ) 
4 218 250 0 (-869.681213 -3072 20 ) (-785.237610 -3072 20 ) (-785.237610 -3072 110.196747 ) (-869.681213 -3072 110.196747 ) 
4 218 225 0 (-832 -3072 20 ) (-960 -3072 20 ) (-960 -2769.302734 20 ) (-832 -2991.005127 20 ) 
4 218 222 0 (-960 -2952 20 ) (-960 -3072 20 ) (-960 -3072 110.196747 ) (-960 -2952 110.196747 ) 
4 218 221 0 (-785.234741 -3072 20 ) (-835.136658 -2985.567871 20 ) (-835.137207 -2985.568115 110.196747 ) (-785.235657 -3072 110.196747 ) 
4 218 220 0 (-880.234985 -2907.455566 20 ) (-960 -2769.299316 20 ) (-960 -2769.299316 110.196747 ) (-880.235352 -2907.455811 110.196747 ) 
4 219 220 0 (-780.811707 -2696.332031 110.196747 ) (-780.811707 -2696.332031 20 ) (-714.248352 -2811.623047 20 ) (-714.250671 -2811.624268 110.196747 ) 
5 220 225 0 (-880.236816 -2907.456543 20 ) (-960 -2769.302734 20 ) (-960 -2696.332031 20 ) (-832 -2696.332031 20 ) (-832 -2879.606934 20 ) 
4 221 250 0 (-785.237610 -3072 20 ) (-672 -3072 20 ) (-672 -3072 110.196747 ) (-785.237610 -3072 110.196747 ) 
3 221 225 0 (-832 -2991.005127 20 ) (-835.138550 -2985.569092 20 ) (-832 -2983.757080 20 ) 
4 222 315 0 (-1024 -3072 20 ) (-1024 -3072 110.196747 ) (-1024 -2952 110.196747 ) (-1024 -2952 20 ) 
4 222 257 0 (-1024 -3072 110.196747 ) (-1024 -3072 20 ) (-960 -3072 20 ) (-960 -3072 110.196747 ) 
4 222 225 0 (-960 -3072 20 ) (-973.449951 -3072 20 ) (-973.449951 -2952 20 ) (-960 -2952 20 ) 
4 222 226 0 (-973.449951 -3072 20 ) (-1024 -3072 20 ) (-1024 -2952 20 ) (-973.449951 -2952 20 ) 
4 223 224 0 (-832 -2048 16 ) (-832 -2064 16 ) (-832 -2064 20 ) (-832 -2048 20 ) 
4 224 226 0 (-973.449951 -2048 16 ) (-973.449951 -2150.376465 16 ) (-973.449951 -2150.376465 20 ) (-973.449951 -2048 20 ) 
4 225 259 0 (-973.449951 -3072 16 ) (-832 -3072 16 ) (-832 -3072 20 ) (-973.449951 -3072 20 ) 
4 225 226 0 (-973.449951 -2240.573242 16 ) (-973.449951 -3072 16 ) (-973.449951 -3072 20 ) (-973.449951 -2240.573242 20 ) 
4 226 259 0 (-1024 -3072 20 ) (-1024 -3072 16 ) (-973.449951 -3072 16 ) (-973.449951 -3072 20 ) 
4 227 261 0 (-288 -3072 -32 ) (0 -3072 -32 ) (0 -3072 -16 ) (-288 -3072 -16 ) 
4 227 230 0 (0 -3072 -32 ) (-288 -3072 -32 ) (-288 -2048 -32 ) (0 -2048 -32 ) 
3 228 230 0 (-672 -2066.285645 -32 ) (-672 -2048 -32 ) (-657.777832 -2048 -32 ) 
4 228 229 0 (-672 -2048 -32 ) (-672 -2066.285645 -32 ) (-672 -2066.285645 -16 ) (-672 -2048 -16 ) 
4 229 317 0 (-1024 -3072 -32 ) (-1024 -3072 -16 ) (-1024 -2048 -16 ) (-1024 -2048 -32 ) 
4 229 262 0 (-1024 -3072 -16 ) (-1024 -3072 -32 ) (-672 -3072 -32 ) (-672 -3072 -16 ) 
4 229 230 0 (-672 -3072 -32 ) (-1024 -3072 -32 ) (-1024 -2048 -32 ) (-672 -2048 -32 ) 
4 230 318 0 (-1024 -3072 -96 ) (-1024 -3072 -32 ) (-1024 -2048 -32 ) (-1024 -2048 -96 ) 
4 230 263 0 (-1024 -3072 -32 ) (-1024 -3072 -96 ) (0 -3072 -96 ) (0 -3072 -32 ) 
4 231 330 0 (-1024 -3457.548340 432.410278 ) (-1024 -3457.025391 428 ) (-1024 -3468.322021 428 ) (-1024 -3469.527100 438.163666 ) 
4 231 328 0 (-1024 -3480.178955 528 ) (-1024 -3468.882324 528 ) (-1024 -3457.548340 432.410278 ) (-1024 -3469.527100 438.163666 ) 
4 231 327 0 (-1024 -3468.882324 528 ) (-1024 -3072 528 ) (-1024 -3072 428 ) (-1024 -3457.025391 428 ) 
4 231 321 0 (-1024 -3900.631836 528 ) (-1024 -3480.178955 528 ) (-1024 -3468.322021 428 ) (-1024 -3900.631836 428 ) 
4 231 320 0 (-1024 -4096 428 ) (-1024 -4096 528 ) (-1024 -3900.631836 528 ) (-1024 -3900.631836 428 ) 
4 231 264 0 (-1024 -4096 528 ) (-1024 -4096 428 ) (0 -4096 428 ) (0 -4096 528 ) 
4 231 242 0 (-672 -4096 428 ) (-1024 -4096 428 ) (-1024 -3072 428 ) (-672 -3072 428 ) 
4 231 232 0 (0 -4096 428 ) (-288 -4096 428 ) (-288 -3072 428 ) (0 -3072 428 ) 
4 232 268 0 (-128 -4096 428 ) (-288 -4096 428 ) (-288 -4096 137.745850 ) (-128 -4096 124.320213 ) 
5 232 266 0 (0 -4096 121.421181 ) (0 -4096 428 ) (-106.059387 -4096 428 ) (-106.059387 -4096 122.479172 ) (-45.394855 -4096 117.388794 ) 
4 232 265 0 (-106.059387 -4096 428 ) (-128 -4096 428 ) (-128 -4096 124.320213 ) (-106.059387 -4096 122.479172 ) 
3 232 240 0 (-288 -3917.203369 144 ) (-288 -3748.252197 149.909882 ) (-227.997253 -3773.265381 144 ) 
4 232 239 0 (-288 -4096 137.745926 ) (-288 -3921.597656 143.846390 ) (-128 -3988.296143 128.087692 ) (-128 -4096 124.320290 ) 
4 232 238 0 (-288 -3748.252197 149.909882 ) (-288 -3072 173.564667 ) (-128 -3072 160.139023 ) (-128 -3814.950684 134.151184 ) 
4 232 236 0 (-28.492437 -4042.244629 117.850899 ) (-45.394417 -4096 117.388832 ) (-128 -4096 124.320290 ) (-128 -4020.586182 126.958206 ) 
4 232 235 0 (-25.026718 -4031.222168 117.945648 ) (-28.492437 -4042.244629 117.850899 ) (-128 -4020.586182 126.958206 ) (-128 -3988.296387 128.087677 ) 
4 232 234 0 (-128 -3072 160.139023 ) (0 -3072 149.398514 ) (0 -3868.309326 121.544212 ) (-128 -3814.950684 134.151184 ) 
3 232 233 0 (-28.492142 -4042.244629 117.850723 ) (0 -3951.627930 118.629646 ) (0 -4048.446289 120.501572 ) 
4 233 235 0 (0 -4041.654785 115.480721 ) (0 -4048.446289 115.243164 ) (-28.492439 -4042.244629 117.850899 ) (-25.026720 -4031.222168 117.945648 ) 
4 234 238 0 (-128 -3814.950684 20 ) (-128 -3814.950684 134.149796 ) (-128 -3072 160.137634 ) (-128 -3072 20 ) 
4 235 239 0 (-128 -4020.586182 20 ) (-128 -4020.586182 126.956825 ) (-128 -3988.296387 128.086304 ) (-128 -3988.296387 20 ) 
4 235 237 0 (-128 -4020.587158 108.592972 ) (-128 -4020.587158 16 ) (-91.380096 -4028.557861 16 ) (-91.380089 -4028.557617 112 ) 
3 235 236 0 (-128 -4020.587158 126.960938 ) (-128 -4020.587158 108.592972 ) (-28.476986 -4042.249023 117.852356 ) 
3 236 266 0 (-45.394859 -4096 117.388786 ) (-106.059395 -4096 122.479164 ) (-106.059387 -4096 112 ) 
4 236 265 0 (-106.059395 -4096 122.479164 ) (-128 -4096 124.320206 ) (-128 -4096 110.051033 ) (-106.059387 -4096 112 ) 
4 236 239 0 (-128 -4096 110.051041 ) (-128 -4096 124.318909 ) (-128 -4020.586182 126.956825 ) (-128 -4020.586182 108.592949 ) 
4 236 237 0 (-128 -4096 110.050804 ) (-128 -4020.589600 108.592773 ) (-91.380577 -4028.560059 112 ) (-106.059387 -4096 112 ) 
4 237 265 0 (-106.059395 -4096 112 ) (-128 -4096 110.051033 ) (-128 -4096 16 ) (-106.059387 -4096 16 ) 
4 237 239 0 (-128 -4096 20 ) (-128 -4096 110.051041 ) (-128 -4020.586182 108.592949 ) (-128 -4020.586182 20 ) 
4 238 240 0 (-227.998154 -3773.267334 143.989624 ) (-288 -3748.254639 149.899323 ) (-288 -3748.254639 20 ) (-227.998154 -3773.267334 20 ) 
4 239 268 0 (-128 -4096 124.320206 ) (-288 -4096 137.745850 ) (-288 -4096 20 ) (-128 -4096 20 ) 
4 242 330 0 (-1024 -3468.321777 428 ) (-1024 -3457.025391 428 ) (-1024 -3430.817627 206.974960 ) (-1024 -3441.959717 205.670670 ) 
4 242 327 0 (-1024 -3457.025391 428 ) (-1024 -3072 428 ) (-1024 -3072 248.978104 ) (-1024 -3430.817627 206.974960 ) 
4 242 321 0 (-1024 -3900.631836 428 ) (-1024 -3468.321777 428 ) (-1024 -3441.959717 205.670670 ) (-1024 -3900.631836 151.978546 ) 
4 242 320 0 (-1024 -4096 129.108765 ) (-1024 -4096 428 ) (-1024 -3900.631836 428 ) (-1024 -3900.631836 151.978546 ) 
4 242 269 0 (-1024 -4096 428 ) (-1024 -4096 129.108780 ) (-672 -4096 133.649216 ) (-672 -4096 428 ) 
4 242 248 0 (-672 -3464.633057 207.556702 ) (-672 -3486.917236 204.948135 ) (-975.832336 -3451.317383 205.196274 ) (-973.254517 -3429.335205 207.802734 ) 
5 242 247 0 (-672 -3486.917236 204.948135 ) (-672 -4096 133.649048 ) (-1024 -4096 129.108582 ) (-1024 -3617.786621 185.088104 ) (-1004.090576 -3448.006348 205.219360 ) 
4 242 246 0 (-959.997864 -3072 249.803314 ) (-672 -3072 253.518219 ) (-672 -3464.633057 207.556702 ) (-1001.512817 -3426.024170 207.825821 ) 
3 242 244 0 (-1003.660889 -3444.342529 205.653778 ) (-1024 -3617.786621 185.088104 ) (-1024 -3441.959717 205.670349 ) 
4 242 243 0 (-1024 -3072 248.977753 ) (-959.997864 -3072 249.803314 ) (-1002.372070 -3433.351807 206.956985 ) (-1024 -3430.817627 206.974640 ) 
4 243 327 0 (-1024 -3430.817627 206.974945 ) (-1024 -3072 248.978104 ) (-1024 -3072 110.196747 ) (-1024 -3419.342529 110.196747 ) 
4 243 257 0 (-1024 -3072 110.196747 ) (-960.111877 -3072 110.196747 ) (-1001.123962 -3422.025146 110.196747 ) (-1024 -3419.342529 110.196747 ) 
4 243 249 0 (-1002.268250 -3432.411865 198.927658 ) (-1001.123779 -3422.025146 110.196747 ) (-1000.253296 -3414.595703 110.196747 ) (-1001.408936 -3425.084229 199.796524 ) 
4 243 246 0 (-959.997620 -3072 249.807541 ) (-1001.512573 -3426.024658 207.830002 ) (-1000.253296 -3414.595703 110.196747 ) (-960.111633 -3072 110.196747 ) 
4 243 245 0 (-1024 -3419.341553 110.196747 ) (-1001.123352 -3422.024170 110.196747 ) (-1002.267883 -3432.410889 198.927811 ) (-1024 -3429.550293 196.294998 ) 
4 244 321 0 (-1024 -3617.786621 185.088379 ) (-1024 -3441.959717 205.670654 ) (-1024 -3430.639160 110.196747 ) (-1024 -3617.264893 110.196747 ) 
4 244 257 0 (-1002.429626 -3433.168457 110.196747 ) (-1009.417542 -3492.808350 110.196747 ) (-1024 -3488.900635 110.196747 ) (-1024 -3430.639160 110.196747 ) 
4 244 249 0 (-1003.986694 -3447.066406 197.190033 ) (-1002.864685 -3436.883057 110.196747 ) (-1002.429443 -3433.168457 110.196747 ) (-1003.557068 -3443.402588 197.624512 ) 
4 244 247 0 (-1004.090332 -3448.006836 205.223511 ) (-1024 -3617.788574 185.092072 ) (-1024 -3617.266357 110.196747 ) (-1002.864685 -3436.883057 110.196747 ) 
4 244 245 0 (-1003.564697 -3443.401123 197.623611 ) (-1002.437012 -3433.166992 110.196747 ) (-1024 -3430.638428 110.196747 ) (-1024 -3440.711182 195.147888 ) 
4 245 332 0 (-1024 -3428.913574 190.915863 ) (-1024 -3419.342529 110.196747 ) (-1024 -3430.639160 110.196747 ) (-1024 -3440.055420 189.611572 ) 
4 245 329 0 (-1024 -3429.551270 196.294830 ) (-1024 -3428.913574 190.915863 ) (-1024 -3440.055420 189.611572 ) (-1024 -3440.711914 195.147781 ) 
4 245 257 0 (-1001.123962 -3422.025146 110.196747 ) (-1002.429626 -3433.168457 110.196747 ) (-1024 -3430.639160 110.196747 ) (-1024 -3419.342529 110.196747 ) 
4 245 249 0 (-1003.557068 -3443.402588 197.624512 ) (-1002.429443 -3433.168457 110.196747 ) (-1001.123779 -3422.025146 110.196747 ) (-1002.268250 -3432.411865 198.927719 ) 
4 246 257 0 (-960.111877 -3072 110.196747 ) (-869.681152 -3072 110.196747 ) (-962.660706 -3419.004395 110.196747 ) (-1000.253479 -3414.595947 110.196747 ) 
3 246 251 0 (-848.122925 -3432.435791 110.196747 ) (-962.660706 -3419.004395 110.196747 ) (-939.732788 -3333.436279 110.196747 ) 
5 246 250 0 (-869.681152 -3072 110.196747 ) (-672 -3072 110.196747 ) (-672 -3453.088867 110.196747 ) (-848.122925 -3432.435791 110.196747 ) (-939.732788 -3333.436279 110.196747 ) 
4 246 249 0 (-1001.412354 -3425.083984 199.796524 ) (-1000.256653 -3414.595459 110.196747 ) (-971.995483 -3417.909424 110.196747 ) (-973.150940 -3428.395264 199.773438 ) 
4 246 248 0 (-971.995483 -3417.909424 110.196747 ) (-672 -3453.088867 110.196747 ) (-672 -3464.633545 207.559708 ) (-973.254578 -3429.335449 207.805756 ) 
4 247 321 0 (-1024 -3900.631836 151.978546 ) (-1024 -3617.786621 185.088379 ) (-1024 -3617.264893 110.196747 ) (-1024 -3900.631836 110.196747 ) 
4 247 320 0 (-1024 -4096 110.196747 ) (-1024 -4096 129.108765 ) (-1024 -3900.631836 151.978546 ) (-1024 -3900.631836 110.196747 ) 
4 247 269 0 (-1024 -4096 129.108780 ) (-1024 -4096 110.196747 ) (-672 -4096 110.196747 ) (-672 -4096 133.649216 ) 
4 247 257 0 (-1009.417542 -3492.808105 110.196747 ) (-1002.864868 -3436.883057 110.196747 ) (-968.530151 -3440.909424 110.196747 ) (-984.243713 -3499.553223 110.196747 ) 
4 247 256 0 (-729.872009 -4096 110.196747 ) (-1024 -4096 110.196747 ) (-1024 -3900.631592 110.196747 ) (-888 -3822.114014 110.196747 ) 
5 247 255 0 (-672 -3622.765625 110.196747 ) (-672 -4096 110.196747 ) (-729.872009 -4096 110.196747 ) (-933.099304 -3744 110.196747 ) (-689.799255 -3603.530518 110.196747 ) 
5 247 251 0 (-1024 -3796.481445 110.196747 ) (-1024 -3647.925781 110.196747 ) (-968.530151 -3440.909424 110.196747 ) (-824.671448 -3457.779297 110.196747 ) (-689.799255 -3603.530518 110.196747 ) 
3 247 250 0 (-672 -3475.682373 110.196747 ) (-672 -3622.765625 110.196747 ) (-824.671448 -3457.779297 110.196747 ) 
4 247 249 0 (-1002.864563 -3436.882080 110.196747 ) (-1003.986755 -3447.065674 197.190125 ) (-975.728638 -3450.376709 197.167038 ) (-974.606750 -3440.195801 110.196747 ) 
4 247 248 0 (-975.832214 -3451.316650 205.196381 ) (-672 -3486.916260 204.948212 ) (-672 -3475.681396 110.196747 ) (-974.606750 -3440.195801 110.196747 ) 
4 248 257 0 (-968.530151 -3440.909424 110.196747 ) (-974.606873 -3440.196777 110.196747 ) (-971.995422 -3417.909668 110.196747 ) (-962.660706 -3419.004395 110.196747 ) 
4 248 251 0 (-824.671448 -3457.779297 110.196747 ) (-968.530151 -3440.909424 110.196747 ) (-962.660706 -3419.004395 110.196747 ) (-848.122925 -3432.435791 110.196747 ) 
4 248 250 0 (-672 -3453.088867 110.196747 ) (-672 -3475.682373 110.196747 ) (-824.671448 -3457.779297 110.196747 ) (-848.122925 -3432.435791 110.196747 ) 
4 248 249 0 (-973.151489 -3428.393799 199.773575 ) (-971.996033 -3417.907959 110.196747 ) (-974.606934 -3440.193848 110.196747 ) (-975.728760 -3450.375000 197.167221 ) 
4 249 257 0 (-974.606873 -3440.196777 110.196747 ) (-1002.864868 -3436.883057 110.196747 ) (-1000.253479 -3414.595947 110.196747 ) (-971.995422 -3417.909668 110.196747 ) 
3 250 260 0 (-832 -3347.773193 20 ) (-832 -3449.859375 20 ) (-882.889893 -3394.864502 20 ) 
5 250 259 0 (-869.681152 -3072 20 ) (-832 -3072 20 ) (-832 -3347.773193 20 ) (-882.889893 -3394.864502 20 ) (-939.732849 -3333.436523 20 ) 
4 250 257 0 (-869.678467 -3072 20 ) (-939.730774 -3333.438721 20 ) (-939.730530 -3333.438965 110.196747 ) (-869.677795 -3072 110.196747 ) 
4 250 255 0 (-689.802124 -3603.532227 20 ) (-672 -3622.770264 20 ) (-672 -3622.778564 110.196747 ) (-689.806763 -3603.534912 110.196747 ) 
4 250 254 0 (-939.731873 -3333.442383 106.196747 ) (-939.731873 -3333.442383 20 ) (-882.892212 -3394.866943 20 ) (-882.893066 -3394.867676 106.196747 ) 
4 250 253 0 (-752.714478 -3535.545166 20 ) (-689.802124 -3603.532227 20 ) (-689.806580 -3603.534912 106.196747 ) (-752.717163 -3535.547852 106.196747 ) 
4 250 251 0 (-939.731873 -3333.442383 110.196747 ) (-939.731873 -3333.442383 106.196747 ) (-689.806580 -3603.534912 106.196747 ) (-689.806763 -3603.534912 110.196747 ) 
4 251 323 0 (-1024 -3796.481445 110.196747 ) (-1024 -3647.925781 110.196747 ) (-1024 -3647.925781 106.196747 ) (-1024 -3796.481445 106.196747 ) 
4 251 257 0 (-984.241211 -3499.554199 110.196747 ) (-939.730530 -3333.438965 110.196747 ) (-939.730530 -3333.438965 106.196747 ) (-984.241211 -3499.554199 106.196747 ) 
4 251 255 0 (-689.804993 -3603.531250 106.196747 ) (-689.804993 -3603.531250 110.196747 ) (-933.100647 -3743.997559 110.196747 ) (-933.100647 -3743.997559 106.196747 ) 
4 251 254 0 (-949.091370 -3456.124756 106.196747 ) (-967.331116 -3436.413818 106.196747 ) (-939.737976 -3333.429199 106.196747 ) (-882.888611 -3394.863525 106.196747 ) 
4 251 253 0 (-689.796875 -3603.527832 106.196747 ) (-769.896851 -3649.773682 106.196747 ) (-818.913635 -3596.802979 106.196747 ) (-752.709839 -3535.541016 106.196747 ) 
4 251 252 0 (-769.896851 -3649.773682 106.196747 ) (-1024 -3796.480225 106.196747 ) (-1024 -3647.916260 106.196747 ) (-967.331116 -3436.413818 106.196747 ) 
4 252 323 0 (-1024 -3647.925781 106.196747 ) (-1024 -3647.925781 20 ) (-1024 -3796.481445 20 ) (-1024 -3796.481445 106.196747 ) 
5 252 258 0 (-1024 -3796.481445 20 ) (-1024 -3647.925781 20 ) (-967.326782 -3436.418457 20 ) (-832 -3582.660889 20 ) (-832 -3685.630127 20 ) 
4 252 257 0 (-967.324646 -3436.420654 20 ) (-984.241211 -3499.554199 20 ) (-984.241150 -3499.554199 106.196747 ) (-967.324585 -3436.420898 106.196747 ) 
4 252 255 0 (-933.100708 -3743.997803 20 ) (-769.897705 -3649.772705 20 ) (-769.897705 -3649.772705 106.196747 ) (-933.100647 -3743.997803 106.196747 ) 
4 252 254 0 (-967.329163 -3436.425049 20 ) (-967.329163 -3436.425049 106.196747 ) (-949.095764 -3456.128662 106.196747 ) (-949.095764 -3456.128662 20 ) 
4 252 253 0 (-818.916382 -3596.805664 106.196747 ) (-769.897522 -3649.777344 106.196747 ) (-769.897522 -3649.777344 20 ) (-818.916382 -3596.805664 20 ) 
4 253 255 0 (-769.897705 -3649.772705 20 ) (-689.804993 -3603.531250 20 ) (-689.804993 -3603.531250 106.196747 ) (-769.897705 -3649.772705 106.196747 ) 
4 254 259 0 (-967.326782 -3436.418457 20 ) (-939.732849 -3333.436523 20 ) (-882.889893 -3394.864502 20 ) (-949.091370 -3456.124756 20 ) 
4 254 257 0 (-939.730774 -3333.438721 20 ) (-967.324646 -3436.420654 20 ) (-967.324585 -3436.420898 106.196747 ) (-939.730530 -3333.438965 106.196747 ) 
4 255 270 0 (-729.872009 -4096 20 ) (-672 -4096 20 ) (-672 -4096 106.196747 ) (-729.872009 -4096 106.196747 ) 
4 255 269 0 (-672 -4096 106.196747 ) (-672 -4096 110.196747 ) (-729.872009 -4096 110.196747 ) (-729.872009 -4096 106.196747 ) 
3 255 258 0 (-832 -3919.109131 20 ) (-933.099304 -3744 20 ) (-832 -3685.630127 20 ) 
4 255 256 0 (-888 -3822.114502 20 ) (-729.873169 -4096 20 ) (-729.873413 -4096 110.196747 ) (-888 -3822.114746 110.196747 ) 
4 256 320 0 (-1024 -4096 20 ) (-1024 -4096 110.196747 ) (-1024 -3900.631592 110.196747 ) (-1024 -3900.631592 20 ) 
4 256 274 0 (-995.232605 -4096 20 ) (-832 -4096 20 ) (-832 -4096 106.196747 ) (-995.232605 -4096 106.196747 ) 
4 256 273 0 (-1024 -4096 106.196747 ) (-1024 -4096 20 ) (-995.232605 -4096 20 ) (-995.232605 -4096 106.196747 ) 
4 256 270 0 (-832 -4096 20 ) (-729.872009 -4096 20 ) (-729.872009 -4096 106.196747 ) (-832 -4096 106.196747 ) 
4 256 269 0 (-1024 -4096 110.196747 ) (-1024 -4096 106.196747 ) (-729.872009 -4096 106.196747 ) (-729.872009 -4096 110.196747 ) 
5 256 258 0 (-832 -4096 20 ) (-1024 -4096 20 ) (-1024 -3900.631592 20 ) (-888 -3822.114014 20 ) (-832 -3919.109131 20 ) 
4 257 336 0 (-1024 -3401.116211 20 ) (-1024 -3427.475342 20 ) (-1024 -3427.965820 24.136709 ) (-1024 -3401.967529 27.180058 ) 
3 257 335 0 (-1024 -3427.475342 20 ) (-1024 -3463.304199 20 ) (-1024 -3427.965820 24.136709 ) 
4 257 334 0 (-1024 -3072 65.806053 ) (-1024 -3072 20 ) (-1024 -3401.116211 20 ) (-1024 -3401.967529 27.180058 ) 
4 257 332 0 (-1024 -3430.639160 110.196747 ) (-1024 -3419.342529 110.196747 ) (-1024 -3409.395508 26.310541 ) (-1024 -3420.537842 25.006224 ) 
4 257 327 0 (-1024 -3419.342529 110.196747 ) (-1024 -3072 110.196747 ) (-1024 -3072 65.806053 ) (-1024 -3409.395508 26.310541 ) 
5 257 325 0 (-1024 -3488.900635 110.196747 ) (-1024 -3430.639160 110.196747 ) (-1024 -3420.537842 25.006224 ) (-1024 -3463.304199 20 ) (-1024 -3488.900635 20 ) 
4 257 259 0 (-1024 -3072 20 ) (-869.681152 -3072 20 ) (-967.326782 -3436.418457 20 ) (-1024 -3375.173828 20 ) 
4 257 258 0 (-967.326782 -3436.418457 20 ) (-984.243713 -3499.553223 20 ) (-1024 -3488.900635 20 ) (-1024 -3375.173828 20 ) 
4 258 274 0 (-995.232605 -4096 16 ) (-832 -4096 16 ) (-832 -4096 20 ) (-995.232605 -4096 20 ) 
4 258 273 0 (-1024 -4096 20 ) (-1024 -4096 16 ) (-995.232605 -4096 16 ) (-995.232605 -4096 20 ) 
4 258 259 0 (-949.093872 -3456.126953 16 ) (-1024 -3375.178711 16 ) (-1024 -3375.177734 20 ) (-949.093567 -3456.126465 20 ) 
4 259 260 0 (-882.888550 -3394.865723 16 ) (-832 -3347.775635 16 ) (-832 -3347.775635 20 ) (-882.888550 -3394.865723 20 ) 
4 261 279 0 (-288 -4096 -32 ) (0 -4096 -32 ) (0 -4096 -16 ) (-288 -4096 -16 ) 
4 261 263 0 (0 -4096 -32 ) (-288 -4096 -32 ) (-288 -3072 -32 ) (0 -3072 -32 ) 
4 262 337 0 (-1024 -4096 -32 ) (-1024 -4096 -16 ) (-1024 -3072 -16 ) (-1024 -3072 -32 ) 
4 262 280 0 (-1024 -4096 -16 ) (-1024 -4096 -32 ) (-672 -4096 -32 ) (-672 -4096 -16 ) 
4 262 263 0 (-672 -4096 -32 ) (-1024 -4096 -32 ) (-1024 -3072 -32 ) (-672 -3072 -32 ) 
4 263 338 0 (-1024 -4096 -96 ) (-1024 -4096 -32 ) (-1024 -3072 -32 ) (-1024 -3072 -96 ) 
4 263 282 0 (-1024 -4096 -32 ) (-1024 -4096 -96 ) (0 -4096 -96 ) (0 -4096 -32 ) 
4 264 340 0 (-1024 -5120 428 ) (-1024 -5120 528 ) (-1024 -4096 528 ) (-1024 -4096 428 ) 
4 264 283 0 (-1024 -5120 528 ) (-1024 -5120 428 ) (0 -5120 428 ) (0 -5120 528 ) 
4 264 278 0 (0 -5120 428 ) (-1024 -5120 428 ) (-1024 -4960 428 ) (0 -4960 428 ) 
4 264 276 0 (-832 -4832 428 ) (-288 -4832 428 ) (-288 -4960 428 ) (-832 -4960 428 ) 
4 264 277 0 (-1024 -4960 428 ) (-1024 -4832 428 ) (-832 -4832 428 ) (-832 -4960 428 ) 
4 264 269 0 (-1024 -4832 428 ) (-1024 -4096 428 ) (-672 -4096 428 ) (-672 -4832 428 ) 
4 264 268 0 (-288 -4096 428 ) (-128 -4096 428 ) (-128 -4960 428 ) (-288 -4960 428 ) 
5 264 266 0 (-106.059387 -4096 428 ) (0 -4096 428 ) (0 -4960 428 ) (-128 -4960 428 ) (-128 -4196.803223 428 ) 
3 264 265 0 (-128 -4096 428 ) (-106.059387 -4096 428 ) (-128 -4196.803223 428 ) 
4 265 268 0 (-128 -4196.803223 20 ) (-128 -4196.803223 428 ) (-128 -4096 428 ) (-128 -4096 20 ) 
4 265 267 0 (-128 -4196.802734 112 ) (-128 -4196.802734 16 ) (-125.408409 -4184.895996 16 ) (-125.408432 -4184.895996 112 ) 
4 265 266 0 (-128 -4196.802734 428 ) (-128 -4196.802734 112 ) (-106.059807 -4096 112 ) (-106.060684 -4096 428 ) 
4 266 278 0 (0 -4960 138.126068 ) (0 -4960 428 ) (-128 -4960 428 ) (-128 -4960 126.755920 ) 
4 266 268 0 (-128 -4960 126.755913 ) (-128 -4960 428 ) (-128 -4196.803223 428 ) (-128 -4196.803223 112 ) 
5 266 267 0 (0 -4960 138.125732 ) (-128 -4960 126.755592 ) (-128 -4196.807617 112 ) (-125.407463 -4184.896484 112 ) (0 -4212.192383 123.667458 ) 
4 267 278 0 (0 -4960 16 ) (0 -4960 138.126068 ) (-128 -4960 126.755920 ) (-128 -4960 16 ) 
4 267 268 0 (-128 -4960 20 ) (-128 -4960 126.755913 ) (-128 -4196.803223 112 ) (-128 -4196.803223 20 ) 
4 268 278 0 (-128 -4960 428 ) (-288 -4960 428 ) (-288 -4960 20 ) (-128 -4960 20 ) 
4 268 276 0 (-288 -4960 20 ) (-288 -4960 428 ) (-288 -4832 428 ) (-288 -4832 20 ) 
4 269 340 0 (-1024 -4832 428 ) (-1024 -4096 428 ) (-1024 -4096 106.196747 ) (-1024 -4832 106.196747 ) 
4 269 276 0 (-672 -4832 106.196747 ) (-672 -4832 428 ) (-832 -4832 428 ) (-832 -4832 106.196747 ) 
4 269 277 0 (-832 -4832 428 ) (-1024 -4832 428 ) (-1024 -4832 106.196747 ) (-832 -4832 106.196747 ) 
4 269 275 0 (-846.513062 -4281.519531 106.196747 ) (-994.013855 -4832 106.196747 ) (-1024 -4832 106.196747 ) (-1024 -4233.961914 106.196747 ) 
4 269 274 0 (-995.232605 -4096 106.196747 ) (-832 -4096 106.196747 ) (-832 -4192.029785 106.196747 ) (-1008.305603 -4144.789062 106.196747 ) 
3 269 273 0 (-1024 -4096 106.196747 ) (-995.232605 -4096 106.196747 ) (-1024 -4203.361328 106.196747 ) 
3 269 272 0 (-832 -4227.355957 106.196747 ) (-832 -4832 106.196747 ) (-994.013855 -4832 106.196747 ) 
5 269 271 0 (-672 -4234.901855 106.196747 ) (-672 -4832 106.196747 ) (-832 -4832 106.196747 ) (-832 -4227.355957 106.196747 ) (-823.168457 -4194.395996 106.196747 ) 
4 269 270 0 (-832 -4096 106.196747 ) (-672 -4096 106.196747 ) (-672 -4234.901855 106.196747 ) (-832 -4192.029785 106.196747 ) 
4 270 274 0 (-832 -4192.029785 106.196747 ) (-832 -4096 106.196747 ) (-832 -4096 20 ) (-832 -4192.029785 20 ) 
4 270 271 0 (-823.168457 -4194.395996 20 ) (-672 -4234.901855 20 ) (-672 -4234.902832 106.196747 ) (-823.168457 -4194.396484 106.196747 ) 
4 271 276 0 (-672 -4832 20 ) (-672 -4832 106.196747 ) (-832 -4832 106.196747 ) (-832 -4832 20 ) 
4 271 272 0 (-832 -4832 20 ) (-832 -4832 106.196747 ) (-832 -4227.355957 106.196747 ) (-832 -4227.355957 20 ) 
4 272 277 0 (-832 -4832 106.196747 ) (-994.013855 -4832 106.196747 ) (-994.013855 -4832 16 ) (-832 -4832 16 ) 
4 272 275 0 (-846.511414 -4281.520020 16 ) (-994.012024 -4832 16 ) (-994.012878 -4832 106.196747 ) (-846.511475 -4281.520020 106.196747 ) 
4 273 341 0 (-1024 -4096 106.196747 ) (-1024 -4096 20 ) (-1024 -4203.361328 20 ) (-1024 -4203.361328 106.196747 ) 
4 273 274 0 (-1008.307556 -4144.788574 16 ) (-995.234680 -4096 16 ) (-995.234802 -4096 106.196747 ) (-1008.307617 -4144.788574 106.196747 ) 
4 275 342 0 (-1024 -4832 20 ) (-1024 -4832 106.196747 ) (-1024 -4233.961914 106.196747 ) (-1024 -4233.961914 20 ) 
4 275 277 0 (-994.013855 -4832 106.196747 ) (-1024 -4832 106.196747 ) (-1024 -4832 16 ) (-994.013855 -4832 16 ) 
4 276 278 0 (-288 -4960 20 ) (-288 -4960 428 ) (-832 -4960 428 ) (-832 -4960 20 ) 
4 276 277 0 (-832 -4832 428 ) (-832 -4832 20 ) (-832 -4960 20 ) (-832 -4960 428 ) 
4 277 342 0 (-1024 -4832 106.196747 ) (-1024 -4832 20 ) (-1024 -4960 20 ) (-1024 -4960 106.196747 ) 
4 277 340 0 (-1024 -4960 428 ) (-1024 -4832 428 ) (-1024 -4832 106.196747 ) (-1024 -4960 106.196747 ) 
4 277 278 0 (-832 -4960 428 ) (-1024 -4960 428 ) (-1024 -4960 16 ) (-832 -4960 16 ) 
4 278 342 0 (-1024 -5120 20 ) (-1024 -5120 106.196747 ) (-1024 -4960 106.196747 ) (-1024 -4960 20 ) 
4 278 340 0 (-1024 -5120 106.196747 ) (-1024 -5120 428 ) (-1024 -4960 428 ) (-1024 -4960 106.196747 ) 
4 278 283 0 (-1024 -5120 428 ) (-1024 -5120 16 ) (0 -5120 16 ) (0 -5120 428 ) 
4 279 282 0 (-288 -4096 -32 ) (0 -4096 -32 ) (0 -4832 -32 ) (-288 -4832 -32 ) 
4 279 281 0 (-288 -4832 -32 ) (0 -4832 -32 ) (0 -4832 -16 ) (-288 -4832 -16 ) 
4 280 364 0 (-1024 -4096 -16 ) (-1024 -4096 -32 ) (-1024 -4832 -32 ) (-1024 -4832 -16 ) 
4 280 282 0 (-1024 -4832 -32 ) (-1024 -4096 -32 ) (-672 -4096 -32 ) (-672 -4832 -32 ) 
4 280 281 0 (-1024 -4832 -32 ) (-672 -4832 -32 ) (-672 -4832 -16 ) (-1024 -4832 -16 ) 
4 281 364 0 (-1024 -5120 -32 ) (-1024 -5120 -16 ) (-1024 -4832 -16 ) (-1024 -4832 -32 ) 
4 281 285 0 (-1024 -5120 -16 ) (-1024 -5120 -32 ) (0 -5120 -32 ) (0 -5120 -16 ) 
4 281 282 0 (0 -5120 -32 ) (-1024 -5120 -32 ) (-1024 -4832 -32 ) (0 -4832 -32 ) 
4 282 366 0 (-1024 -5120 -96 ) (-1024 -5120 -32 ) (-1024 -4096 -32 ) (-1024 -4096 -96 ) 
4 282 285 0 (-1024 -5120 -32 ) (-1024 -5120 -96 ) (0 -5120 -96 ) (0 -5120 -32 ) 
4 283 383 0 (-1024 -6047.292480 30.085108 ) (-1024 -6021.291992 30.085108 ) (-1024 -6021.291992 22 ) (-1024 -6047.292480 22 ) 
4 283 382 0 (-1024 -6021.291992 30.085108 ) (-1024 -5120 30.085108 ) (-1024 -5120 22 ) (-1024 -6021.291992 22 ) 
4 283 381 0 (-1024 -6144 22 ) (-1024 -6144 30.085108 ) (-1024 -6047.292480 30.085108 ) (-1024 -6047.292480 22 ) 
4 283 379 0 (-1024 -6039.863770 195.829773 ) (-1024 -6028.720703 195.829773 ) (-1024 -6028.720703 30.085108 ) (-1024 -6039.863770 30.085108 ) 
4 283 378 0 (-1024 -6028.720703 195.829773 ) (-1024 -5120 195.829773 ) (-1024 -5120 30.085108 ) (-1024 -6028.720703 30.085108 ) 
4 283 377 0 (-1024 -6144 30.085108 ) (-1024 -6144 195.829773 ) (-1024 -6039.863770 195.829773 ) (-1024 -6039.863770 30.085108 ) 
4 283 384 0 (-1024 -6144 20 ) (-1024 -6144 22 ) (-1024 -5120 22 ) (-1024 -5120 20 ) 
4 283 374 0 (-1024 -6043.578125 212 ) (-1024 -6021.291992 212 ) (-1024 -6021.291992 203.914886 ) (-1024 -6043.578125 203.914886 ) 
4 283 373 0 (-1024 -6144 203.914886 ) (-1024 -6144 212 ) (-1024 -6043.578125 212 ) (-1024 -6043.578125 203.914886 ) 
4 283 372 0 (-1024 -6021.291992 212 ) (-1024 -5120 212 ) (-1024 -5120 203.914886 ) (-1024 -6021.291992 203.914886 ) 
4 283 375 0 (-1024 -6144 195.829773 ) (-1024 -6144 203.914886 ) (-1024 -5120 203.914886 ) (-1024 -5120 195.829773 ) 
4 283 367 0 (-1024 -6144 212 ) (-1024 -6144 528 ) (-1024 -5120 528 ) (-1024 -5120 212 ) 
4 283 286 0 (-1024 -6144 528 ) (-1024 -6144 16 ) (0 -6144 16 ) (0 -6144 528 ) 
4 284 438 0 (-1024 -6144 -16 ) (-1024 -6144 -4 ) (-1024 -5806.779297 -4 ) (-1024 -5806.779297 -16 ) 
4 284 289 0 (-1024 -6144 -4 ) (-1024 -6144 -16 ) (0 -6144 -16 ) (0 -6144 -4 ) 
4 284 285 0 (0 -6144 -16 ) (-1024 -6144 -16 ) (-1024 -5806.779297 -16 ) (0 -5841.491211 -16 ) 
4 285 445 0 (-1024 -6144 -96 ) (-1024 -6144 -32 ) (-1024 -5120 -32 ) (-1024 -5120 -96 ) 
4 285 440 0 (-1024 -6144 -32 ) (-1024 -6144 -16 ) (-1024 -5120 -16 ) (-1024 -5120 -32 ) 
4 285 289 0 (-1024 -6144 -16 ) (-1024 -6144 -96 ) (0 -6144 -96 ) (0 -6144 -16 ) 
4 286 448 0 (-1024 -6592 16 ) (-1024 -6688 16 ) (-1024 -6688 528 ) (-1024 -6592 528 ) 
4 286 446 0 (-1024 -6144 528 ) (-1024 -6144 20 ) (-1024 -6592 20 ) (-1024 -6592 528 ) 
4 286 287 0 (0 -6688 16 ) (-1024 -6688 16 ) (-1024 -6592 16 ) (0 -6592 16 ) 
4 287 448 0 (-1024 -6592 0 ) (-1024 -6688 0 ) (-1024 -6688 16 ) (-1024 -6592 16 ) 
4 287 288 0 (-1024 -6688 0 ) (-1024 -6592 0 ) (0 -6592 0 ) (0 -6688 0 ) 
4 288 450 0 (-1024 -6688 -4 ) (-1024 -6688 0 ) (-1024 -6592 0 ) (-1024 -6592 -4 ) 
4 288 289 0 (0 -6688 -4 ) (-1024 -6688 -4 ) (-1024 -6592 -4 ) (0 -6592 -4 ) 
4 289 452 0 (-1024 -6688 -96 ) (-1024 -6688 -4 ) (-1024 -6144 -4 ) (-1024 -6144 -96 ) 
4 290 291 0 (-1172 448 0 ) (-1172 640 0 ) (-1024 640 0 ) (-1024 448 0 ) 
4 291 292 2 (-1172 448 -16 ) (-1172 640 -16 ) (-1024 640 -16 ) (-1024 448 -16 ) 
4 292 293 0 (-1184 448 -32 ) (-1184 640 -32 ) (-1024 640 -32 ) (-1024 448 -32 ) 
4 293 294 0 (-1184 0 -96 ) (-1024 0 -96 ) (-1024 0 -32 ) (-1184 0 -32 ) 
4 294 299 0 (-1184 -1024 -96 ) (-1024 -1024 -96 ) (-1024 -1024 -32 ) (-1184 -1024 -32 ) 
4 295 311 0 (-1024 -2048 22 ) (-1024 -2048 30.085108 ) (-1068.122681 -2048 30.085108 ) (-1068.122681 -2048 22 ) 
4 295 309 0 (-1068.122681 -2048 30.085108 ) (-1168 -2048 30.085108 ) (-1168 -2048 22 ) (-1068.122681 -2048 22 ) 
4 295 307 0 (-1024 -2048 30.085108 ) (-1024 -2048 195.829773 ) (-1064.961304 -2048 195.829773 ) (-1064.961304 -2048 30.085108 ) 
4 295 305 0 (-1064.961304 -2048 195.829773 ) (-1168 -2048 195.829773 ) (-1168 -2048 30.085108 ) (-1064.961304 -2048 30.085108 ) 
4 295 313 0 (-1024 -2048 20 ) (-1024 -2048 22 ) (-1168 -2048 22 ) (-1168 -2048 20 ) 
4 295 304 0 (-1024 -2048 200.818207 ) (-1024 -2048 212 ) (-1061.799927 -2048 212 ) (-1064.961182 -2048 195.829773 ) 
3 295 303 0 (-1024 -2048 195.829773 ) (-1024 -2048 200.818207 ) (-1064.961182 -2048 195.829773 ) 
4 295 302 0 (-1061.799927 -2048 212 ) (-1168 -2048 212 ) (-1168 -2048 195.829773 ) (-1064.961182 -2048 195.829773 ) 
4 295 300 0 (-1024 -2048 212 ) (-1024 -2048 528 ) (-1168 -2048 528 ) (-1168 -2048 212 ) 
4 295 296 0 (-1168 -2016 20 ) (-1168 -2014.777100 20 ) (-1024 -1838.675049 20 ) (-1024 -1839.673462 20 ) 
4 297 317 0 (-1168 -2048 -32 ) (-1024 -2048 -32 ) (-1024 -2048 -16 ) (-1168 -2048 -16 ) 
4 297 299 0 (-1024 -2048 -32 ) (-1168 -2048 -32 ) (-1168 -2014.777100 -32 ) (-1024 -1838.675049 -32 ) 
4 298 319 0 (-1184 -2048 -32 ) (-1172 -2048 -32 ) (-1172 -2048 -16 ) (-1184 -2048 -16 ) 
4 298 299 0 (-1172 -2048 -32 ) (-1184 -2048 -32 ) (-1184 -2016.374023 -32 ) (-1172 -2015.303223 -32 ) 
4 299 318 0 (-1172 -2048 -96 ) (-1024 -2048 -96 ) (-1024 -2048 -32 ) (-1172 -2048 -32 ) 
4 299 319 0 (-1184 -2048 -96 ) (-1172 -2048 -96 ) (-1172 -2048 -32 ) (-1184 -2048 -32 ) 
4 300 327 0 (-1024 -3072 212 ) (-1024 -3072 528 ) (-1168 -3072 528 ) (-1168 -3072 212 ) 
4 300 304 0 (-1061.799927 -2048 212 ) (-1024 -2048 212 ) (-1024 -2460.054688 212 ) (-1064.655884 -2459.772705 212 ) 
4 300 302 0 (-1168 -2470.199219 212 ) (-1168 -2048 212 ) (-1061.799927 -2048 212 ) (-1064.733154 -2470.915527 212 ) 
4 300 301 0 (-1024 -3072 212 ) (-1168 -3072 212 ) (-1168 -2470.199219 212 ) (-1024 -2471.197998 212 ) 
4 301 327 0 (-1024 -3072 195.829773 ) (-1024 -3072 212 ) (-1168 -3072 212 ) (-1168 -3072 195.829773 ) 
4 301 314 0 (-1024 -3072 195.829773 ) (-1050.196777 -3072 195.829773 ) (-1050.196777 -2696.332031 195.829773 ) (-1024 -2696.332031 195.829773 ) 
4 301 316 0 (-1050.196777 -3072 195.829773 ) (-1168 -3072 195.829773 ) (-1168 -2696.332031 195.829773 ) (-1050.196777 -2696.332031 195.829773 ) 
4 301 306 0 (-1067.894409 -2470.893555 195.829773 ) (-1024 -2471.197998 195.829773 ) (-1024 -2696.332031 195.829773 ) (-1069.457886 -2696.332031 195.829773 ) 
4 301 305 0 (-1168 -2696.332031 195.829773 ) (-1168 -2470.199219 195.829773 ) (-1067.894409 -2470.893555 195.829773 ) (-1069.457886 -2696.332031 195.829773 ) 
3 301 303 0 (-1024 -2471.197998 195.829773 ) (-1067.894287 -2470.893555 195.829773 ) (-1024 -2471.197998 201.175674 ) 
4 301 302 0 (-1067.894287 -2470.893555 195.829773 ) (-1168 -2470.199219 195.829773 ) (-1168 -2470.199219 212 ) (-1064.733154 -2470.915527 212 ) 
4 302 305 0 (-1168 -2470.199219 195.829773 ) (-1168 -2048 195.829773 ) (-1064.961182 -2048 195.829773 ) (-1067.894287 -2470.893555 195.829773 ) 
4 302 304 0 (-1067.817261 -2459.750732 195.829773 ) (-1064.961426 -2048 195.829773 ) (-1061.800049 -2048 212 ) (-1064.656006 -2459.772705 212 ) 
4 303 308 0 (-1024 -2460.054688 195.829773 ) (-1024 -2471.197998 195.829773 ) (-1055.249512 -2470.981201 195.829773 ) (-1055.172241 -2459.838379 195.829773 ) 
4 303 307 0 (-1064.961182 -2048 195.829773 ) (-1024 -2048 195.829773 ) (-1024 -2460.054688 195.829773 ) (-1067.817017 -2459.750732 195.829773 ) 
4 303 304 0 (-1064.959595 -2048 195.830093 ) (-1067.815308 -2459.750732 195.830093 ) (-1024 -2460.054688 201.166367 ) (-1024 -2048 200.818329 ) 
4 305 316 0 (-1069.457886 -2696.332031 195.829773 ) (-1168 -2696.332031 195.829773 ) (-1168 -2696.332031 30.085108 ) (-1069.458008 -2696.332031 30.085108 ) 
4 305 311 0 (-1070.926880 -2452.300537 30.085108 ) (-1068.122681 -2048 30.085108 ) (-1064.961304 -2048 30.085108 ) (-1067.765503 -2452.322510 30.085108 ) 
4 305 310 0 (-1069.457886 -2696.332031 30.085108 ) (-1072.619385 -2696.332031 30.085108 ) (-1071.107178 -2478.300049 30.085108 ) (-1067.945801 -2478.322021 30.085108 ) 
4 305 309 0 (-1072.619385 -2696.332031 30.085108 ) (-1168 -2696.332031 30.085108 ) (-1168 -2048 30.085108 ) (-1068.122681 -2048 30.085108 ) 
4 305 307 0 (-1067.817017 -2459.750732 30.085108 ) (-1064.961304 -2048 30.085108 ) (-1064.961304 -2048 195.829773 ) (-1067.817017 -2459.750732 195.829773 ) 
4 305 306 0 (-1069.457886 -2696.332031 195.829773 ) (-1069.457886 -2696.332031 30.085108 ) (-1067.894287 -2470.893555 30.085108 ) (-1067.894287 -2470.893555 195.829773 ) 
4 306 314 0 (-1024 -2696.332031 110.196747 ) (-1024 -2696.332031 195.829773 ) (-1050.196777 -2696.332031 195.829773 ) (-1050.196777 -2696.332031 110.196747 ) 
4 306 316 0 (-1050.196777 -2696.332031 195.829773 ) (-1069.457886 -2696.332031 195.829773 ) (-1069.458008 -2696.332031 30.085108 ) (-1050.196777 -2696.332031 30.085108 ) 
4 306 312 0 (-1036.282227 -2471.112793 30.085108 ) (-1024 -2471.197998 30.085108 ) (-1024 -2478.626709 30.085108 ) (-1036.333740 -2478.541016 30.085108 ) 
4 306 310 0 (-1024 -2696.332031 30.085108 ) (-1069.457886 -2696.332031 30.085108 ) (-1067.945801 -2478.321777 30.085108 ) (-1024 -2478.626709 30.085108 ) 
4 306 308 0 (-1024 -2471.197998 30.085108 ) (-1055.249512 -2470.981201 30.085108 ) (-1055.249512 -2470.981201 195.829773 ) (-1024 -2471.197998 195.829773 ) 
4 307 312 0 (-1036.153442 -2452.541748 30.085108 ) (-1024 -2452.625977 30.085108 ) (-1024 -2460.054688 30.085108 ) (-1036.204956 -2459.969971 30.085108 ) 
4 307 311 0 (-1067.765503 -2452.322510 30.085108 ) (-1064.961304 -2048 30.085108 ) (-1024 -2048 30.085108 ) (-1024 -2452.625977 30.085108 ) 
4 307 308 0 (-1055.172241 -2459.838379 30.085108 ) (-1024 -2460.054688 30.085108 ) (-1024 -2460.054688 195.829773 ) (-1055.172241 -2459.838379 195.829773 ) 
4 308 312 0 (-1036.204956 -2459.969971 30.085108 ) (-1024 -2460.054688 30.085108 ) (-1024 -2471.197998 30.085108 ) (-1036.282227 -2471.112793 30.085108 ) 
4 309 316 0 (-1072.619263 -2696.332031 30.085108 ) (-1168 -2696.332031 30.085108 ) (-1168 -2696.332031 22 ) (-1072.619263 -2696.332031 22 ) 
4 309 311 0 (-1070.926636 -2452.300537 22 ) (-1068.122559 -2048 22 ) (-1068.122559 -2048 30.085108 ) (-1070.926636 -2452.300537 30.085108 ) 
4 309 310 0 (-1072.619141 -2696.332031 22 ) (-1071.106934 -2478.300049 22 ) (-1071.106934 -2478.300049 30.085108 ) (-1072.619141 -2696.332031 30.085108 ) 
4 309 313 0 (-1072.619263 -2696.332031 22 ) (-1168 -2696.332031 22 ) (-1168 -2048 22 ) (-1068.122681 -2048 22 ) 
4 310 316 0 (-1050.196777 -2696.332031 30.085108 ) (-1072.619263 -2696.332031 30.085108 ) (-1072.619263 -2696.332031 22 ) (-1050.196777 -2696.332031 22 ) 
4 310 312 0 (-1024 -2478.626465 22 ) (-1036.333740 -2478.541016 22 ) (-1036.333740 -2478.541016 30.085108 ) (-1024 -2478.626465 30.085108 ) 
4 310 313 0 (-1024 -2696.332031 22 ) (-1072.619263 -2696.332031 22 ) (-1071.107056 -2478.300049 22 ) (-1024 -2478.626465 22 ) 
4 311 312 0 (-1036.153442 -2452.541504 22 ) (-1024 -2452.625732 22 ) (-1024 -2452.625732 30.085108 ) (-1036.153442 -2452.541504 30.085108 ) 
4 311 313 0 (-1070.926758 -2452.300537 22 ) (-1068.122681 -2048 22 ) (-1024 -2048 22 ) (-1024 -2452.625732 22 ) 
4 312 313 0 (-1036.153442 -2452.541504 22 ) (-1024 -2452.625732 22 ) (-1024 -2478.626465 22 ) (-1036.333740 -2478.541016 22 ) 
4 313 316 0 (-1168 -2696.332031 20 ) (-1050.196777 -2696.332031 20 ) (-1050.196777 -2696.332031 22 ) (-1168 -2696.332031 22 ) 
4 314 327 0 (-1024 -3072 110.196747 ) (-1024 -3072 195.829773 ) (-1050.196777 -3072 195.829773 ) (-1050.196777 -3072 110.196747 ) 
4 314 315 0 (-1024 -3072 110.196747 ) (-1050.196777 -3072 110.196747 ) (-1050.196777 -2952 110.196747 ) (-1024 -2952 110.196747 ) 
4 314 316 0 (-1050.196777 -2696.332031 195.829773 ) (-1050.196777 -2696.332031 110.196747 ) (-1050.196777 -3072 110.196747 ) (-1050.196777 -3072 195.829773 ) 
4 315 334 0 (-1024 -3072 20 ) (-1024 -3072 65.806053 ) (-1030.172363 -3072 65.726433 ) (-1030.209717 -3072 20 ) 
4 315 333 0 (-1030.172363 -3072 65.726433 ) (-1050.196777 -3072 65.468132 ) (-1050.196777 -3072 20 ) (-1030.209717 -3072 20 ) 
4 315 327 0 (-1024 -3072 65.806053 ) (-1024 -3072 110.196747 ) (-1050.196777 -3072 110.196747 ) (-1050.196777 -3072 65.468132 ) 
4 315 316 0 (-1050.196777 -2952 20 ) (-1050.196777 -3072 20 ) (-1050.196777 -3072 110.196747 ) (-1050.196777 -2952 110.196747 ) 
4 316 333 0 (-1168 -3072 63.948578 ) (-1168 -3072 20 ) (-1050.196777 -3072 20 ) (-1050.196777 -3072 65.468140 ) 
4 316 327 0 (-1050.196777 -3072 195.829773 ) (-1168 -3072 195.829773 ) (-1168 -3072 63.948578 ) (-1050.196777 -3072 65.468140 ) 
4 317 337 0 (-1024 -3072 -32 ) (-1024 -3072 -16 ) (-1168 -3072 -16 ) (-1168 -3072 -32 ) 
4 317 318 0 (-1024 -3072 -32 ) (-1168 -3072 -32 ) (-1168 -2048 -32 ) (-1024 -2048 -32 ) 
4 318 338 0 (-1024 -3072 -96 ) (-1024 -3072 -32 ) (-1172 -3072 -32 ) (-1172 -3072 -96 ) 
4 318 319 0 (-1172 -2048 -96 ) (-1172 -3072 -96 ) (-1172 -3072 -32 ) (-1172 -2048 -32 ) 
4 319 339 0 (-1172 -3072 -16 ) (-1184 -3072 -16 ) (-1184 -3072 -96 ) (-1172 -3072 -96 ) 
4 320 341 0 (-1024 -4096 20 ) (-1024 -4096 106.196747 ) (-1168 -4096 106.196747 ) (-1168 -4096 20 ) 
4 320 340 0 (-1024 -4096 106.196747 ) (-1024 -4096 528 ) (-1168 -4096 528 ) (-1168 -4096 106.196747 ) 
4 320 326 0 (-1053.993896 -3917.940918 20 ) (-1168 -3983.760742 20 ) (-1168 -3983.761475 110.196747 ) (-1053.993530 -3917.941406 110.196747 ) 
4 320 321 0 (-1168 -3983.761475 110.196747 ) (-1168 -3983.764648 528 ) (-1024 -3900.628418 528 ) (-1024 -3900.625000 110.196747 ) 
4 321 332 0 (-1024 -3440.053467 189.611862 ) (-1024 -3430.636963 110.196747 ) (-1055.805542 -3426.907227 110.196747 ) (-1056.830322 -3436.206787 189.638672 ) 
3 321 331 0 (-1068.364746 -3425.434570 110.196747 ) (-1083.901123 -3423.612549 110.196747 ) (-1069.389648 -3434.735107 189.648926 ) 
3 321 330 0 (-1024 -3469.524414 438.162323 ) (-1024 -3441.957764 205.670898 ) (-1066.457031 -3436.982910 205.705551 ) 
3 321 329 0 (-1024 -3440.709961 195.147964 ) (-1024 -3440.053467 189.611862 ) (-1069.389648 -3434.735107 189.648926 ) 
5 321 328 0 (-1168 -3413.750732 110.196747 ) (-1168 -3463.290283 528 ) (-1024 -3480.176514 528 ) (-1024 -3469.524414 438.162323 ) (-1083.901123 -3423.612549 110.196747 ) 
4 321 326 0 (-1053.990356 -3917.947021 110.196747 ) (-1168 -3983.768799 110.196747 ) (-1168 -3879.619873 110.196747 ) (-1099.088867 -3839.833984 110.196747 ) 
4 321 325 0 (-1058.085693 -3426.641602 110.196747 ) (-1024 -3430.638672 110.196747 ) (-1024 -3488.900635 110.196747 ) (-1071.367188 -3476.208740 110.196747 ) 
5 321 324 0 (-1033.851074 -3684.690430 110.196747 ) (-1071.090332 -3823.668945 110.196747 ) (-1168 -3879.619873 110.196747 ) (-1168 -3836.847412 110.196747 ) (-1120.974487 -3661.345947 110.196747 ) 
3 321 323 0 (-1024 -3647.925781 110.196747 ) (-1024 -3796.481445 110.196747 ) (-1071.090332 -3823.668945 110.196747 ) 
3 321 322 0 (-1168 -3413.752441 110.196747 ) (-1058.085693 -3426.641602 110.196747 ) (-1168 -3836.847412 110.196747 ) 
4 322 335 0 (-1066.649902 -3458.603516 20 ) (-1075.394897 -3457.639893 20 ) (-1071.265625 -3422.427734 24.175179 ) (-1057.392212 -3424.053467 24.163845 ) 
4 322 333 0 (-1075.394897 -3457.639893 20 ) (-1168 -3447.435547 20 ) (-1168 -3403.665283 25.123732 ) (-1070.406372 -3415.100342 25.044016 ) 
4 322 331 0 (-1067.266357 -3415.466797 25.043629 ) (-1099.448975 -3411.695801 25.069914 ) (-1083.901123 -3423.612549 110.196747 ) (-1068.364746 -3425.434326 110.196747 ) 
4 322 328 0 (-1099.448975 -3411.695801 25.069914 ) (-1168 -3403.663818 25.125902 ) (-1168 -3413.750732 110.196747 ) (-1083.901123 -3423.612549 110.196747 ) 
5 322 325 0 (-1071.365967 -3476.208984 20 ) (-1066.661865 -3458.653320 20 ) (-1055.462280 -3416.855957 25.037830 ) (-1058.085693 -3426.646240 110.196747 ) (-1071.366089 -3476.208984 110.196747 ) 
4 322 324 0 (-1168 -3836.851074 20 ) (-1120.973389 -3661.346191 20 ) (-1120.973511 -3661.346191 110.196747 ) (-1168 -3836.851074 110.196747 ) 
4 323 324 0 (-1071.090210 -3823.677490 20 ) (-1071.090210 -3823.677490 110.196747 ) (-1033.848877 -3684.690918 110.196747 ) (-1033.848877 -3684.690918 20 ) 
4 324 326 0 (-1168 -3879.618652 20 ) (-1099.089355 -3839.833008 20 ) (-1099.089233 -3839.833496 110.196747 ) (-1168 -3879.619141 110.196747 ) 
4 325 336 0 (-1035.868408 -3419.147217 25.015804 ) (-1024 -3420.537842 25.006109 ) (-1024 -3427.965576 24.136618 ) (-1036.727661 -3426.474365 24.146996 ) 
4 325 335 0 (-1024 -3463.303223 20 ) (-1066.649902 -3458.603516 20 ) (-1057.392212 -3424.053467 24.163845 ) (-1024 -3427.965576 24.136618 ) 
4 325 332 0 (-1024 -3420.536133 25.008291 ) (-1054.707153 -3416.938232 25.033371 ) (-1055.805542 -3426.907227 110.196747 ) (-1024 -3430.636963 110.196747 ) 
4 327 336 0 (-1024 -3401.967529 27.179941 ) (-1024 -3409.395508 26.310427 ) (-1034.579590 -3408.156006 26.319063 ) (-1033.720337 -3400.828613 27.187878 ) 
4 327 334 0 (-1030.172363 -3072 65.726311 ) (-1024 -3072 65.805931 ) (-1024 -3401.967529 27.179941 ) (-1068.258179 -3396.781738 27.216076 ) 
4 327 333 0 (-1168 -3392.523438 26.427992 ) (-1168 -3072 63.948467 ) (-1030.172363 -3072 65.726311 ) (-1069.117432 -3404.109131 26.347261 ) 
4 327 332 0 (-1053.418457 -3405.948730 26.330296 ) (-1024 -3409.395752 26.306269 ) (-1024 -3428.914062 190.915802 ) (-1055.541748 -3425.218262 190.941559 ) 
3 327 331 0 (-1098.161499 -3400.706299 26.366838 ) (-1065.977783 -3404.477295 26.340553 ) (-1068.100952 -3423.746582 190.951813 ) 
3 327 330 0 (-1024 -3430.818115 206.974884 ) (-1024 -3457.548584 432.410248 ) (-1065.168335 -3425.994385 207.008545 ) 
3 327 329 0 (-1024 -3428.914062 190.915802 ) (-1024 -3429.551758 196.294785 ) (-1068.100952 -3423.746582 190.951813 ) 
5 327 328 0 (-1168 -3392.523438 26.423878 ) (-1098.161499 -3400.706299 26.366838 ) (-1024 -3457.548584 432.410248 ) (-1024 -3468.883057 528 ) (-1168 -3451.996826 528 ) 
4 328 333 0 (-1168 -3403.665283 25.123732 ) (-1168 -3392.523438 26.427992 ) (-1098.160767 -3400.706299 26.370974 ) (-1099.449707 -3411.697266 25.067738 ) 
4 328 331 0 (-1069.388672 -3434.733643 189.649063 ) (-1099.448486 -3411.693848 25.067286 ) (-1098.161011 -3400.696533 26.363201 ) (-1068.099609 -3423.737549 190.952957 ) 
4 328 330 0 (-1024 -3469.522461 438.158142 ) (-1066.456055 -3436.981445 205.705795 ) (-1065.166992 -3425.985352 207.009583 ) (-1024 -3457.538330 432.403625 ) 
4 329 332 0 (-1024 -3440.050537 189.611923 ) (-1056.829956 -3436.203857 189.638748 ) (-1055.542358 -3425.224121 190.941132 ) (-1024 -3428.919922 190.915359 ) 
4 331 333 0 (-1098.160767 -3400.706299 26.370974 ) (-1069.117432 -3404.109131 26.347261 ) (-1070.406372 -3415.100342 25.044016 ) (-1099.449707 -3411.697266 25.067738 ) 
4 332 336 0 (-1034.579468 -3408.155762 26.319063 ) (-1024 -3409.395508 26.310427 ) (-1024 -3420.537842 25.006109 ) (-1035.868530 -3419.147217 25.015804 ) 
3 333 335 0 (-1071.266479 -3422.427246 24.172468 ) (-1075.392944 -3457.616455 20 ) (-1071.212646 -3421.938721 20 ) 
4 333 334 0 (-1030.173218 -3072 65.723495 ) (-1068.259033 -3396.781250 27.213373 ) (-1068.166016 -3395.937012 20 ) (-1030.210571 -3072 20 ) 
4 334 336 0 (-1033.627563 -3399.987549 20 ) (-1024 -3401.116455 20 ) (-1024 -3401.968018 27.181425 ) (-1033.720337 -3400.829102 27.189363 ) 
4 335 336 0 (-1036.727417 -3426.472412 24.134789 ) (-1024 -3427.963623 24.124393 ) (-1024 -3427.474365 20 ) (-1036.674072 -3425.988037 20 ) 
4 337 364 0 (-1024 -4096 -32 ) (-1024 -4096 -16 ) (-1168 -4096 -16 ) (-1168 -4096 -32 ) 
4 337 338 0 (-1024 -4096 -32 ) (-1168 -4096 -32 ) (-1168 -3072 -32 ) (-1024 -3072 -32 ) 
4 338 366 0 (-1172 -4096 -96 ) (-1024 -4096 -96 ) (-1024 -4096 -32 ) (-1172 -4096 -32 ) 
4 338 339 0 (-1172 -3072 -96 ) (-1172 -4096 -96 ) (-1172 -4096 -32 ) (-1172 -3072 -32 ) 
4 339 366 0 (-1184 -4096 -96 ) (-1172 -4096 -96 ) (-1172 -4096 -32 ) (-1184 -4096 -32 ) 
4 339 365 0 (-1172 -4096 -32 ) (-1172 -4096 -16 ) (-1184 -4096 -16 ) (-1184 -4096 -32 ) 
4 340 378 0 (-1024 -5120 106.196747 ) (-1024 -5120 195.829773 ) (-1157.521118 -5120 195.829773 ) (-1157.521118 -5120 106.196747 ) 
4 340 376 0 (-1157.521118 -5120 195.829773 ) (-1168 -5120 195.829773 ) (-1168 -5120 106.196747 ) (-1157.521118 -5120 106.196747 ) 
4 340 372 0 (-1024 -5120 203.914886 ) (-1024 -5120 212 ) (-1091.132446 -5120 212 ) (-1091.132446 -5120 203.914886 ) 
4 340 375 0 (-1024 -5120 195.829773 ) (-1024 -5120 203.914886 ) (-1091.132446 -5120 203.914886 ) (-1091.132446 -5120 195.829773 ) 
4 340 371 0 (-1091.132446 -5120 212 ) (-1154.359741 -5120 212 ) (-1157.521118 -5120 195.829773 ) (-1091.132446 -5120 203.914902 ) 
3 340 370 0 (-1157.521118 -5120 195.829773 ) (-1091.132446 -5120 195.829773 ) (-1091.132446 -5120 203.914902 ) 
4 340 369 0 (-1154.359741 -5120 212 ) (-1168 -5120 212 ) (-1168 -5120 195.829773 ) (-1157.521118 -5120 195.829773 ) 
4 340 367 0 (-1024 -5120 212 ) (-1024 -5120 528 ) (-1168 -5120 528 ) (-1168 -5120 212 ) 
5 340 342 0 (-1024 -5120 106.196747 ) (-1168 -5120 106.196747 ) (-1168 -4740.776367 106.196747 ) (-1031.650146 -4231.912109 106.196747 ) (-1024 -4233.961914 106.196747 ) 
4 340 341 0 (-1168 -4740.776367 106.196747 ) (-1168 -4096 106.196747 ) (-1024 -4096 106.196747 ) (-1024 -4203.361328 106.196747 ) 
4 341 342 0 (-1168 -4740.767578 20 ) (-1031.652588 -4231.912109 20 ) (-1031.652100 -4231.912109 106.196747 ) (-1168 -4740.767578 106.196747 ) 
4 342 382 0 (-1024 -5120 22 ) (-1024 -5120 30.085108 ) (-1160.682617 -5120 30.085108 ) (-1160.682617 -5120 22 ) 
4 342 380 0 (-1160.682617 -5120 30.085108 ) (-1168 -5120 30.085108 ) (-1168 -5120 22 ) (-1160.682617 -5120 22 ) 
4 342 378 0 (-1024 -5120 30.085108 ) (-1024 -5120 106.196747 ) (-1157.521118 -5120 106.196747 ) (-1157.521118 -5120 30.085108 ) 
4 342 376 0 (-1157.521118 -5120 106.196747 ) (-1168 -5120 106.196747 ) (-1168 -5120 30.085108 ) (-1157.521118 -5120 30.085108 ) 
4 342 384 0 (-1024 -5120 20 ) (-1024 -5120 22 ) (-1168 -5120 22 ) (-1168 -5120 20 ) 
4 343 352 0 (-1632 -4896 46 ) (-1632 -4896 16 ) (-1632 -4932 16 ) (-1632 -4932 46 ) 
4 343 347 0 (-1632 -4896 66 ) (-1632 -4896 47 ) (-1632 -4932 47 ) (-1632 -4932 66 ) 
4 343 351 0 (-1632 -4896 47 ) (-1632 -4896 46 ) (-1632 -4932 46 ) (-1632 -4932 47 ) 
4 343 345 0 (-1632 -4896 140 ) (-1632 -4896 66 ) (-1632 -4932 66 ) (-1632 -4932 140 ) 
4 344 347 0 (-1632 -4969 66 ) (-1632 -4969 50 ) (-1632 -4975 50 ) (-1632 -4975 66 ) 
4 344 345 0 (-1632 -4975 72 ) (-1632 -4969 72 ) (-1632 -4969 66 ) (-1632 -4975 66 ) 
4 345 423 0 (-1908 -5120 94 ) (-1908 -5120 66 ) (-1907 -5120 66 ) (-1907 -5120 94 ) 
4 345 420 0 (-1907 -5120 140 ) (-1908 -5120 140 ) (-1908 -5120 94 ) (-1907 -5120 94 ) 
4 345 418 0 (-1632 -5120 66 ) (-1632 -5120 140 ) (-1907 -5120 140 ) (-1907 -5120 66 ) 
4 345 350 0 (-1760.615845 -4981.868652 66 ) (-1797.628052 -5120 66 ) (-1830.756836 -5120 66 ) (-1791.525391 -4973.586426 66 ) 
4 345 349 0 (-1770.736084 -4896 66 ) (-1737.607300 -4896 66 ) (-1756.474609 -4966.413574 66 ) (-1787.384155 -4958.131348 66 ) 
4 345 348 0 (-1908 -4896 66 ) (-1770.736084 -4896 66 ) (-1830.756836 -5120 66 ) (-1908 -5120 66 ) 
4 345 347 0 (-1737.607300 -4896 66 ) (-1632 -4896 66 ) (-1632 -5120 66 ) (-1797.628052 -5120 66 ) 
4 345 346 0 (-1908 -4896 140 ) (-1908 -4896 66 ) (-1908 -5120 66 ) (-1908 -5120 140 ) 
4 346 423 0 (-1910 -5120 94 ) (-1910 -5120 66 ) (-1908 -5120 66 ) (-1908 -5120 94 ) 
4 346 421 0 (-1908 -5120 168 ) (-1910 -5120 168 ) (-1910 -5120 94 ) (-1908 -5120 94 ) 
4 346 348 0 (-1910 -5120 66 ) (-1910 -4896 66 ) (-1908 -4896 66 ) (-1908 -5120 66 ) 
4 347 418 0 (-1632 -5120 47 ) (-1632 -5120 66 ) (-1797.628052 -5120 66 ) (-1797.628052 -5120 47 ) 
4 347 350 0 (-1760.616089 -4981.868652 47 ) (-1797.628296 -5120 47 ) (-1797.629272 -5120 66 ) (-1760.616943 -4981.868164 66 ) 
4 347 349 0 (-1737.607666 -4896 47 ) (-1756.474976 -4966.413574 47 ) (-1756.475830 -4966.413574 66 ) (-1737.608521 -4896 66 ) 
4 347 351 0 (-1737.607300 -4896 47 ) (-1632 -4896 47 ) (-1632 -5120 47 ) (-1797.628052 -5120 47 ) 
4 348 423 0 (-1907 -5120 66 ) (-1910 -5120 66 ) (-1910 -5120 47 ) (-1907 -5120 47 ) 
4 348 418 0 (-1830.756836 -5120 66 ) (-1907 -5120 66 ) (-1907 -5120 47 ) (-1830.756836 -5120 47 ) 
4 348 350 0 (-1830.756470 -5120 47 ) (-1791.525269 -4973.586426 47 ) (-1791.524658 -4973.586426 66 ) (-1830.755981 -5120 66 ) 
4 348 349 0 (-1787.384155 -4958.131836 47 ) (-1770.736084 -4896 47 ) (-1770.735352 -4896 66 ) (-1787.383545 -4958.131836 66 ) 
4 348 351 0 (-1910 -5120 47 ) (-1910 -4896 47 ) (-1770.736084 -4896 47 ) (-1830.756836 -5120 47 ) 
4 349 351 0 (-1770.736084 -4896 47 ) (-1737.607300 -4896 47 ) (-1756.474609 -4966.413574 47 ) (-1787.384155 -4958.131348 47 ) 
4 350 418 0 (-1797.628052 -5120 66 ) (-1830.756836 -5120 66 ) (-1830.756836 -5120 47 ) (-1797.628052 -5120 47 ) 
4 350 351 0 (-1760.615845 -4981.868652 47 ) (-1797.628052 -5120 47 ) (-1830.756836 -5120 47 ) (-1791.525391 -4973.586426 47 ) 
4 351 423 0 (-1907 -5120 47 ) (-1910 -5120 47 ) (-1910 -5120 46 ) (-1907 -5120 46 ) 
4 351 418 0 (-1632 -5120 46 ) (-1632 -5120 47 ) (-1907 -5120 47 ) (-1907 -5120 46 ) 
4 351 357 0 (-1910 -4992 46 ) (-1910 -4944 46 ) (-1864 -4944 46 ) (-1864 -4992 46 ) 
4 351 353 0 (-1736 -4944 46 ) (-1632 -4944 46 ) (-1632 -4992 46 ) (-1736 -4992 46 ) 
4 351 352 0 (-1910 -4944 46 ) (-1910 -4896 46 ) (-1632 -4896 46 ) (-1632 -4944 46 ) 
4 351 358 0 (-1910 -5120 46 ) (-1910 -4992 46 ) (-1632 -4992 46 ) (-1632 -5120 46 ) 
4 352 354 0 (-1826 -4944 16 ) (-1740 -4944 16 ) (-1740 -4944 42 ) (-1826 -4944 42 ) 
4 352 356 0 (-1860 -4944 16 ) (-1826 -4944 16 ) (-1826 -4944 42 ) (-1860 -4944 42 ) 
4 352 357 0 (-1864 -4944 46 ) (-1910 -4944 46 ) (-1910 -4944 16 ) (-1864 -4944 16 ) 
4 352 353 0 (-1632 -4944 16 ) (-1632 -4944 46 ) (-1736 -4944 46 ) (-1736 -4944 16 ) 
4 353 358 0 (-1632 -4992 16 ) (-1632 -4992 46 ) (-1736 -4992 46 ) (-1736 -4992 16 ) 
4 354 355 0 (-1778 -4988 16 ) (-1740 -4988 16 ) (-1740 -4988 42 ) (-1778 -4988 42 ) 
4 354 356 0 (-1826 -4988 42 ) (-1826 -4944 42 ) (-1826 -4944 16 ) (-1826 -4988 16 ) 
4 355 358 0 (-1778 -4992 16 ) (-1740 -4992 16 ) (-1740 -4992 42 ) (-1778 -4992 42 ) 
4 356 358 0 (-1860 -4992 16 ) (-1826 -4992 16 ) (-1826 -4992 42 ) (-1860 -4992 42 ) 
4 357 358 0 (-1864 -4992 46 ) (-1910 -4992 46 ) (-1910 -4992 16 ) (-1864 -4992 16 ) 
4 358 423 0 (-1910 -5120 16 ) (-1907 -5120 16 ) (-1907 -5120 46 ) (-1910 -5120 46 ) 
4 358 418 0 (-1907 -5120 16 ) (-1632 -5120 16 ) (-1632 -5120 46 ) (-1907 -5120 46 ) 
4 359 456 0 (-2048 -5120 91 ) (-2048 -5120 168 ) (-2048 -4672 168 ) (-2048 -4672 91 ) 
4 359 436 0 (-2048 -5120 168 ) (-2048 -5120 91 ) (-1920 -5120 91 ) (-1920 -5120 168 ) 
4 359 424 0 (-1920 -5120 91 ) (-1916 -5120 91 ) (-1916 -5120 94 ) (-1920 -5120 94 ) 
4 359 422 0 (-1916 -5120 94 ) (-1916 -5120 168 ) (-1920 -5120 168 ) (-1920 -5120 94 ) 
4 359 362 0 (-1962 -5120 91 ) (-2034 -5120 91 ) (-2034 -4928 91 ) (-1962 -4928 91 ) 
4 359 361 0 (-1916 -4926 91 ) (-1916 -5120 91 ) (-1962 -5120 91 ) (-1962 -4926 91 ) 
4 359 360 0 (-2034 -4672 91 ) (-1916 -4672 91 ) (-1916 -4926 91 ) (-2034 -4926 91 ) 
4 359 363 0 (-2048 -4672 91 ) (-2034 -4672 91 ) (-2034 -5120 91 ) (-2048 -5120 91 ) 
4 360 361 0 (-1962 -4926 16 ) (-1916 -4926 16 ) (-1916 -4926 91 ) (-1962 -4926 91 ) 
4 360 363 0 (-2034 -4926 91 ) (-2034 -4672 91 ) (-2034 -4672 16 ) (-2034 -4926 16 ) 
4 361 436 0 (-1962 -5120 16 ) (-1920 -5120 16 ) (-1920 -5120 91 ) (-1962 -5120 91 ) 
4 361 424 0 (-1920 -5120 16 ) (-1916 -5120 16 ) (-1916 -5120 91 ) (-1920 -5120 91 ) 
4 361 362 0 (-1962 -4928 16 ) (-1962 -5120 16 ) (-1962 -5120 91 ) (-1962 -4928 91 ) 
4 362 436 0 (-2034 -5120 16 ) (-1962 -5120 16 ) (-1962 -5120 91 ) (-2034 -5120 91 ) 
4 362 363 0 (-2034 -5120 91 ) (-2034 -4928 91 ) (-2034 -4928 16 ) (-2034 -5120 16 ) 
4 363 456 0 (-2048 -5120 16 ) (-2048 -5120 91 ) (-2048 -4672 91 ) (-2048 -4672 16 ) 
4 363 436 0 (-2048 -5120 91 ) (-2048 -5120 16 ) (-2034 -5120 16 ) (-2034 -5120 91 ) 
4 364 440 0 (-1168 -5120 -32 ) (-1024 -5120 -32 ) (-1024 -5120 -16 ) (-1168 -5120 -16 ) 
4 364 366 0 (-1024 -5120 -32 ) (-1168 -5120 -32 ) (-1168 -4096 -32 ) (-1024 -4096 -32 ) 
4 365 442 0 (-1184 -5120 -32 ) (-1172 -5120 -32 ) (-1172 -5120 -16 ) (-1184 -5120 -16 ) 
4 365 366 0 (-1172 -5120 -32 ) (-1184 -5120 -32 ) (-1184 -4096 -32 ) (-1172 -4096 -32 ) 
4 366 445 0 (-1024 -5120 -96 ) (-1024 -5120 -32 ) (-1184 -5120 -32 ) (-1184 -5120 -96 ) 
4 367 446 0 (-1024 -6144 212 ) (-1024 -6144 528 ) (-1168 -6144 528 ) (-1168 -6144 212 ) 
4 367 374 0 (-1068.929199 -6020.980469 212 ) (-1024 -6021.291992 212 ) (-1024 -6043.578125 212 ) (-1069.083740 -6043.265625 212 ) 
4 367 373 0 (-1024 -6144 212 ) (-1098.234619 -6144 212 ) (-1097.534546 -6043.068359 212 ) (-1024 -6043.578125 212 ) 
4 367 372 0 (-1097.380005 -6020.783203 212 ) (-1091.132446 -5120 212 ) (-1024 -5120 212 ) (-1024 -6021.291992 212 ) 
4 367 371 0 (-1154.359741 -5120 212 ) (-1091.132446 -5120 212 ) (-1097.431519 -6028.211914 212 ) (-1160.655762 -6027.773438 212 ) 
4 367 369 0 (-1168 -6038.865234 212 ) (-1168 -5120 212 ) (-1154.359741 -5120 212 ) (-1160.733032 -6038.915527 212 ) 
4 367 368 0 (-1098.234619 -6144 212 ) (-1168 -6144 212 ) (-1168 -6038.865234 212 ) (-1097.508789 -6039.354004 212 ) 
4 368 446 0 (-1098.234619 -6144 212 ) (-1168 -6144 212 ) (-1168 -6144 195.829773 ) (-1098.234619 -6144 195.829773 ) 
4 368 377 0 (-1098.234619 -6144 195.829773 ) (-1164.623169 -6144 195.829773 ) (-1163.894287 -6038.893555 195.829773 ) (-1097.508789 -6039.354004 195.829773 ) 
4 368 376 0 (-1164.623169 -6144 195.829773 ) (-1168 -6144 195.829773 ) (-1168 -6038.865234 195.829773 ) (-1163.894287 -6038.893555 195.829773 ) 
4 368 373 0 (-1097.534668 -6043.068359 212 ) (-1098.234741 -6144 212 ) (-1098.234619 -6144 203.914886 ) (-1097.534546 -6043.068359 203.914886 ) 
4 368 375 0 (-1098.234619 -6144 195.829773 ) (-1097.508789 -6039.354004 195.829773 ) (-1097.508789 -6039.354004 203.914886 ) (-1098.234619 -6144 203.914886 ) 
3 368 370 0 (-1097.509766 -6039.353516 203.914780 ) (-1097.509766 -6039.353516 195.829773 ) (-1163.894287 -6038.893066 195.829773 ) 
4 368 369 0 (-1163.894287 -6038.893066 195.829773 ) (-1168 -6038.864746 195.829773 ) (-1168 -6038.864746 212 ) (-1160.733032 -6038.915039 212 ) 
4 369 376 0 (-1168 -6038.865234 195.829773 ) (-1168 -5120 195.829773 ) (-1157.521118 -5120 195.829773 ) (-1163.894287 -6038.893555 195.829773 ) 
4 369 371 0 (-1163.818481 -6027.751465 195.829773 ) (-1157.522583 -5120 195.829773 ) (-1154.361084 -5120 212 ) (-1160.657227 -6027.773438 212 ) 
4 370 379 0 (-1097.431519 -6028.211914 195.829773 ) (-1097.508789 -6039.354004 195.829773 ) (-1151.249512 -6038.981445 195.829773 ) (-1151.172241 -6027.839355 195.829773 ) 
4 370 378 0 (-1157.521118 -5120 195.829773 ) (-1091.132446 -5120 195.829773 ) (-1097.431519 -6028.211914 195.829773 ) (-1163.817017 -6027.751465 195.829773 ) 
4 370 375 0 (-1097.508789 -6039.354004 195.829773 ) (-1091.132446 -5120 195.829773 ) (-1091.132568 -5120 203.914886 ) (-1097.508789 -6039.354004 203.914886 ) 
4 370 371 0 (-1157.520874 -5120 195.829727 ) (-1163.816772 -6027.751465 195.829727 ) (-1097.431641 -6028.211914 203.914780 ) (-1091.132446 -5120 203.914780 ) 
4 371 372 0 (-1091.132568 -5120 203.914886 ) (-1091.132568 -5120 212 ) (-1097.380127 -6020.782715 212 ) (-1097.380005 -6020.782715 203.914886 ) 
4 372 374 0 (-1068.929199 -6020.979980 203.914886 ) (-1024 -6021.291504 203.914886 ) (-1024 -6021.291504 212 ) (-1068.929199 -6020.979980 212 ) 
4 372 375 0 (-1097.379639 -6020.783203 203.914886 ) (-1091.132080 -5120 203.914886 ) (-1024 -5120 203.914886 ) (-1024 -6021.291992 203.914886 ) 
4 373 446 0 (-1024 -6144 203.914886 ) (-1024 -6144 212 ) (-1098.234619 -6144 212 ) (-1098.234619 -6144 203.914886 ) 
4 373 374 0 (-1024 -6043.577637 203.914886 ) (-1069.083740 -6043.265137 203.914886 ) (-1069.083740 -6043.265137 212 ) (-1024 -6043.577637 212 ) 
4 373 375 0 (-1024 -6144 203.914886 ) (-1098.234253 -6144 203.914886 ) (-1097.534180 -6043.068359 203.914886 ) (-1024 -6043.578125 203.914886 ) 
4 374 375 0 (-1068.929199 -6020.980469 203.914886 ) (-1024 -6021.291992 203.914886 ) (-1024 -6043.578125 203.914886 ) (-1069.083740 -6043.265625 203.914886 ) 
4 375 446 0 (-1024 -6144 195.829773 ) (-1024 -6144 203.914886 ) (-1098.234619 -6144 203.914886 ) (-1098.234619 -6144 195.829773 ) 
4 375 379 0 (-1097.508789 -6039.354004 195.829773 ) (-1097.431519 -6028.211914 195.829773 ) (-1024 -6028.720703 195.829773 ) (-1024 -6039.863770 195.829773 ) 
4 375 378 0 (-1097.431519 -6028.211914 195.829773 ) (-1091.132446 -5120 195.829773 ) (-1024 -5120 195.829773 ) (-1024 -6028.720703 195.829773 ) 
4 375 377 0 (-1024 -6144 195.829773 ) (-1098.234619 -6144 195.829773 ) (-1097.508789 -6039.354004 195.829773 ) (-1024 -6039.863770 195.829773 ) 
4 376 446 0 (-1164.623169 -6144 195.829773 ) (-1168 -6144 195.829773 ) (-1168 -6144 30.085108 ) (-1164.623169 -6144 30.085108 ) 
4 376 400 0 (-1168 -5913 47 ) (-1168 -5913 63 ) (-1168 -5897 63 ) (-1168 -5897 47 ) 
4 376 399 0 (-1168 -5913 67 ) (-1168 -5913 83 ) (-1168 -5897 83 ) (-1168 -5897 67 ) 
4 376 398 0 (-1168 -5913 85 ) (-1168 -5913 107 ) (-1168 -5897 107 ) (-1168 -5897 85 ) 
4 376 397 0 (-1168 -5850 30.085108 ) (-1168 -5892 30.085108 ) (-1168 -5892 108 ) (-1168 -5850 108 ) 
4 376 395 0 (-1168 -5892 134 ) (-1168 -5872 134 ) (-1168 -5872 111 ) (-1168 -5892 111 ) 
4 376 394 0 (-1168 -5869 134 ) (-1168 -5850 134 ) (-1168 -5850 111 ) (-1168 -5869 111 ) 
4 376 396 0 (-1168 -5913 134 ) (-1168 -5897 134 ) (-1168 -5897 111 ) (-1168 -5913 111 ) 
4 376 393 0 (-1168 -5845 47 ) (-1168 -5845 63 ) (-1168 -5829 63 ) (-1168 -5829 47 ) 
4 376 391 0 (-1168 -5845 85 ) (-1168 -5845 107 ) (-1168 -5829 107 ) (-1168 -5829 85 ) 
4 376 392 0 (-1168 -5845 67 ) (-1168 -5845 83 ) (-1168 -5829 83 ) (-1168 -5829 67 ) 
4 376 390 0 (-1168 -5845 111 ) (-1168 -5845 134 ) (-1168 -5829 134 ) (-1168 -5829 111 ) 
4 376 382 0 (-1166.926758 -6020.300293 30.085108 ) (-1160.682617 -5120 30.085108 ) (-1157.521118 -5120 30.085108 ) (-1163.765381 -6020.322266 30.085108 ) 
4 376 381 0 (-1164.623169 -6144 30.085108 ) (-1167.784668 -6144 30.085108 ) (-1167.107056 -6046.300293 30.085108 ) (-1163.945679 -6046.322266 30.085108 ) 
4 376 380 0 (-1167.784668 -6144 30.085108 ) (-1168 -6144 30.085108 ) (-1168 -5120 30.085108 ) (-1160.682617 -5120 30.085108 ) 
4 376 378 0 (-1163.817017 -6027.751465 30.085108 ) (-1157.521118 -5120 30.085108 ) (-1157.521118 -5120 195.829773 ) (-1163.817017 -6027.751465 195.829773 ) 
4 376 377 0 (-1164.623291 -6144 30.085108 ) (-1163.894287 -6038.893555 30.085108 ) (-1163.894287 -6038.893555 195.829773 ) (-1164.623291 -6144 195.829773 ) 
4 377 446 0 (-1024 -6144 30.085108 ) (-1024 -6144 195.829773 ) (-1164.623169 -6144 195.829773 ) (-1164.623169 -6144 30.085108 ) 
4 377 383 0 (-1132.282349 -6039.112793 30.085108 ) (-1024 -6039.863770 30.085108 ) (-1024 -6047.292480 30.085108 ) (-1132.333862 -6046.541504 30.085108 ) 
4 377 381 0 (-1024 -6144 30.085108 ) (-1164.623169 -6144 30.085108 ) (-1163.945679 -6046.322266 30.085108 ) (-1024 -6047.292480 30.085108 ) 
4 377 379 0 (-1024 -6039.863281 30.085108 ) (-1151.249512 -6038.980957 30.085108 ) (-1151.249512 -6038.980957 195.829773 ) (-1024 -6039.863281 195.829773 ) 
4 378 383 0 (-1132.153442 -6020.541504 30.085108 ) (-1024 -6021.291992 30.085108 ) (-1024 -6028.720703 30.085108 ) (-1132.204956 -6027.970703 30.085108 ) 
4 378 382 0 (-1163.765381 -6020.322266 30.085108 ) (-1157.521118 -5120 30.085108 ) (-1024 -5120 30.085108 ) (-1024 -6021.291992 30.085108 ) 
4 378 379 0 (-1151.172119 -6027.838379 30.085108 ) (-1024 -6028.720215 30.085108 ) (-1024 -6028.720215 195.829773 ) (-1151.172119 -6027.838379 195.829773 ) 
4 379 383 0 (-1132.204956 -6027.970703 30.085108 ) (-1024 -6028.720703 30.085108 ) (-1024 -6039.863770 30.085108 ) (-1132.282349 -6039.112793 30.085108 ) 
4 380 446 0 (-1167.784668 -6144 30.085108 ) (-1168 -6144 30.085108 ) (-1168 -6144 22 ) (-1167.784668 -6144 22 ) 
4 380 397 0 (-1168 -5850 22 ) (-1168 -5892 22 ) (-1168 -5892 30.085108 ) (-1168 -5850 30.085108 ) 
4 380 382 0 (-1166.926758 -6020.300293 22 ) (-1160.682495 -5120 22 ) (-1160.682495 -5120 30.085108 ) (-1166.926758 -6020.300293 30.085108 ) 
4 380 381 0 (-1167.784668 -6144 22 ) (-1167.107056 -6046.300293 22 ) (-1167.107056 -6046.300293 30.085108 ) (-1167.784668 -6144 30.085108 ) 
4 380 384 0 (-1167.784668 -6144 22 ) (-1168 -6144 22 ) (-1168 -5120 22 ) (-1160.682617 -5120 22 ) 
4 381 446 0 (-1024 -6144 22 ) (-1024 -6144 30.085108 ) (-1167.784668 -6144 30.085108 ) (-1167.784668 -6144 22 ) 
4 381 383 0 (-1024 -6047.291992 22 ) (-1132.333740 -6046.540527 22 ) (-1132.333740 -6046.540527 30.085108 ) (-1024 -6047.291992 30.085108 ) 
4 381 384 0 (-1024 -6144 22 ) (-1167.784668 -6144 22 ) (-1167.107056 -6046.300293 22 ) (-1024 -6047.292480 22 ) 
4 382 383 0 (-1132.153442 -6020.541992 22 ) (-1024 -6021.291992 22 ) (-1024 -6021.291992 30.085108 ) (-1132.153442 -6020.541992 30.085108 ) 
4 382 384 0 (-1166.926758 -6020.300293 22 ) (-1160.682617 -5120 22 ) (-1024 -5120 22 ) (-1024 -6021.291992 22 ) 
4 383 384 0 (-1132.153442 -6020.541504 22 ) (-1024 -6021.291992 22 ) (-1024 -6047.292480 22 ) (-1132.333740 -6046.541504 22 ) 
4 384 446 0 (-1024 -6144 20 ) (-1024 -6144 22 ) (-1168 -6144 22 ) (-1168 -6144 20 ) 
4 384 397 0 (-1168 -5850 20 ) (-1168 -5892 20 ) (-1168 -5892 22 ) (-1168 -5850 22 ) 
4 385 447 0 (-1167 -6144 0 ) (-1092 -6144 0 ) (-1092 -6144 16 ) (-1167 -6144 16 ) 
4 385 437 0 (-1092 -6144 0 ) (-1167 -6144 0 ) (-1167 -5801.932129 0 ) (-1092 -5804.474121 0 ) 
4 385 386 0 (-1167 -5984 0 ) (-1167 -6144 0 ) (-1167 -6144 16 ) (-1167 -5984 16 ) 
4 386 447 0 (-1168 -6144 0 ) (-1167 -6144 0 ) (-1167 -6144 16 ) (-1168 -6144 16 ) 
4 386 439 0 (-1167 -6144 0 ) (-1168 -6144 0 ) (-1168 -5984 0 ) (-1167 -5984 0 ) 
4 387 388 0 (-1172 -5728 170 ) (-1172 -5712 170 ) (-1170 -5712 170 ) (-1170 -5728 170 ) 
4 387 389 0 (-1170 -6062 170 ) (-1170 -6062 432 ) (-1172 -6062 432 ) (-1172 -6062 170 ) 
4 389 402 0 (-1170 -6104 134 ) (-1172 -6104 134 ) (-1172 -6062 134 ) (-1170 -6062 134 ) 
4 390 406 0 (-1172 -5845 111 ) (-1172 -5845 134 ) (-1172 -5829 134 ) (-1172 -5829 111 ) 
4 391 410 0 (-1172 -5845 85 ) (-1172 -5845 107 ) (-1172 -5829 107 ) (-1172 -5829 85 ) 
4 392 411 0 (-1172 -5845 67 ) (-1172 -5845 83 ) (-1172 -5829 83 ) (-1172 -5829 67 ) 
4 393 412 0 (-1172 -5845 47 ) (-1172 -5845 63 ) (-1172 -5829 63 ) (-1172 -5829 47 ) 
4 394 407 0 (-1172 -5869 134 ) (-1172 -5850 134 ) (-1172 -5850 111 ) (-1172 -5869 111 ) 
4 395 408 0 (-1172 -5892 134 ) (-1172 -5872 134 ) (-1172 -5872 111 ) (-1172 -5892 111 ) 
4 396 409 0 (-1172 -5913 134 ) (-1172 -5897 134 ) (-1172 -5897 111 ) (-1172 -5913 111 ) 
4 397 413 0 (-1172 -5850 16 ) (-1172 -5892 16 ) (-1172 -5892 108 ) (-1172 -5850 108 ) 
4 398 414 0 (-1172 -5913 85 ) (-1172 -5913 107 ) (-1172 -5897 107 ) (-1172 -5897 85 ) 
4 399 415 0 (-1172 -5913 67 ) (-1172 -5913 83 ) (-1172 -5897 83 ) (-1172 -5897 67 ) 
4 400 416 0 (-1172 -5913 47 ) (-1172 -5913 63 ) (-1172 -5897 63 ) (-1172 -5897 47 ) 
4 401 441 0 (-1172 -6062 0 ) (-1172 -5984 0 ) (-1170 -5984 0 ) (-1170 -6062 0 ) 
4 401 402 0 (-1170 -6062 16 ) (-1172 -6062 16 ) (-1172 -6062 0 ) (-1170 -6062 0 ) 
4 402 441 0 (-1172 -6104 0 ) (-1172 -6062 0 ) (-1170 -6062 0 ) (-1170 -6104 0 ) 
4 403 435 0 (-1176 -5792 138 ) (-1176 -5952 138 ) (-1176 -5952 168 ) (-1176 -5792 168 ) 
4 403 417 0 (-1176 -5952 138 ) (-1176 -5920 138 ) (-1174 -5920 138 ) (-1174 -5952 138 ) 
4 403 404 0 (-1176 -5824 138 ) (-1176 -5792 138 ) (-1174 -5792 138 ) (-1174 -5824 138 ) 
4 404 435 0 (-1176 -5824 138 ) (-1176 -5792 138 ) (-1176 -5792 134 ) (-1176 -5824 134 ) 
4 404 405 0 (-1176 -5824 134 ) (-1176 -5792 134 ) (-1174 -5792 134 ) (-1174 -5824 134 ) 
4 405 435 0 (-1176 -5792 134 ) (-1176 -5792 16 ) (-1176 -5824 16 ) (-1176 -5824 134 ) 
4 406 435 0 (-1176 -5845 134 ) (-1176 -5829 134 ) (-1176 -5829 111 ) (-1176 -5845 111 ) 
4 407 435 0 (-1176 -5869 134 ) (-1176 -5850 134 ) (-1176 -5850 111 ) (-1176 -5869 111 ) 
4 408 435 0 (-1176 -5892 134 ) (-1176 -5872 134 ) (-1176 -5872 111 ) (-1176 -5892 111 ) 
4 409 435 0 (-1176 -5913 134 ) (-1176 -5897 134 ) (-1176 -5897 111 ) (-1176 -5913 111 ) 
4 410 435 0 (-1176 -5845 85 ) (-1176 -5845 107 ) (-1176 -5829 107 ) (-1176 -5829 85 ) 
4 411 435 0 (-1176 -5845 67 ) (-1176 -5845 83 ) (-1176 -5829 83 ) (-1176 -5829 67 ) 
4 412 435 0 (-1176 -5845 47 ) (-1176 -5845 63 ) (-1176 -5829 63 ) (-1176 -5829 47 ) 
4 413 435 0 (-1176 -5850 16 ) (-1176 -5892 16 ) (-1176 -5892 108 ) (-1176 -5850 108 ) 
4 414 435 0 (-1176 -5913 85 ) (-1176 -5913 107 ) (-1176 -5897 107 ) (-1176 -5897 85 ) 
4 415 435 0 (-1176 -5913 67 ) (-1176 -5913 83 ) (-1176 -5897 83 ) (-1176 -5897 67 ) 
4 416 435 0 (-1176 -5913 47 ) (-1176 -5913 63 ) (-1176 -5897 63 ) (-1176 -5897 47 ) 
4 417 435 0 (-1176 -5952 16 ) (-1176 -5952 138 ) (-1176 -5920 138 ) (-1176 -5920 16 ) 
4 418 428 0 (-1907 -5223 16 ) (-1907 -5231 16 ) (-1907 -5231 89 ) (-1907 -5223 89 ) 
4 418 429 0 (-1907 -5231 16 ) (-1907 -5292 16 ) (-1907 -5292 94 ) (-1907 -5231 94 ) 
4 418 427 0 (-1907 -5181 16 ) (-1907 -5218 16 ) (-1907 -5218 89 ) (-1907 -5181 89 ) 
4 418 425 0 (-1907 -5169 16 ) (-1907 -5176 16 ) (-1907 -5176 89 ) (-1907 -5169 89 ) 
4 418 423 0 (-1907 -5120 16 ) (-1907 -5169 16 ) (-1907 -5169 94 ) (-1907 -5120 94 ) 
4 418 420 0 (-1907 -5292 94 ) (-1907 -5292 140 ) (-1907 -5120 140 ) (-1907 -5120 94 ) 
4 418 419 0 (-1907 -5292 140 ) (-1907 -5292 16 ) (-1632 -5292 16 ) (-1632 -5292 140 ) 
4 419 432 0 (-1776 -5312 16 ) (-1712 -5312 16 ) (-1712 -5312 96 ) (-1776 -5312 96 ) 
4 419 429 0 (-1907 -5292 16 ) (-1907 -5312 16 ) (-1907 -5312 94 ) (-1907 -5292 94 ) 
4 419 420 0 (-1907 -5312 94 ) (-1907 -5312 140 ) (-1907 -5292 140 ) (-1907 -5292 94 ) 
4 420 429 0 (-1907 -5231 94 ) (-1907 -5312 94 ) (-1908 -5312 94 ) (-1908 -5231 94 ) 
4 420 423 0 (-1907 -5120 94 ) (-1907 -5169 94 ) (-1908 -5169 94 ) (-1908 -5120 94 ) 
4 420 421 0 (-1908 -5120 94 ) (-1908 -5312 94 ) (-1908 -5312 140 ) (-1908 -5120 140 ) 
4 421 429 0 (-1908 -5312 94 ) (-1910 -5312 94 ) (-1910 -5231 94 ) (-1908 -5231 94 ) 
4 421 423 0 (-1910 -5169 94 ) (-1910 -5120 94 ) (-1908 -5120 94 ) (-1908 -5169 94 ) 
4 422 436 0 (-1920 -5120 168 ) (-1920 -5120 94 ) (-1920 -5312 94 ) (-1920 -5312 168 ) 
4 422 434 0 (-1916 -5312 168 ) (-1920 -5312 168 ) (-1920 -5312 94 ) (-1916 -5312 94 ) 
4 422 431 0 (-1916 -5312 94 ) (-1920 -5312 94 ) (-1920 -5231 94 ) (-1916 -5231 94 ) 
4 422 424 0 (-1920 -5169 94 ) (-1920 -5120 94 ) (-1916 -5120 94 ) (-1916 -5169 94 ) 
4 423 425 0 (-1907 -5169 16 ) (-1907 -5169 89 ) (-1910 -5169 89 ) (-1910 -5169 16 ) 
4 424 436 0 (-1920 -5120 94 ) (-1920 -5120 16 ) (-1920 -5169 16 ) (-1920 -5169 94 ) 
4 424 426 0 (-1920 -5169 89 ) (-1920 -5169 16 ) (-1916 -5169 16 ) (-1916 -5169 89 ) 
4 426 436 0 (-1920 -5169 16 ) (-1920 -5176 16 ) (-1920 -5176 89 ) (-1920 -5169 89 ) 
4 427 436 0 (-1920 -5181 16 ) (-1920 -5218 16 ) (-1920 -5218 89 ) (-1920 -5181 89 ) 
4 428 429 0 (-1910 -5231 89 ) (-1910 -5231 16 ) (-1907 -5231 16 ) (-1907 -5231 89 ) 
4 430 436 0 (-1920 -5223 16 ) (-1920 -5231 16 ) (-1920 -5231 89 ) (-1920 -5223 89 ) 
4 430 431 0 (-1920 -5231 89 ) (-1920 -5231 16 ) (-1916 -5231 16 ) (-1916 -5231 89 ) 
4 431 436 0 (-1920 -5231 16 ) (-1920 -5312 16 ) (-1920 -5312 94 ) (-1920 -5231 94 ) 
4 431 434 0 (-1920 -5312 94 ) (-1920 -5312 16 ) (-1916 -5312 16 ) (-1916 -5312 94 ) 
4 432 433 0 (-1776 -5320 16 ) (-1712 -5320 16 ) (-1712 -5320 96 ) (-1776 -5320 96 ) 
4 434 436 0 (-1920 -5312 16 ) (-1920 -5792 16 ) (-1920 -5792 168 ) (-1920 -5312 168 ) 
4 434 435 0 (-1916 -5792 168 ) (-1920 -5792 168 ) (-1920 -5792 16 ) (-1916 -5792 16 ) 
4 435 436 0 (-1920 -5792 16 ) (-1920 -5952 16 ) (-1920 -5952 168 ) (-1920 -5792 168 ) 
4 436 498 0 (-2048 -5120 168 ) (-2048 -5120 16 ) (-2048 -5952 16 ) (-2048 -5952 168 ) 
4 437 451 0 (-1092 -6144 0 ) (-1167 -6144 0 ) (-1167 -6144 -4 ) (-1092 -6144 -4 ) 
4 437 439 0 (-1167 -6144 -4 ) (-1167 -6144 0 ) (-1167 -5984 0 ) (-1167 -5984 -4 ) 
4 437 438 0 (-1092 -6144 -4 ) (-1167 -6144 -4 ) (-1167 -5801.932129 -4 ) (-1092 -5804.474121 -4 ) 
4 438 452 0 (-1024 -6144 -16 ) (-1024 -6144 -4 ) (-1167 -6144 -4 ) (-1167 -6144 -16 ) 
4 438 439 0 (-1167 -5984 -16 ) (-1167 -6144 -16 ) (-1167 -6144 -4 ) (-1167 -5984 -4 ) 
4 438 440 0 (-1024 -6144 -16 ) (-1167 -6144 -16 ) (-1167 -5801.932129 -16 ) (-1024 -5806.779297 -16 ) 
4 439 451 0 (-1167 -6144 0 ) (-1168 -6144 0 ) (-1168 -6144 -4 ) (-1167 -6144 -4 ) 
4 439 452 0 (-1168 -6144 -4 ) (-1168 -6144 -16 ) (-1167 -6144 -16 ) (-1167 -6144 -4 ) 
4 439 440 0 (-1167 -6144 -16 ) (-1168 -6144 -16 ) (-1168 -5984 -16 ) (-1167 -5984 -16 ) 
4 440 452 0 (-1024 -6144 -32 ) (-1024 -6144 -16 ) (-1168 -6144 -16 ) (-1168 -6144 -32 ) 
4 440 445 0 (-1024 -6144 -32 ) (-1168 -6144 -32 ) (-1168 -5120 -32 ) (-1024 -5120 -32 ) 
4 440 443 0 (-1168 -5822 -32 ) (-1168 -5919 -32 ) (-1168 -5919 -16 ) (-1168 -5822 -16 ) 
4 441 444 2 (-1170 -6104 -16 ) (-1172 -6104 -16 ) (-1172 -5984 -16 ) (-1170 -5984 -16 ) 
4 442 445 0 (-1184 -5822 -32 ) (-1184 -5120 -32 ) (-1172 -5120 -32 ) (-1172 -5822 -32 ) 
4 442 444 0 (-1184 -5822 -32 ) (-1172 -5822 -32 ) (-1172 -5822 -16 ) (-1184 -5822 -16 ) 
4 443 445 0 (-1170 -5822 -32 ) (-1168 -5822 -32 ) (-1168 -5919 -32 ) (-1170 -5919 -32 ) 
4 443 444 0 (-1170 -5822 -16 ) (-1170 -5822 -32 ) (-1170 -5919 -32 ) (-1170 -5919 -16 ) 
4 444 445 0 (-1184 -6104 -32 ) (-1184 -5822 -32 ) (-1170 -5822 -32 ) (-1170 -6104 -32 ) 
4 445 455 0 (-1168 -6144 -32 ) (-1184 -6144 -32 ) (-1184 -6144 -96 ) (-1168 -6144 -96 ) 
4 445 452 0 (-1024 -6144 -96 ) (-1024 -6144 -32 ) (-1168 -6144 -32 ) (-1168 -6144 -96 ) 
4 446 448 0 (-1168 -6592 528 ) (-1168 -6592 20 ) (-1024 -6592 20 ) (-1024 -6592 528 ) 
4 447 451 0 (-1168 -6144 0 ) (-1092 -6144 0 ) (-1092 -6592 0 ) (-1168 -6592 0 ) 
4 447 448 0 (-1168 -6592 16 ) (-1168 -6592 0 ) (-1092 -6592 0 ) (-1092 -6592 16 ) 
4 448 450 0 (-1024 -6592 0 ) (-1024 -6688 0 ) (-1092 -6688 0 ) (-1092 -6592 0 ) 
4 448 451 0 (-1092 -6688 0 ) (-1168 -6688 0 ) (-1168 -6592 0 ) (-1092 -6592 0 ) 
4 448 449 0 (-1168 -6672 0 ) (-1168 -6688 0 ) (-1168 -6688 528 ) (-1168 -6672 528 ) 
4 449 453 0 (-1168 -6672 0 ) (-1168 -6688 0 ) (-1172 -6688 0 ) (-1172 -6672 0 ) 
4 450 451 0 (-1092 -6592 -4 ) (-1092 -6688 -4 ) (-1092 -6688 0 ) (-1092 -6592 0 ) 
4 450 452 0 (-1024 -6688 -4 ) (-1092 -6688 -4 ) (-1092 -6592 -4 ) (-1024 -6592 -4 ) 
4 451 453 0 (-1168 -6688 -4 ) (-1168 -6688 0 ) (-1168 -6672 0 ) (-1168 -6672 -4 ) 
4 451 452 0 (-1092 -6688 -4 ) (-1168 -6688 -4 ) (-1168 -6144 -4 ) (-1092 -6144 -4 ) 
4 452 453 0 (-1168 -6688 -32 ) (-1168 -6688 -4 ) (-1168 -6672 -4 ) (-1168 -6672 -32 ) 
4 452 455 0 (-1168 -6144 -96 ) (-1168 -6688 -96 ) (-1168 -6688 -32 ) (-1168 -6144 -32 ) 
4 453 454 2 (-1172 -6672 -32 ) (-1172 -6688 -32 ) (-1172 -6688 -16 ) (-1172 -6672 -16 ) 
4 453 455 0 (-1168 -6672 -32 ) (-1168 -6688 -32 ) (-1172 -6688 -32 ) (-1172 -6672 -32 ) 
4 454 455 0 (-1172 -6688 -32 ) (-1184 -6688 -32 ) (-1184 -6672 -32 ) (-1172 -6672 -32 ) 
4 456 498 0 (-2048 -5120 16 ) (-2048 -5120 168 ) (-2084 -5120 168 ) (-2084 -5120 16 ) 
4 456 457 0 (-2084 -4672 168 ) (-2084 -4672 16 ) (-2084 -4832 16 ) (-2084 -4832 168 ) 
4 457 478 0 (-2696 -4799 16 ) (-2696 -4832 16 ) (-2696 -4832 138 ) (-2696 -4799 138 ) 
4 457 477 0 (-2696 -4793 47 ) (-2696 -4793 63 ) (-2696 -4777 63 ) (-2696 -4777 47 ) 
4 457 476 0 (-2696 -4793 67 ) (-2696 -4793 83 ) (-2696 -4777 83 ) (-2696 -4777 67 ) 
4 457 475 0 (-2696 -4793 85 ) (-2696 -4793 107 ) (-2696 -4777 107 ) (-2696 -4777 85 ) 
4 457 474 0 (-2696 -4793 111 ) (-2696 -4793 134 ) (-2696 -4777 134 ) (-2696 -4777 111 ) 
4 457 473 0 (-2696 -4730 16 ) (-2696 -4772 16 ) (-2696 -4772 108 ) (-2696 -4730 108 ) 
4 457 472 0 (-2696 -4725 47 ) (-2696 -4725 63 ) (-2696 -4709 63 ) (-2696 -4709 47 ) 
4 457 471 0 (-2696 -4725 67 ) (-2696 -4725 83 ) (-2696 -4709 83 ) (-2696 -4709 67 ) 
4 457 470 0 (-2696 -4725 85 ) (-2696 -4725 107 ) (-2696 -4709 107 ) (-2696 -4709 85 ) 
4 457 468 0 (-2696 -4672 16 ) (-2696 -4704 16 ) (-2696 -4704 108 ) (-2696 -4672 108 ) 
4 457 467 0 (-2696 -4772 111 ) (-2696 -4772 134 ) (-2696 -4752 134 ) (-2696 -4752 111 ) 
4 457 466 0 (-2696 -4749 134 ) (-2696 -4730 134 ) (-2696 -4730 111 ) (-2696 -4749 111 ) 
4 457 465 0 (-2696 -4725 134 ) (-2696 -4709 134 ) (-2696 -4709 111 ) (-2696 -4725 111 ) 
4 457 463 0 (-2696 -4704 134 ) (-2696 -4672 134 ) (-2696 -4672 108 ) (-2696 -4704 108 ) 
4 457 461 0 (-2696 -4704 138 ) (-2696 -4672 138 ) (-2696 -4672 134 ) (-2696 -4704 134 ) 
4 457 458 0 (-2696 -4832 138 ) (-2696 -4832 168 ) (-2696 -4672 168 ) (-2696 -4672 138 ) 
4 458 478 0 (-2696 -4799 138 ) (-2696 -4832 138 ) (-2697 -4832 138 ) (-2697 -4799 138 ) 
4 458 461 0 (-2696 -4672 138 ) (-2696 -4704 138 ) (-2697 -4704 138 ) (-2697 -4672 138 ) 
4 459 499 0 (-2704 -5120 272 ) (-2704 -5120 138 ) (-2702 -5120 138 ) (-2702 -5120 272 ) 
4 459 497 0 (-2704 -5060 138 ) (-2704 -5120 138 ) (-2704 -5120 272 ) (-2704 -5060 272 ) 
4 459 490 0 (-2704 -4852 138 ) (-2704 -5060 138 ) (-2704 -5060 272 ) (-2704 -4852 272 ) 
4 459 489 0 (-2704 -4644 138 ) (-2704 -4852 138 ) (-2704 -4852 272 ) (-2704 -4644 272 ) 
4 459 482 0 (-2704 -4436 138 ) (-2704 -4644 138 ) (-2704 -4644 272 ) (-2704 -4436 272 ) 
4 459 481 0 (-2704 -4238 138 ) (-2704 -4436 138 ) (-2704 -4436 272 ) (-2704 -4238 272 ) 
4 459 480 0 (-2704 -5120 138 ) (-2704 -4832 138 ) (-2702 -4832 138 ) (-2702 -5120 138 ) 
4 459 479 0 (-2704 -4832 138 ) (-2704 -4800 138 ) (-2702 -4800 138 ) (-2702 -4832 138 ) 
4 459 462 0 (-2704 -4704 138 ) (-2704 -4672 138 ) (-2702 -4672 138 ) (-2702 -4704 138 ) 
4 459 460 0 (-2704 -4672 138 ) (-2704 -4238 138 ) (-2702 -4238 138 ) (-2702 -4672 138 ) 
4 460 489 0 (-2704 -4644 16 ) (-2704 -4672 16 ) (-2704 -4672 138 ) (-2704 -4644 138 ) 
4 460 483 0 (-2704 -4436 16 ) (-2704 -4644 16 ) (-2704 -4644 112 ) (-2704 -4436 112 ) 
4 460 482 0 (-2704 -4644 112 ) (-2704 -4644 138 ) (-2704 -4436 138 ) (-2704 -4436 112 ) 
4 460 481 0 (-2704 -4238 16 ) (-2704 -4436 16 ) (-2704 -4436 138 ) (-2704 -4238 138 ) 
4 460 469 0 (-2704 -4672 16 ) (-2702 -4672 16 ) (-2702 -4672 108 ) (-2704 -4672 108 ) 
4 460 464 0 (-2702 -4672 108 ) (-2702 -4672 134 ) (-2704 -4672 134 ) (-2704 -4672 108 ) 
4 460 462 0 (-2702 -4672 134 ) (-2702 -4672 138 ) (-2704 -4672 138 ) (-2704 -4672 134 ) 
4 461 463 0 (-2697 -4704 134 ) (-2697 -4672 134 ) (-2696 -4672 134 ) (-2696 -4704 134 ) 
4 462 489 0 (-2704 -4704 138 ) (-2704 -4672 138 ) (-2704 -4672 134 ) (-2704 -4704 134 ) 
4 462 464 0 (-2704 -4704 134 ) (-2704 -4672 134 ) (-2702 -4672 134 ) (-2702 -4704 134 ) 
4 463 468 0 (-2697 -4672 108 ) (-2696 -4672 108 ) (-2696 -4704 108 ) (-2697 -4704 108 ) 
4 464 489 0 (-2704 -4704 134 ) (-2704 -4672 134 ) (-2704 -4672 108 ) (-2704 -4704 108 ) 
4 464 469 0 (-2704 -4704 108 ) (-2704 -4672 108 ) (-2702 -4672 108 ) (-2702 -4704 108 ) 
4 465 489 0 (-2704 -4725 134 ) (-2704 -4709 134 ) (-2704 -4709 111 ) (-2704 -4725 111 ) 
4 466 489 0 (-2704 -4749 134 ) (-2704 -4730 134 ) (-2704 -4730 111 ) (-2704 -4749 111 ) 
4 467 489 0 (-2704 -4772 111 ) (-2704 -4772 134 ) (-2704 -4752 134 ) (-2704 -4752 111 ) 
4 469 489 0 (-2704 -4672 16 ) (-2704 -4704 16 ) (-2704 -4704 108 ) (-2704 -4672 108 ) 
4 470 489 0 (-2704 -4725 85 ) (-2704 -4725 107 ) (-2704 -4709 107 ) (-2704 -4709 85 ) 
4 471 489 0 (-2704 -4725 67 ) (-2704 -4725 83 ) (-2704 -4709 83 ) (-2704 -4709 67 ) 
4 472 489 0 (-2704 -4725 47 ) (-2704 -4725 63 ) (-2704 -4709 63 ) (-2704 -4709 47 ) 
4 473 489 0 (-2704 -4730 16 ) (-2704 -4772 16 ) (-2704 -4772 108 ) (-2704 -4730 108 ) 
4 474 489 0 (-2704 -4793 111 ) (-2704 -4793 134 ) (-2704 -4777 134 ) (-2704 -4777 111 ) 
4 475 489 0 (-2704 -4793 85 ) (-2704 -4793 107 ) (-2704 -4777 107 ) (-2704 -4777 85 ) 
4 476 489 0 (-2704 -4793 67 ) (-2704 -4793 83 ) (-2704 -4777 83 ) (-2704 -4777 67 ) 
4 477 489 0 (-2704 -4793 47 ) (-2704 -4793 63 ) (-2704 -4777 63 ) (-2704 -4777 47 ) 
4 479 489 0 (-2704 -4800 16 ) (-2704 -4832 16 ) (-2704 -4832 138 ) (-2704 -4800 138 ) 
4 479 480 0 (-2704 -4832 16 ) (-2702 -4832 16 ) (-2702 -4832 138 ) (-2704 -4832 138 ) 
4 480 499 0 (-2702 -5120 138 ) (-2704 -5120 138 ) (-2704 -5120 16 ) (-2702 -5120 16 ) 
4 480 497 0 (-2704 -5060 16 ) (-2704 -5120 16 ) (-2704 -5120 138 ) (-2704 -5060 138 ) 
4 480 491 0 (-2704 -4852 16 ) (-2704 -5060 16 ) (-2704 -5060 112 ) (-2704 -4852 112 ) 
4 480 490 0 (-2704 -5060 112 ) (-2704 -5060 138 ) (-2704 -4852 138 ) (-2704 -4852 112 ) 
4 480 489 0 (-2704 -4832 16 ) (-2704 -4852 16 ) (-2704 -4852 138 ) (-2704 -4832 138 ) 
4 481 517 0 (-3072 -4238 16 ) (-3072 -4436 16 ) (-3072 -4436 272 ) (-3072 -4238 272 ) 
4 481 487 0 (-3012 -4436 80 ) (-3012 -4436 112 ) (-3036 -4436 112 ) (-3036 -4436 72 ) 
3 481 486 0 (-3004 -4436 112 ) (-3012 -4436 112 ) (-3012 -4436 104 ) 
3 481 485 0 (-2972 -4436 104 ) (-2972 -4436 112 ) (-2980 -4436 112 ) 
4 481 488 0 (-3072 -4436 112 ) (-3072 -4436 16 ) (-3036 -4436 16 ) (-3036 -4436 112 ) 
4 481 484 0 (-2948 -4436 72 ) (-2948 -4436 112 ) (-2972 -4436 112 ) (-2972 -4436 80 ) 
4 481 483 0 (-2948 -4436 16 ) (-2704 -4436 16 ) (-2704 -4436 112 ) (-2948 -4436 112 ) 
4 481 482 0 (-3072 -4436 272 ) (-3072 -4436 112 ) (-2704 -4436 112 ) (-2704 -4436 272 ) 
4 482 518 0 (-3072 -4436 272 ) (-3072 -4436 112 ) (-3072 -4644 112 ) (-3072 -4644 272 ) 
4 482 489 0 (-3072 -4644 272 ) (-3072 -4644 112 ) (-2704 -4644 112 ) (-2704 -4644 272 ) 
4 482 487 0 (-3012 -4644 112 ) (-3036 -4644 112 ) (-3036 -4436 112 ) (-3012 -4436 112 ) 
4 482 486 0 (-3004 -4644 112 ) (-3012 -4644 112 ) (-3012 -4436 112 ) (-3004 -4436 112 ) 
4 482 485 0 (-2972 -4644 112 ) (-2980 -4644 112 ) (-2980 -4436 112 ) (-2972 -4436 112 ) 
4 482 488 0 (-3036 -4644 112 ) (-3072 -4644 112 ) (-3072 -4436 112 ) (-3036 -4436 112 ) 
4 482 484 0 (-2948 -4644 112 ) (-2972 -4644 112 ) (-2972 -4436 112 ) (-2948 -4436 112 ) 
4 482 483 0 (-2704 -4644 112 ) (-2948 -4644 112 ) (-2948 -4436 112 ) (-2704 -4436 112 ) 
4 483 489 0 (-2948 -4644 16 ) (-2704 -4644 16 ) (-2704 -4644 112 ) (-2948 -4644 112 ) 
4 483 484 0 (-2948 -4644 72 ) (-2948 -4644 112 ) (-2948 -4436 112 ) (-2948 -4436 72 ) 
4 484 489 0 (-2948 -4644 72 ) (-2948 -4644 112 ) (-2972 -4644 112 ) (-2972 -4644 80 ) 
4 484 485 0 (-2972 -4644 104 ) (-2972 -4644 112 ) (-2972 -4436 112 ) (-2972 -4436 104 ) 
3 485 489 0 (-2972 -4644 104 ) (-2972 -4644 112 ) (-2980 -4644 112 ) 
3 486 489 0 (-3004 -4644 112 ) (-3012 -4644 112 ) (-3012 -4644 104 ) 
4 486 487 0 (-3012 -4644 104 ) (-3012 -4644 112 ) (-3012 -4436 112 ) (-3012 -4436 104 ) 
4 487 489 0 (-3012 -4644 80 ) (-3012 -4644 112 ) (-3036 -4644 112 ) (-3036 -4644 72 ) 
4 487 488 0 (-3036 -4644 72 ) (-3036 -4644 112 ) (-3036 -4436 112 ) (-3036 -4436 72 ) 
4 488 519 0 (-3072 -4436 112 ) (-3072 -4436 16 ) (-3072 -4644 16 ) (-3072 -4644 112 ) 
4 488 489 0 (-3072 -4644 112 ) (-3072 -4644 16 ) (-3036 -4644 16 ) (-3036 -4644 112 ) 
4 489 545 0 (-3072 -4644 272 ) (-3072 -4644 16 ) (-3072 -4852 16 ) (-3072 -4852 272 ) 
4 489 495 0 (-3012 -4852 80 ) (-3012 -4852 112 ) (-3036 -4852 112 ) (-3036 -4852 72 ) 
3 489 494 0 (-3004 -4852 112 ) (-3012 -4852 112 ) (-3012 -4852 104 ) 
3 489 493 0 (-2972 -4852 104 ) (-2972 -4852 112 ) (-2980 -4852 112 ) 
4 489 496 0 (-3072 -4852 112 ) (-3072 -4852 16 ) (-3036 -4852 16 ) (-3036 -4852 112 ) 
4 489 492 0 (-2948 -4852 72 ) (-2948 -4852 112 ) (-2972 -4852 112 ) (-2972 -4852 80 ) 
4 489 491 0 (-2948 -4852 16 ) (-2704 -4852 16 ) (-2704 -4852 112 ) (-2948 -4852 112 ) 
4 489 490 0 (-3072 -4852 272 ) (-3072 -4852 112 ) (-2704 -4852 112 ) (-2704 -4852 272 ) 
4 490 546 0 (-3072 -4852 272 ) (-3072 -4852 112 ) (-3072 -5060 112 ) (-3072 -5060 272 ) 
4 490 497 0 (-3072 -5060 272 ) (-3072 -5060 112 ) (-2704 -5060 112 ) (-2704 -5060 272 ) 
4 490 495 0 (-3012 -5060 112 ) (-3036 -5060 112 ) (-3036 -4852 112 ) (-3012 -4852 112 ) 
4 490 494 0 (-3004 -5060 112 ) (-3012 -5060 112 ) (-3012 -4852 112 ) (-3004 -4852 112 ) 
4 490 493 0 (-2972 -5060 112 ) (-2980 -5060 112 ) (-2980 -4852 112 ) (-2972 -4852 112 ) 
4 490 496 0 (-3036 -5060 112 ) (-3072 -5060 112 ) (-3072 -4852 112 ) (-3036 -4852 112 ) 
4 490 492 0 (-2948 -5060 112 ) (-2972 -5060 112 ) (-2972 -4852 112 ) (-2948 -4852 112 ) 
4 490 491 0 (-2704 -5060 112 ) (-2948 -5060 112 ) (-2948 -4852 112 ) (-2704 -4852 112 ) 
4 491 497 0 (-2948 -5060 16 ) (-2704 -5060 16 ) (-2704 -5060 112 ) (-2948 -5060 112 ) 
4 491 492 0 (-2948 -5060 72 ) (-2948 -5060 112 ) (-2948 -4852 112 ) (-2948 -4852 72 ) 
4 492 497 0 (-2948 -5060 72 ) (-2948 -5060 112 ) (-2972 -5060 112 ) (-2972 -5060 80 ) 
4 492 493 0 (-2972 -5060 104 ) (-2972 -5060 112 ) (-2972 -4852 112 ) (-2972 -4852 104 ) 
3 493 497 0 (-2972 -5060 104 ) (-2972 -5060 112 ) (-2980 -5060 112 ) 
3 494 497 0 (-3004 -5060 112 ) (-3012 -5060 112 ) (-3012 -5060 104 ) 
4 494 495 0 (-3012 -5060 104 ) (-3012 -5060 112 ) (-3012 -4852 112 ) (-3012 -4852 104 ) 
4 495 497 0 (-3012 -5060 80 ) (-3012 -5060 112 ) (-3036 -5060 112 ) (-3036 -5060 72 ) 
4 495 496 0 (-3036 -5060 72 ) (-3036 -5060 112 ) (-3036 -4852 112 ) (-3036 -4852 72 ) 
4 496 547 0 (-3072 -4852 112 ) (-3072 -4852 16 ) (-3072 -5060 16 ) (-3072 -5060 112 ) 
4 496 497 0 (-3072 -5060 112 ) (-3072 -5060 16 ) (-3036 -5060 16 ) (-3036 -5060 112 ) 
4 497 573 0 (-3072 -5120 16 ) (-3072 -5120 272 ) (-3072 -5060 272 ) (-3072 -5060 16 ) 
4 497 499 0 (-3072 -5120 272 ) (-3072 -5120 16 ) (-2704 -5120 16 ) (-2704 -5120 272 ) 
4 499 574 0 (-3072 -5120 272 ) (-3072 -5120 16 ) (-3072 -5238 16 ) (-3072 -5238 272 ) 
4 499 501 0 (-2879 -5238 16 ) (-2785 -5238 16 ) (-2785 -5238 112 ) (-2879 -5238 112 ) 
4 499 500 0 (-2784 -5238 144 ) (-2702 -5238 144 ) (-2702 -5238 240 ) (-2784 -5238 240 ) 
4 500 502 0 (-2784 -5248 144 ) (-2702 -5248 144 ) (-2702 -5248 240 ) (-2784 -5248 240 ) 
4 501 503 0 (-2879 -5248 16 ) (-2785 -5248 16 ) (-2785 -5248 112 ) (-2879 -5248 112 ) 
4 502 510 0 (-2800 -5314 240 ) (-2880 -5314 240 ) (-2880 -5314 144 ) (-2800 -5314 144 ) 
4 502 504 0 (-2688 -5314 144 ) (-2688 -5314 240 ) (-2768 -5314 240 ) (-2768 -5314 144 ) 
4 503 511 0 (-2880 -5314 72 ) (-2880 -5314 16 ) (-2800 -5314 16 ) (-2800 -5314 72 ) 
4 503 510 0 (-2800 -5314 120 ) (-2880 -5314 120 ) (-2880 -5314 72 ) (-2800 -5314 72 ) 
4 504 516 0 (-2688 -5410 144 ) (-2688 -5410 240 ) (-2768 -5410 240 ) (-2768 -5410 144 ) 
4 504 505 0 (-2768 -5394 144 ) (-2768 -5330 144 ) (-2688 -5330 144 ) (-2688 -5394 144 ) 
4 504 509 0 (-2688 -5410 144 ) (-2768 -5410 144 ) (-2768 -5394 144 ) (-2688 -5394 144 ) 
4 505 506 0 (-2768 -5378 132 ) (-2768 -5346 132 ) (-2688 -5346 132 ) (-2688 -5378 132 ) 
4 505 508 0 (-2688 -5394 132 ) (-2768 -5394 132 ) (-2768 -5378 132 ) (-2688 -5378 132 ) 
4 505 509 0 (-2688 -5394 144 ) (-2768 -5394 144 ) (-2768 -5394 132 ) (-2688 -5394 132 ) 
4 506 507 0 (-2688 -5378 120 ) (-2768 -5378 120 ) (-2768 -5362 120 ) (-2688 -5362 120 ) 
4 506 508 0 (-2688 -5378 120 ) (-2688 -5378 132 ) (-2768 -5378 132 ) (-2768 -5378 120 ) 
4 507 508 0 (-2688 -5378 108 ) (-2688 -5378 120 ) (-2768 -5378 120 ) (-2768 -5378 108 ) 
4 508 509 0 (-2768 -5394 132 ) (-2768 -5394 96 ) (-2688 -5394 96 ) (-2688 -5394 132 ) 
4 509 516 0 (-2688 -5410 84 ) (-2688 -5410 144 ) (-2768 -5410 144 ) (-2768 -5410 84 ) 
4 510 516 0 (-2800 -5410 240 ) (-2880 -5410 240 ) (-2880 -5410 84 ) (-2800 -5410 84 ) 
4 510 512 0 (-2800 -5330 72 ) (-2800 -5394 72 ) (-2880 -5394 72 ) (-2880 -5330 72 ) 
4 510 511 0 (-2880 -5314 72 ) (-2800 -5314 72 ) (-2800 -5330 72 ) (-2880 -5330 72 ) 
4 511 513 0 (-2800 -5330 24 ) (-2800 -5330 60 ) (-2880 -5330 60 ) (-2880 -5330 24 ) 
4 511 512 0 (-2800 -5330 60 ) (-2800 -5330 72 ) (-2880 -5330 72 ) (-2880 -5330 60 ) 
4 512 514 0 (-2880 -5378 60 ) (-2880 -5346 60 ) (-2800 -5346 60 ) (-2800 -5378 60 ) 
4 512 513 0 (-2880 -5346 60 ) (-2880 -5330 60 ) (-2800 -5330 60 ) (-2800 -5346 60 ) 
4 513 515 0 (-2800 -5346 36 ) (-2800 -5346 48 ) (-2880 -5346 48 ) (-2880 -5346 36 ) 
4 513 514 0 (-2800 -5346 48 ) (-2800 -5346 60 ) (-2880 -5346 60 ) (-2880 -5346 48 ) 
4 514 515 0 (-2880 -5362 48 ) (-2880 -5346 48 ) (-2800 -5346 48 ) (-2800 -5362 48 ) 
4 517 575 0 (-4096 -4238 16 ) (-4096 -4436 16 ) (-4096 -4436 272 ) (-4096 -4238 272 ) 
4 517 543 0 (-4004 -4436 80 ) (-4004 -4436 112 ) (-4028 -4436 112 ) (-4028 -4436 72 ) 
3 517 542 0 (-3996 -4436 112 ) (-4004 -4436 112 ) (-4004 -4436 104 ) 
3 517 541 0 (-3964 -4436 104 ) (-3964 -4436 112 ) (-3972 -4436 112 ) 
4 517 544 0 (-4096 -4436 112 ) (-4096 -4436 16 ) (-4028 -4436 16 ) (-4028 -4436 112 ) 
4 517 540 0 (-3940 -4436 72 ) (-3940 -4436 112 ) (-3964 -4436 112 ) (-3964 -4436 80 ) 
4 517 538 0 (-3812 -4436 80 ) (-3812 -4436 112 ) (-3836 -4436 112 ) (-3836 -4436 72 ) 
3 517 537 0 (-3804 -4436 112 ) (-3812 -4436 112 ) (-3812 -4436 104 ) 
3 517 536 0 (-3772 -4436 104 ) (-3772 -4436 112 ) (-3780 -4436 112 ) 
4 517 539 0 (-3940 -4436 16 ) (-3836 -4436 16 ) (-3836 -4436 112 ) (-3940 -4436 112 ) 
4 517 535 0 (-3748 -4436 72 ) (-3748 -4436 112 ) (-3772 -4436 112 ) (-3772 -4436 80 ) 
4 517 533 0 (-3556 -4436 80 ) (-3556 -4436 112 ) (-3580 -4436 112 ) (-3580 -4436 72 ) 
3 517 532 0 (-3548 -4436 112 ) (-3556 -4436 112 ) (-3556 -4436 104 ) 
3 517 531 0 (-3516 -4436 104 ) (-3516 -4436 112 ) (-3524 -4436 112 ) 
4 517 534 0 (-3748 -4436 16 ) (-3580 -4436 16 ) (-3580 -4436 112 ) (-3748 -4436 112 ) 
4 517 530 0 (-3492 -4436 72 ) (-3492 -4436 112 ) (-3516 -4436 112 ) (-3516 -4436 80 ) 
4 517 528 0 (-3428 -4436 80 ) (-3428 -4436 112 ) (-3452 -4436 112 ) (-3452 -4436 72 ) 
3 517 527 0 (-3420 -4436 112 ) (-3428 -4436 112 ) (-3428 -4436 104 ) 
3 517 526 0 (-3388 -4436 104 ) (-3388 -4436 112 ) (-3396 -4436 112 ) 
4 517 529 0 (-3492 -4436 16 ) (-3452 -4436 16 ) (-3452 -4436 112 ) (-3492 -4436 112 ) 
4 517 525 0 (-3364 -4436 72 ) (-3364 -4436 112 ) (-3388 -4436 112 ) (-3388 -4436 80 ) 
4 517 524 0 (-3364 -4436 16 ) (-3324 -4436 16 ) (-3324 -4436 112 ) (-3364 -4436 112 ) 
4 517 523 0 (-3300 -4436 80 ) (-3300 -4436 112 ) (-3324 -4436 112 ) (-3324 -4436 72 ) 
3 517 522 0 (-3292 -4436 112 ) (-3300 -4436 112 ) (-3300 -4436 104 ) 
3 517 521 0 (-3260 -4436 104 ) (-3260 -4436 112 ) (-3268 -4436 112 ) 
4 517 520 0 (-3236 -4436 72 ) (-3236 -4436 112 ) (-3260 -4436 112 ) (-3260 -4436 80 ) 
4 517 519 0 (-3236 -4436 16 ) (-3072 -4436 16 ) (-3072 -4436 112 ) (-3236 -4436 112 ) 
4 517 518 0 (-4096 -4436 272 ) (-4096 -4436 112 ) (-3072 -4436 112 ) (-3072 -4436 272 ) 
4 518 575 0 (-4096 -4436 272 ) (-4096 -4436 112 ) (-4096 -4644 112 ) (-4096 -4644 272 ) 
4 518 545 0 (-4096 -4644 272 ) (-4096 -4644 112 ) (-3072 -4644 112 ) (-3072 -4644 272 ) 
4 518 543 0 (-4004 -4644 112 ) (-4028 -4644 112 ) (-4028 -4436 112 ) (-4004 -4436 112 ) 
4 518 542 0 (-3996 -4644 112 ) (-4004 -4644 112 ) (-4004 -4436 112 ) (-3996 -4436 112 ) 
4 518 541 0 (-3964 -4644 112 ) (-3972 -4644 112 ) (-3972 -4436 112 ) (-3964 -4436 112 ) 
4 518 544 0 (-4028 -4644 112 ) (-4096 -4644 112 ) (-4096 -4436 112 ) (-4028 -4436 112 ) 
4 518 540 0 (-3940 -4644 112 ) (-3964 -4644 112 ) (-3964 -4436 112 ) (-3940 -4436 112 ) 
4 518 538 0 (-3812 -4644 112 ) (-3836 -4644 112 ) (-3836 -4436 112 ) (-3812 -4436 112 ) 
4 518 537 0 (-3804 -4644 112 ) (-3812 -4644 112 ) (-3812 -4436 112 ) (-3804 -4436 112 ) 
4 518 536 0 (-3772 -4644 112 ) (-3780 -4644 112 ) (-3780 -4436 112 ) (-3772 -4436 112 ) 
4 518 539 0 (-3836 -4644 112 ) (-3940 -4644 112 ) (-3940 -4436 112 ) (-3836 -4436 112 ) 
4 518 535 0 (-3748 -4644 112 ) (-3772 -4644 112 ) (-3772 -4436 112 ) (-3748 -4436 112 ) 
4 518 533 0 (-3556 -4644 112 ) (-3580 -4644 112 ) (-3580 -4436 112 ) (-3556 -4436 112 ) 
4 518 532 0 (-3548 -4644 112 ) (-3556 -4644 112 ) (-3556 -4436 112 ) (-3548 -4436 112 ) 
4 518 531 0 (-3516 -4644 112 ) (-3524 -4644 112 ) (-3524 -4436 112 ) (-3516 -4436 112 ) 
4 518 534 0 (-3580 -4644 112 ) (-3748 -4644 112 ) (-3748 -4436 112 ) (-3580 -4436 112 ) 
4 518 530 0 (-3492 -4644 112 ) (-3516 -4644 112 ) (-3516 -4436 112 ) (-3492 -4436 112 ) 
4 518 528 0 (-3428 -4644 112 ) (-3452 -4644 112 ) (-3452 -4436 112 ) (-3428 -4436 112 ) 
4 518 527 0 (-3420 -4644 112 ) (-3428 -4644 112 ) (-3428 -4436 112 ) (-3420 -4436 112 ) 
4 518 526 0 (-3388 -4644 112 ) (-3396 -4644 112 ) (-3396 -4436 112 ) (-3388 -4436 112 ) 
4 518 529 0 (-3452 -4644 112 ) (-3492 -4644 112 ) (-3492 -4436 112 ) (-3452 -4436 112 ) 
4 518 525 0 (-3364 -4644 112 ) (-3388 -4644 112 ) (-3388 -4436 112 ) (-3364 -4436 112 ) 
4 518 524 0 (-3324 -4644 112 ) (-3364 -4644 112 ) (-3364 -4436 112 ) (-3324 -4436 112 ) 
4 518 523 0 (-3300 -4644 112 ) (-3324 -4644 112 ) (-3324 -4436 112 ) (-3300 -4436 112 ) 
4 518 522 0 (-3292 -4644 112 ) (-3300 -4644 112 ) (-3300 -4436 112 ) (-3292 -4436 112 ) 
4 518 521 0 (-3260 -4644 112 ) (-3268 -4644 112 ) (-3268 -4436 112 ) (-3260 -4436 112 ) 
4 518 520 0 (-3236 -4644 112 ) (-3260 -4644 112 ) (-3260 -4436 112 ) (-3236 -4436 112 ) 
4 518 519 0 (-3072 -4644 112 ) (-3236 -4644 112 ) (-3236 -4436 112 ) (-3072 -4436 112 ) 
4 519 545 0 (-3236 -4644 16 ) (-3072 -4644 16 ) (-3072 -4644 112 ) (-3236 -4644 112 ) 
4 519 520 0 (-3236 -4644 72 ) (-3236 -4644 112 ) (-3236 -4436 112 ) (-3236 -4436 72 ) 
4 520 545 0 (-3236 -4644 72 ) (-3236 -4644 112 ) (-3260 -4644 112 ) (-3260 -4644 80 ) 
4 520 521 0 (-3260 -4644 104 ) (-3260 -4644 112 ) (-3260 -4436 112 ) (-3260 -4436 104 ) 
3 521 545 0 (-3260 -4644 104 ) (-3260 -4644 112 ) (-3268 -4644 112 ) 
3 522 545 0 (-3292 -4644 112 ) (-3300 -4644 112 ) (-3300 -4644 104 ) 
4 522 523 0 (-3300 -4644 104 ) (-3300 -4644 112 ) (-3300 -4436 112 ) (-3300 -4436 104 ) 
4 523 545 0 (-3300 -4644 80 ) (-3300 -4644 112 ) (-3324 -4644 112 ) (-3324 -4644 72 ) 
4 523 524 0 (-3324 -4644 72 ) (-3324 -4644 112 ) (-3324 -4436 112 ) (-3324 -4436 72 ) 
4 524 545 0 (-3364 -4644 16 ) (-3324 -4644 16 ) (-3324 -4644 112 ) (-3364 -4644 112 ) 
4 524 525 0 (-3364 -4644 72 ) (-3364 -4644 112 ) (-3364 -4436 112 ) (-3364 -4436 72 ) 
4 525 545 0 (-3364 -4644 72 ) (-3364 -4644 112 ) (-3388 -4644 112 ) (-3388 -4644 80 ) 
4 525 526 0 (-3388 -4644 104 ) (-3388 -4644 112 ) (-3388 -4436 112 ) (-3388 -4436 104 ) 
3 526 545 0 (-3388 -4644 104 ) (-3388 -4644 112 ) (-3396 -4644 112 ) 
3 527 545 0 (-3420 -4644 112 ) (-3428 -4644 112 ) (-3428 -4644 104 ) 
4 527 528 0 (-3428 -4644 104 ) (-3428 -4644 112 ) (-3428 -4436 112 ) (-3428 -4436 104 ) 
4 528 545 0 (-3428 -4644 80 ) (-3428 -4644 112 ) (-3452 -4644 112 ) (-3452 -4644 72 ) 
4 528 529 0 (-3452 -4644 72 ) (-3452 -4644 112 ) (-3452 -4436 112 ) (-3452 -4436 72 ) 
4 529 545 0 (-3492 -4644 16 ) (-3452 -4644 16 ) (-3452 -4644 112 ) (-3492 -4644 112 ) 
4 529 530 0 (-3492 -4644 72 ) (-3492 -4644 112 ) (-3492 -4436 112 ) (-3492 -4436 72 ) 
4 530 545 0 (-3492 -4644 72 ) (-3492 -4644 112 ) (-3516 -4644 112 ) (-3516 -4644 80 ) 
4 530 531 0 (-3516 -4644 104 ) (-3516 -4644 112 ) (-3516 -4436 112 ) (-3516 -4436 104 ) 
3 531 545 0 (-3516 -4644 104 ) (-3516 -4644 112 ) (-3524 -4644 112 ) 
3 532 545 0 (-3548 -4644 112 ) (-3556 -4644 112 ) (-3556 -4644 104 ) 
4 532 533 0 (-3556 -4644 104 ) (-3556 -4644 112 ) (-3556 -4436 112 ) (-3556 -4436 104 ) 
4 533 545 0 (-3556 -4644 80 ) (-3556 -4644 112 ) (-3580 -4644 112 ) (-3580 -4644 72 ) 
4 533 534 0 (-3580 -4644 72 ) (-3580 -4644 112 ) (-3580 -4436 112 ) (-3580 -4436 72 ) 
4 534 545 0 (-3748 -4644 16 ) (-3580 -4644 16 ) (-3580 -4644 112 ) (-3748 -4644 112 ) 
4 534 535 0 (-3748 -4644 72 ) (-3748 -4644 112 ) (-3748 -4436 112 ) (-3748 -4436 72 ) 
4 535 545 0 (-3748 -4644 72 ) (-3748 -4644 112 ) (-3772 -4644 112 ) (-3772 -4644 80 ) 
4 535 536 0 (-3772 -4644 104 ) (-3772 -4644 112 ) (-3772 -4436 112 ) (-3772 -4436 104 ) 
3 536 545 0 (-3772 -4644 104 ) (-3772 -4644 112 ) (-3780 -4644 112 ) 
3 537 545 0 (-3804 -4644 112 ) (-3812 -4644 112 ) (-3812 -4644 104 ) 
4 537 538 0 (-3812 -4644 104 ) (-3812 -4644 112 ) (-3812 -4436 112 ) (-3812 -4436 104 ) 
4 538 545 0 (-3812 -4644 80 ) (-3812 -4644 112 ) (-3836 -4644 112 ) (-3836 -4644 72 ) 
4 538 539 0 (-3836 -4644 72 ) (-3836 -4644 112 ) (-3836 -4436 112 ) (-3836 -4436 72 ) 
4 539 545 0 (-3940 -4644 16 ) (-3836 -4644 16 ) (-3836 -4644 112 ) (-3940 -4644 112 ) 
4 539 540 0 (-3940 -4644 72 ) (-3940 -4644 112 ) (-3940 -4436 112 ) (-3940 -4436 72 ) 
4 540 545 0 (-3940 -4644 72 ) (-3940 -4644 112 ) (-3964 -4644 112 ) (-3964 -4644 80 ) 
4 540 541 0 (-3964 -4644 104 ) (-3964 -4644 112 ) (-3964 -4436 112 ) (-3964 -4436 104 ) 
3 541 545 0 (-3964 -4644 104 ) (-3964 -4644 112 ) (-3972 -4644 112 ) 
3 542 545 0 (-3996 -4644 112 ) (-4004 -4644 112 ) (-4004 -4644 104 ) 
4 542 543 0 (-4004 -4644 104 ) (-4004 -4644 112 ) (-4004 -4436 112 ) (-4004 -4436 104 ) 
4 543 545 0 (-4004 -4644 80 ) (-4004 -4644 112 ) (-4028 -4644 112 ) (-4028 -4644 72 ) 
4 543 544 0 (-4028 -4644 72 ) (-4028 -4644 112 ) (-4028 -4436 112 ) (-4028 -4436 72 ) 
4 544 575 0 (-4096 -4436 112 ) (-4096 -4436 16 ) (-4096 -4644 16 ) (-4096 -4644 112 ) 
4 544 545 0 (-4096 -4644 112 ) (-4096 -4644 16 ) (-4028 -4644 16 ) (-4028 -4644 112 ) 
4 545 575 0 (-4096 -4644 272 ) (-4096 -4644 16 ) (-4096 -4852 16 ) (-4096 -4852 272 ) 
4 545 571 0 (-4004 -4852 80 ) (-4004 -4852 112 ) (-4028 -4852 112 ) (-4028 -4852 72 ) 
3 545 570 0 (-3996 -4852 112 ) (-4004 -4852 112 ) (-4004 -4852 104 ) 
3 545 569 0 (-3964 -4852 104 ) (-3964 -4852 112 ) (-3972 -4852 112 ) 
4 545 572 0 (-4096 -4852 112 ) (-4096 -4852 16 ) (-4028 -4852 16 ) (-4028 -4852 112 ) 
4 545 568 0 (-3940 -4852 72 ) (-3940 -4852 112 ) (-3964 -4852 112 ) (-3964 -4852 80 ) 
4 545 566 0 (-3812 -4852 80 ) (-3812 -4852 112 ) (-3836 -4852 112 ) (-3836 -4852 72 ) 
3 545 565 0 (-3804 -4852 112 ) (-3812 -4852 112 ) (-3812 -4852 104 ) 
3 545 564 0 (-3772 -4852 104 ) (-3772 -4852 112 ) (-3780 -4852 112 ) 
4 545 567 0 (-3940 -4852 16 ) (-3836 -4852 16 ) (-3836 -4852 112 ) (-3940 -4852 112 ) 
4 545 563 0 (-3748 -4852 72 ) (-3748 -4852 112 ) (-3772 -4852 112 ) (-3772 -4852 80 ) 
4 545 561 0 (-3556 -4852 80 ) (-3556 -4852 112 ) (-3580 -4852 112 ) (-3580 -4852 72 ) 
3 545 560 0 (-3548 -4852 112 ) (-3556 -4852 112 ) (-3556 -4852 104 ) 
3 545 559 0 (-3516 -4852 104 ) (-3516 -4852 112 ) (-3524 -4852 112 ) 
4 545 562 0 (-3748 -4852 16 ) (-3580 -4852 16 ) (-3580 -4852 112 ) (-3748 -4852 112 ) 
4 545 558 0 (-3492 -4852 72 ) (-3492 -4852 112 ) (-3516 -4852 112 ) (-3516 -4852 80 ) 
4 545 556 0 (-3428 -4852 80 ) (-3428 -4852 112 ) (-3452 -4852 112 ) (-3452 -4852 72 ) 
3 545 555 0 (-3420 -4852 112 ) (-3428 -4852 112 ) (-3428 -4852 104 ) 
3 545 554 0 (-3388 -4852 104 ) (-3388 -4852 112 ) (-3396 -4852 112 ) 
4 545 557 0 (-3492 -4852 16 ) (-3452 -4852 16 ) (-3452 -4852 112 ) (-3492 -4852 112 ) 
4 545 553 0 (-3364 -4852 72 ) (-3364 -4852 112 ) (-3388 -4852 112 ) (-3388 -4852 80 ) 
4 545 552 0 (-3364 -4852 16 ) (-3324 -4852 16 ) (-3324 -4852 112 ) (-3364 -4852 112 ) 
4 545 551 0 (-3300 -4852 80 ) (-3300 -4852 112 ) (-3324 -4852 112 ) (-3324 -4852 72 ) 
3 545 550 0 (-3292 -4852 112 ) (-3300 -4852 112 ) (-3300 -4852 104 ) 
3 545 549 0 (-3260 -4852 104 ) (-3260 -4852 112 ) (-3268 -4852 112 ) 
4 545 548 0 (-3236 -4852 72 ) (-3236 -4852 112 ) (-3260 -4852 112 ) (-3260 -4852 80 ) 
4 545 547 0 (-3236 -4852 16 ) (-3072 -4852 16 ) (-3072 -4852 112 ) (-3236 -4852 112 ) 
4 545 546 0 (-4096 -4852 272 ) (-4096 -4852 112 ) (-3072 -4852 112 ) (-3072 -4852 272 ) 
4 546 575 0 (-4096 -4852 272 ) (-4096 -4852 112 ) (-4096 -5060 112 ) (-4096 -5060 272 ) 
4 546 573 0 (-4096 -5060 272 ) (-4096 -5060 112 ) (-3072 -5060 112 ) (-3072 -5060 272 ) 
4 546 571 0 (-4004 -5060 112 ) (-4028 -5060 112 ) (-4028 -4852 112 ) (-4004 -4852 112 ) 
4 546 570 0 (-3996 -5060 112 ) (-4004 -5060 112 ) (-4004 -4852 112 ) (-3996 -4852 112 ) 
4 546 569 0 (-3964 -5060 112 ) (-3972 -5060 112 ) (-3972 -4852 112 ) (-3964 -4852 112 ) 
4 546 572 0 (-4028 -5060 112 ) (-4096 -5060 112 ) (-4096 -4852 112 ) (-4028 -4852 112 ) 
4 546 568 0 (-3940 -5060 112 ) (-3964 -5060 112 ) (-3964 -4852 112 ) (-3940 -4852 112 ) 
4 546 566 0 (-3812 -5060 112 ) (-3836 -5060 112 ) (-3836 -4852 112 ) (-3812 -4852 112 ) 
4 546 565 0 (-3804 -5060 112 ) (-3812 -5060 112 ) (-3812 -4852 112 ) (-3804 -4852 112 ) 
4 546 564 0 (-3772 -5060 112 ) (-3780 -5060 112 ) (-3780 -4852 112 ) (-3772 -4852 112 ) 
4 546 567 0 (-3836 -5060 112 ) (-3940 -5060 112 ) (-3940 -4852 112 ) (-3836 -4852 112 ) 
4 546 563 0 (-3748 -5060 112 ) (-3772 -5060 112 ) (-3772 -4852 112 ) (-3748 -4852 112 ) 
4 546 561 0 (-3556 -5060 112 ) (-3580 -5060 112 ) (-3580 -4852 112 ) (-3556 -4852 112 ) 
4 546 560 0 (-3548 -5060 112 ) (-3556 -5060 112 ) (-3556 -4852 112 ) (-3548 -4852 112 ) 
4 546 559 0 (-3516 -5060 112 ) (-3524 -5060 112 ) (-3524 -4852 112 ) (-3516 -4852 112 ) 
4 546 562 0 (-3580 -5060 112 ) (-3748 -5060 112 ) (-3748 -4852 112 ) (-3580 -4852 112 ) 
4 546 558 0 (-3492 -5060 112 ) (-3516 -5060 112 ) (-3516 -4852 112 ) (-3492 -4852 112 ) 
4 546 556 0 (-3428 -5060 112 ) (-3452 -5060 112 ) (-3452 -4852 112 ) (-3428 -4852 112 ) 
4 546 555 0 (-3420 -5060 112 ) (-3428 -5060 112 ) (-3428 -4852 112 ) (-3420 -4852 112 ) 
4 546 554 0 (-3388 -5060 112 ) (-3396 -5060 112 ) (-3396 -4852 112 ) (-3388 -4852 112 ) 
4 546 557 0 (-3452 -5060 112 ) (-3492 -5060 112 ) (-3492 -4852 112 ) (-3452 -4852 112 ) 
4 546 553 0 (-3364 -5060 112 ) (-3388 -5060 112 ) (-3388 -4852 112 ) (-3364 -4852 112 ) 
4 546 552 0 (-3324 -5060 112 ) (-3364 -5060 112 ) (-3364 -4852 112 ) (-3324 -4852 112 ) 
4 546 551 0 (-3300 -5060 112 ) (-3324 -5060 112 ) (-3324 -4852 112 ) (-3300 -4852 112 ) 
4 546 550 0 (-3292 -5060 112 ) (-3300 -5060 112 ) (-3300 -4852 112 ) (-3292 -4852 112 ) 
4 546 549 0 (-3260 -5060 112 ) (-3268 -5060 112 ) (-3268 -4852 112 ) (-3260 -4852 112 ) 
4 546 548 0 (-3236 -5060 112 ) (-3260 -5060 112 ) (-3260 -4852 112 ) (-3236 -4852 112 ) 
4 546 547 0 (-3072 -5060 112 ) (-3236 -5060 112 ) (-3236 -4852 112 ) (-3072 -4852 112 ) 
4 547 573 0 (-3236 -5060 16 ) (-3072 -5060 16 ) (-3072 -5060 112 ) (-3236 -5060 112 ) 
4 547 548 0 (-3236 -5060 72 ) (-3236 -5060 112 ) (-3236 -4852 112 ) (-3236 -4852 72 ) 
4 548 573 0 (-3236 -5060 72 ) (-3236 -5060 112 ) (-3260 -5060 112 ) (-3260 -5060 80 ) 
4 548 549 0 (-3260 -5060 104 ) (-3260 -5060 112 ) (-3260 -4852 112 ) (-3260 -4852 104 ) 
3 549 573 0 (-3260 -5060 104 ) (-3260 -5060 112 ) (-3268 -5060 112 ) 
3 550 573 0 (-3292 -5060 112 ) (-3300 -5060 112 ) (-3300 -5060 104 ) 
4 550 551 0 (-3300 -5060 104 ) (-3300 -5060 112 ) (-3300 -4852 112 ) (-3300 -4852 104 ) 
4 551 573 0 (-3300 -5060 80 ) (-3300 -5060 112 ) (-3324 -5060 112 ) (-3324 -5060 72 ) 
4 551 552 0 (-3324 -5060 72 ) (-3324 -5060 112 ) (-3324 -4852 112 ) (-3324 -4852 72 ) 
4 552 573 0 (-3364 -5060 16 ) (-3324 -5060 16 ) (-3324 -5060 112 ) (-3364 -5060 112 ) 
4 552 553 0 (-3364 -5060 72 ) (-3364 -5060 112 ) (-3364 -4852 112 ) (-3364 -4852 72 ) 
4 553 573 0 (-3364 -5060 72 ) (-3364 -5060 112 ) (-3388 -5060 112 ) (-3388 -5060 80 ) 
4 553 554 0 (-3388 -5060 104 ) (-3388 -5060 112 ) (-3388 -4852 112 ) (-3388 -4852 104 ) 
3 554 573 0 (-3388 -5060 104 ) (-3388 -5060 112 ) (-3396 -5060 112 ) 
3 555 573 0 (-3420 -5060 112 ) (-3428 -5060 112 ) (-3428 -5060 104 ) 
4 555 556 0 (-3428 -5060 104 ) (-3428 -5060 112 ) (-3428 -4852 112 ) (-3428 -4852 104 ) 
4 556 573 0 (-3428 -5060 80 ) (-3428 -5060 112 ) (-3452 -5060 112 ) (-3452 -5060 72 ) 
4 556 557 0 (-3452 -5060 72 ) (-3452 -5060 112 ) (-3452 -4852 112 ) (-3452 -4852 72 ) 
4 557 573 0 (-3492 -5060 16 ) (-3452 -5060 16 ) (-3452 -5060 112 ) (-3492 -5060 112 ) 
4 557 558 0 (-3492 -5060 72 ) (-3492 -5060 112 ) (-3492 -4852 112 ) (-3492 -4852 72 ) 
4 558 573 0 (-3492 -5060 72 ) (-3492 -5060 112 ) (-3516 -5060 112 ) (-3516 -5060 80 ) 
4 558 559 0 (-3516 -5060 104 ) (-3516 -5060 112 ) (-3516 -4852 112 ) (-3516 -4852 104 ) 
3 559 573 0 (-3516 -5060 104 ) (-3516 -5060 112 ) (-3524 -5060 112 ) 
3 560 573 0 (-3548 -5060 112 ) (-3556 -5060 112 ) (-3556 -5060 104 ) 
4 560 561 0 (-3556 -5060 104 ) (-3556 -5060 112 ) (-3556 -4852 112 ) (-3556 -4852 104 ) 
4 561 573 0 (-3556 -5060 80 ) (-3556 -5060 112 ) (-3580 -5060 112 ) (-3580 -5060 72 ) 
4 561 562 0 (-3580 -5060 72 ) (-3580 -5060 112 ) (-3580 -4852 112 ) (-3580 -4852 72 ) 
4 562 573 0 (-3748 -5060 16 ) (-3580 -5060 16 ) (-3580 -5060 112 ) (-3748 -5060 112 ) 
4 562 563 0 (-3748 -5060 72 ) (-3748 -5060 112 ) (-3748 -4852 112 ) (-3748 -4852 72 ) 
4 563 573 0 (-3748 -5060 72 ) (-3748 -5060 112 ) (-3772 -5060 112 ) (-3772 -5060 80 ) 
4 563 564 0 (-3772 -5060 104 ) (-3772 -5060 112 ) (-3772 -4852 112 ) (-3772 -4852 104 ) 
3 564 573 0 (-3772 -5060 104 ) (-3772 -5060 112 ) (-3780 -5060 112 ) 
3 565 573 0 (-3804 -5060 112 ) (-3812 -5060 112 ) (-3812 -5060 104 ) 
4 565 566 0 (-3812 -5060 104 ) (-3812 -5060 112 ) (-3812 -4852 112 ) (-3812 -4852 104 ) 
4 566 573 0 (-3812 -5060 80 ) (-3812 -5060 112 ) (-3836 -5060 112 ) (-3836 -5060 72 ) 
4 566 567 0 (-3836 -5060 72 ) (-3836 -5060 112 ) (-3836 -4852 112 ) (-3836 -4852 72 ) 
4 567 573 0 (-3940 -5060 16 ) (-3836 -5060 16 ) (-3836 -5060 112 ) (-3940 -5060 112 ) 
4 567 568 0 (-3940 -5060 72 ) (-3940 -5060 112 ) (-3940 -4852 112 ) (-3940 -4852 72 ) 
4 568 573 0 (-3940 -5060 72 ) (-3940 -5060 112 ) (-3964 -5060 112 ) (-3964 -5060 80 ) 
4 568 569 0 (-3964 -5060 104 ) (-3964 -5060 112 ) (-3964 -4852 112 ) (-3964 -4852 104 ) 
3 569 573 0 (-3964 -5060 104 ) (-3964 -5060 112 ) (-3972 -5060 112 ) 
3 570 573 0 (-3996 -5060 112 ) (-4004 -5060 112 ) (-4004 -5060 104 ) 
4 570 571 0 (-4004 -5060 104 ) (-4004 -5060 112 ) (-4004 -4852 112 ) (-4004 -4852 104 ) 
4 571 573 0 (-4004 -5060 80 ) (-4004 -5060 112 ) (-4028 -5060 112 ) (-4028 -5060 72 ) 
4 571 572 0 (-4028 -5060 72 ) (-4028 -5060 112 ) (-4028 -4852 112 ) (-4028 -4852 72 ) 
4 572 575 0 (-4096 -4852 112 ) (-4096 -4852 16 ) (-4096 -5060 16 ) (-4096 -5060 112 ) 
4 572 573 0 (-4096 -5060 112 ) (-4096 -5060 16 ) (-4028 -5060 16 ) (-4028 -5060 112 ) 
4 573 575 0 (-4096 -5120 16 ) (-4096 -5120 272 ) (-4096 -5060 272 ) (-4096 -5060 16 ) 
4 573 574 0 (-4096 -5120 272 ) (-4096 -5120 16 ) (-3072 -5120 16 ) (-3072 -5120 272 ) 
4 574 576 0 (-4096 -5120 272 ) (-4096 -5120 16 ) (-4096 -5238 16 ) (-4096 -5238 272 ) 
4 575 576 0 (-4096 -5120 16 ) (-4096 -5120 272 ) (-4288 -5120 272 ) (-4288 -5120 16 ) 
4 0 (256 480 0 ) (256 448 0 ) (256 448 384 ) (256 480 384 ) 
4 0 (256 448 528 ) (832 448 528 ) (832 640 528 ) (256 640 528 ) 
4 0 (256 640 528 ) (832 640 528 ) (832 640 0 ) (256 640 0 ) 
4 0 (832 448 528 ) (832 448 0 ) (832 640 0 ) (832 640 528 ) 
4 1 (0 480 0 ) (256 480 0 ) (256 480 384 ) (0 480 384 ) 
4 1 (256 480 528 ) (256 640 528 ) (0 640 528 ) (0 480 528 ) 
4 1 (0 640 528 ) (256 640 528 ) (256 640 0 ) (0 640 0 ) 
4 2 (232 448 528 ) (224 448 528 ) (224 448 384 ) (232 448 384 ) 
4 2 (256 448 528 ) (256 480 528 ) (0 480 528 ) (0 448 528 ) 
4 2 (0 480 384 ) (256 480 384 ) (256 448 384 ) (0 448 384 ) 
4 3 (232 448 528 ) (232 448 16 ) (232 0 16 ) (232 0 528 ) 
4 3 (832 448 528 ) (232 448 528 ) (232 0 528 ) (832 0 528 ) 
4 3 (232 448 384 ) (256 448 384 ) (256 448 0 ) (232 448 0 ) 
4 3 (832 0 528 ) (832 0 0 ) (832 448 0 ) (832 448 528 ) 
4 4 (224 448 16 ) (232 448 16 ) (232 448 0 ) (224 448 0 ) 
4 4 (232 0 16 ) (232 448 16 ) (224 448 16 ) (224 0 16 ) 
4 5 (176 96 84 ) (176 0 84 ) (144 0 84 ) (144 96 84 ) 
4 5 (224 0 528 ) (224 0 84 ) (224 448 84 ) (224 448 528 ) 
4 5 (224 448 528 ) (0 448 528 ) (0 0 528 ) (224 0 528 ) 
4 5 (0 448 84 ) (0 448 384 ) (224 448 384 ) (224 448 84 ) 
4 6 (176 448 20 ) (224 448 20 ) (224 0 20 ) (176 0 20 ) 
4 6 (176 96 20 ) (176 0 20 ) (176 0 84 ) (176 96 84 ) 
4 6 (224 0 84 ) (224 0 20 ) (224 448 20 ) (224 448 84 ) 
4 6 (176 448 20 ) (176 448 84 ) (224 448 84 ) (224 448 20 ) 
4 7 (64 448 20 ) (176 448 20 ) (176 96 20 ) (64 96 20 ) 
4 7 (64 96 20 ) (176 96 20 ) (176 96 84 ) (144 96 84 ) 
4 7 (176 448 20 ) (0 448 20 ) (0 448 84 ) (176 448 84 ) 
4 8 (63.995377 0 20 ) (63.995373 96 20 ) (143.994049 96 84 ) (143.994049 0 84 ) 
4 9 (0 448 16 ) (64 448 16 ) (64 0 16 ) (0 0 16 ) 
4 9 (64 448 16 ) (0 448 16 ) (0 448 20 ) (64 448 20 ) 
4 9 (64 448 20 ) (64 0 20 ) (64 0 16 ) (64 448 16 ) 
4 10 (128 448 16 ) (224 448 16 ) (224 448 0 ) (128 448 0 ) 
4 10 (128 0 16 ) (224 0 16 ) (224 448 16 ) (128 448 16 ) 
4 10 (128 0 16 ) (128 448 16 ) (128 448 0 ) (128 0 0 ) 
4 11 (0 480 -16 ) (256 480 -16 ) (256 480 0 ) (0 480 0 ) 
4 11 (832 480 0 ) (832 480 -16 ) (832 640 -16 ) (832 640 0 ) 
4 11 (832 640 -16 ) (0 640 -16 ) (0 640 0 ) (832 640 0 ) 
4 12 (256 480 0 ) (256 480 -16 ) (256 448 -16 ) (256 448 0 ) 
4 12 (832 480 0 ) (832 0 0 ) (832 0 -16 ) (832 480 -16 ) 
4 13 (128 448 0 ) (256 448 0 ) (256 448 -16 ) (128 448 -16 ) 
4 13 (128 448 0 ) (128 448 -16 ) (128 0 -16 ) (128 0 0 ) 
4 14 (832 640 -96 ) (832 640 -16 ) (832 0 -16 ) (832 0 -96 ) 
4 14 (128 448 -16 ) (0 448 -16 ) (0 0 -16 ) (128 0 -16 ) 
4 14 (256 448 -16 ) (256 480 -16 ) (0 480 -16 ) (0 448 -16 ) 
4 14 (832 640 -96 ) (0 640 -96 ) (0 640 -16 ) (832 640 -16 ) 
4 14 (0 640 -96 ) (832 640 -96 ) (832 0 -96 ) (0 0 -96 ) 
4 15 (232 0 528 ) (232 0 16 ) (232 -1024 16 ) (232 -1024 528 ) 
4 15 (832 0 528 ) (232 0 528 ) (232 -1024 528 ) (832 -1024 528 ) 
4 15 (832 0 528 ) (832 -1024 528 ) (832 -1024 16 ) (832 0 16 ) 
4 16 (0 -997.737244 122.196747 ) (0 -887.794250 122.196747 ) (148.514252 -848 122.196747 ) (176 -950.578247 122.196747 ) 
4 16 (0 -1024 528 ) (224 -1024 528 ) (224 0 528 ) (0 0 528 ) 
4 16 (224 -1024 528 ) (224 -1024 122.196747 ) (224 0 122.196747 ) (224 0 528 ) 
4 17 (64 0 20 ) (224 0 20 ) (224 -827.773621 20 ) (64 -870.645508 20 ) 
4 17 (0 -887.794678 20 ) (148.514389 -848 20 ) (148.514389 -848 122.196747 ) (0 -887.794861 122.196747 ) 
4 17 (224 -827.773682 122.196747 ) (224 -827.773621 20 ) (224 0 20 ) (224 0 122.196747 ) 
4 17 (144 0 84 ) (176 0 84 ) (176 0 20 ) (64 0 20 ) 
4 18 (224 -827.773621 20 ) (224 -937.716614 20 ) (176 -950.578247 20 ) (148.514252 -848 20 ) 
4 18 (224 -937.716614 20 ) (224 -1024 20 ) (195.673325 -1024 20 ) (176 -950.578247 20 ) 
4 18 (148.514847 -848.002563 122.196747 ) (148.514847 -848.002563 20 ) (176 -950.578247 20 ) (176 -950.578125 122.196747 ) 
4 18 (224 -827.773682 122.196747 ) (224 -1024 122.196747 ) (224 -1024 20 ) (224 -827.773621 20 ) 
4 19 (195.673325 -1024 20 ) (64 -1024 20 ) (64 -980.588501 20 ) (176 -950.578247 20 ) 
4 19 (175.996948 -950.580688 122.196747 ) (175.996948 -950.580688 20 ) (0 -997.738953 20 ) (0 -997.740601 122.196747 ) 
4 20 (64 -1024 16 ) (0 -1024 16 ) (0 -997.737244 16 ) (64 -980.588562 16 ) 
4 20 (64 -980.590515 20 ) (64 -980.590515 16 ) (0 -997.739258 16 ) (0 -997.739136 20 ) 
4 20 (64 -980.588562 20 ) (64 -1024 20 ) (64 -1024 16 ) (64 -980.588562 16 ) 
4 21 (0 -887.794250 16 ) (0 0 16 ) (64 0 16 ) (64 -870.645569 16 ) 
4 21 (64 0 20 ) (64 -870.645569 20 ) (64 -870.645569 16 ) (64 0 16 ) 
4 21 (0 -887.793945 16 ) (64 -870.645203 16 ) (64 -870.645203 20 ) (0 -887.793945 20 ) 
4 22 (832 0 16 ) (832 -1024 16 ) (832 -1024 0 ) (832 0 0 ) 
4 22 (128 -963.439758 16 ) (224 -937.716614 16 ) (224 -827.773621 16 ) (128 -853.496765 16 ) 
4 22 (128 -853.496765 16 ) (224 -827.773621 16 ) (224 0 16 ) (128 0 16 ) 
4 22 (224 -937.716614 16 ) (128 -963.439758 16 ) (128 -1024 16 ) (224 -1024 16 ) 
4 22 (232 0 16 ) (224 0 16 ) (224 -1024 16 ) (232 -1024 16 ) 
4 22 (128 0 0 ) (128 -1024 0 ) (128 -1024 16 ) (128 0 16 ) 
4 23 (128 -1024 -16 ) (128 -1024 0 ) (128 0 0 ) (128 0 -16 ) 
4 23 (128 0 -96 ) (832 0 -96 ) (832 -1024 -96 ) (128 -1024 -96 ) 
4 23 (832 0 -96 ) (832 0 0 ) (832 -1024 0 ) (832 -1024 -96 ) 
4 24 (0 0 -96 ) (128 0 -96 ) (128 -1024 -96 ) (0 -1024 -96 ) 
4 24 (0 -1024 -16 ) (128 -1024 -16 ) (128 0 -16 ) (0 0 -16 ) 
4 25 (232 -1568 16 ) (232 -1056 16 ) (256 -1056 16 ) (256 -1568 16 ) 
4 25 (232 -1024 528 ) (232 -1024 16 ) (232 -2048 16 ) (232 -2048 528 ) 
4 25 (832 -1024 528 ) (232 -1024 528 ) (232 -2048 528 ) (832 -2048 528 ) 
4 25 (832 -1024 528 ) (832 -2048 528 ) (832 -2048 16 ) (832 -1024 16 ) 
5 26 (64 -1796.367554 113.708542 ) (64 -1844.112793 112 ) (18.275757 -1950.843506 112 ) (0 -1943.014038 113.806778 ) (0 -1768.949585 120.038162 ) 
3 26 (81.282524 -1803.771484 112 ) (64 -1844.112793 112 ) (64 -1796.367554 113.708542 ) 
4 26 (0 -1957.385498 113.292152 ) (131.387909 -2048 99.068962 ) (131.387665 -2048 133.528259 ) (0 -1957.385498 119.018730 ) 
4 26 (224 -2048 528 ) (224 -2048 91.330803 ) (224 -1024 127.989258 ) (224 -1024 528 ) 
5 26 (0 -1957.385742 528 ) (131.387573 -2048 528 ) (224 -2048 528 ) (224 -1024 528 ) (0 -1024 528 ) 
3 27 (0 -1957.385742 528 ) (0 -2048 528 ) (131.387573 -2048 528 ) 
3 27 (0 -1957.382202 119.018623 ) (131.392868 -2048 133.528717 ) (0 -2048 123.695625 ) 
5 28 (64 -2001.524658 20 ) (64 -1844.112793 20 ) (224 -1470.636719 20 ) (224 -2048 20 ) (131.387604 -2048 20 ) 
4 28 (81.284210 -1803.772339 20 ) (64 -1844.117676 20 ) (64 -1844.117676 112 ) (81.284264 -1803.772339 112 ) 
4 28 (224 -1470.636719 112 ) (224 -2048 91.330803 ) (224 -2048 20 ) (224 -1470.636719 20 ) 
4 28 (64 -2001.524658 106.361816 ) (64 -2001.524658 20 ) (131.387665 -2048 20 ) (131.387665 -2048 99.067131 ) 
5 29 (64 -1796.367554 20 ) (64 -1024 20 ) (224 -1024 20 ) (224 -1470.636719 20 ) (81.282524 -1803.771484 20 ) 
4 29 (224 -1470.636719 112 ) (224 -1470.636719 20 ) (224 -1024 20 ) (224 -1024 127.989258 ) 
4 29 (64 -1796.366455 113.712257 ) (64 -1796.366455 20 ) (81.284256 -1803.770264 20 ) (81.284256 -1803.770264 112 ) 
3 30 (64 -1844.112793 16 ) (64 -2001.524658 16 ) (11.944023 -1965.623169 16 ) 
4 30 (64 -1844.113770 112 ) (64 -1844.113770 16 ) (18.275784 -1950.843506 16 ) (18.275784 -1950.843506 112 ) 
4 30 (11.944381 -1965.622314 16 ) (64 -2001.523560 16 ) (64 -2001.523560 106.359375 ) (11.944382 -1965.622314 111.994568 ) 
4 30 (64 -1844.112793 20 ) (64 -2001.524658 20 ) (64 -2001.524658 16 ) (64 -1844.112793 16 ) 
4 31 (0 -1957.385742 16 ) (0 -1943.014038 16 ) (18.275757 -1950.843506 16 ) (11.944023 -1965.623169 16 ) 
4 31 (18.276453 -1950.844604 112 ) (18.276451 -1950.844604 16 ) (0 -1943.015015 16 ) (0 -1943.015015 113.804283 ) 
4 31 (0 -1957.384644 16 ) (11.944381 -1965.622314 16 ) (11.944382 -1965.622314 111.994568 ) (0 -1957.384644 113.287590 ) 
4 32 (0 -1768.949585 16 ) (0 -1024 16 ) (64 -1024 16 ) (64 -1796.367554 16 ) 
4 32 (64 -1024 20 ) (64 -1796.367554 20 ) (64 -1796.367554 16 ) (64 -1024 16 ) 
4 32 (0 -1768.947510 16 ) (64 -1796.365601 16 ) (64 -1796.365601 113.703125 ) (0 -1768.947510 120.033516 ) 
4 33 (256 -1056 0 ) (256 -1568 0 ) (256 -1568 16 ) (256 -1056 16 ) 
4 33 (832 -1024 16 ) (832 -2048 16 ) (832 -2048 0 ) (832 -1024 0 ) 
4 34 (128 -1056 16 ) (128 -1056 0 ) (256 -1056 0 ) (256 -1056 16 ) 
4 34 (128 -1024 0 ) (128 -1056 0 ) (128 -1056 16 ) (128 -1024 16 ) 
4 34 (128 -1056 16 ) (224 -1056 16 ) (224 -1024 16 ) (128 -1024 16 ) 
4 34 (232 -1056 16 ) (232 -1024 16 ) (224 -1024 16 ) (224 -1056 16 ) 
4 35 (232 -1568 16 ) (256 -1568 16 ) (256 -1568 0 ) (232 -1568 0 ) 
4 35 (232 -1568 16 ) (232 -1568 0 ) (232 -2048 0 ) (232 -2048 16 ) 
4 36 (256 -1056 -16 ) (256 -1568 -16 ) (256 -1568 0 ) (256 -1056 0 ) 
4 36 (832 -1024 0 ) (832 -2048 0 ) (832 -2048 -16 ) (832 -1024 -16 ) 
4 37 (128 -1056 0 ) (128 -1056 -16 ) (256 -1056 -16 ) (256 -1056 0 ) 
4 37 (128 -1024 -16 ) (128 -1056 -16 ) (128 -1056 0 ) (128 -1024 0 ) 
4 38 (232 -1568 0 ) (256 -1568 0 ) (256 -1568 -16 ) (232 -1568 -16 ) 
4 38 (232 -1568 0 ) (232 -1568 -16 ) (232 -2048 -16 ) (232 -2048 0 ) 
4 39 (832 -1024 -96 ) (832 -1024 -16 ) (832 -2048 -16 ) (832 -2048 -96 ) 
4 39 (232 -1568 -16 ) (128 -1568 -16 ) (128 -2048 -16 ) (232 -2048 -16 ) 
4 39 (256 -1568 -16 ) (256 -1056 -16 ) (128 -1056 -16 ) (128 -1568 -16 ) 
4 39 (128 -1024 -16 ) (0 -1024 -16 ) (0 -2048 -16 ) (128 -2048 -16 ) 
4 39 (0 -1024 -96 ) (832 -1024 -96 ) (832 -2048 -96 ) (0 -2048 -96 ) 
4 40 (232 -2048 528 ) (232 -2048 0 ) (232 -3072 0 ) (232 -3072 528 ) 
4 40 (832 -3072 528 ) (832 -3072 0 ) (832 -2048 0 ) (832 -2048 528 ) 
4 40 (832 -3072 528 ) (832 -2048 528 ) (232 -2048 528 ) (232 -3072 528 ) 
4 41 (0 -2048 123.695267 ) (64 -2048 128.484818 ) (64 -2195.886475 136.117676 ) (0 -2151.747559 129.049988 ) 
6 41 (64 -2048 128.484818 ) (131.387619 -2048 133.527893 ) (224 -2111.872070 143.755325 ) (224 -2116.605225 144 ) (135.373505 -2245.110840 144 ) (64 -2195.886475 136.117676 ) 
4 41 (0 -3072 528 ) (224 -3072 528 ) (224 -2048 528 ) (0 -2048 528 ) 
4 41 (224 -3072 528 ) (224 -3072 193.310669 ) (224 -2048 140.459076 ) (224 -2048 528 ) 
3 42 (135.373520 -2245.110840 20 ) (224 -2116.605225 20 ) (224 -2306.233887 20 ) 
5 42 (64 -3072 20 ) (64 -2348.600098 20 ) (135.373520 -2245.110840 20 ) (224 -2306.233887 20 ) (224 -3072 20 ) 
4 42 (224 -2116.607422 20 ) (135.373779 -2245.111084 20 ) (135.373169 -2245.110596 144 ) (224 -2116.604492 144 ) 
4 42 (224 -2116.605225 144 ) (224 -3072 193.310669 ) (224 -3072 20 ) (224 -2116.605225 20 ) 
3 43 (64 -2348.600098 20 ) (64 -2195.886475 20 ) (135.373505 -2245.110840 20 ) 
4 43 (135.369446 -2245.104004 144.004517 ) (135.369446 -2245.104004 20 ) (64 -2195.882568 20 ) (64 -2195.882568 136.117813 ) 
3 44 (131.387619 -2048 20 ) (224 -2048 20 ) (224 -2111.872070 20 ) 
4 44 (224 -2111.872070 143.755707 ) (224 -2111.872070 20 ) (224 -2048 20 ) (224 -2048 140.459076 ) 
4 44 (131.385727 -2048 20 ) (224 -2111.872070 20 ) (224 -2111.872070 143.755692 ) (131.385727 -2048 133.527420 ) 
4 45 (64 -2195.886475 16 ) (64 -3072 16 ) (0 -3072 16 ) (0 -2151.747559 16 ) 
4 45 (64 -2195.886719 20 ) (64 -3072 20 ) (64 -3072 16 ) (64 -2195.886475 16 ) 
4 45 (64 -2195.881348 136.125000 ) (64 -2195.881348 16 ) (0 -2151.742432 16 ) (0 -2151.742432 129.057312 ) 
4 46 (232 -3072 -16 ) (232 -3072 0 ) (232 -2048 0 ) (232 -2048 -16 ) 
4 46 (832 -3072 -96 ) (232 -3072 -96 ) (232 -2048 -96 ) (832 -2048 -96 ) 
4 46 (832 -2048 0 ) (832 -3072 0 ) (832 -3072 -96 ) (832 -2048 -96 ) 
4 47 (0 -3072 -16 ) (232 -3072 -16 ) (232 -2048 -16 ) (0 -2048 -16 ) 
4 47 (0 -2048 -96 ) (232 -2048 -96 ) (232 -3072 -96 ) (0 -3072 -96 ) 
4 48 (232 -3072 528 ) (232 -3072 0 ) (232 -4096 0 ) (232 -4096 528 ) 
4 48 (832 -3072 528 ) (232 -3072 528 ) (232 -4096 528 ) (832 -4096 528 ) 
4 48 (832 -3072 528 ) (832 -4096 528 ) (832 -4096 0 ) (832 -3072 0 ) 
3 49 (23.160896 -3877.964355 119.262978 ) (0 -3951.625488 118.629799 ) (0 -3868.309326 121.544136 ) 
3 49 (218.479584 -4096 140.828217 ) (0 -4096 121.420822 ) (0 -4048.446289 120.501404 ) 
5 49 (224 -4096 528 ) (224 -4096 141.318954 ) (224 -3239.214111 124.753548 ) (224 -3072 130.602570 ) (224 -3072 528 ) 
4 49 (0 -4096 528 ) (224 -4096 528 ) (224 -3072 528 ) (0 -3072 528 ) 
7 50 (35.434479 -4056.158936 112 ) (34.092094 -4055.866699 112.122849 ) (0 -4041.654785 115.480637 ) (0 -3951.625488 118.629799 ) (23.160896 -3877.964355 119.262978 ) (64 -3894.988770 115.240654 ) (64 -3987.634277 112 ) 
3 50 (64 -3987.634277 112 ) (64 -3894.988770 115.240654 ) (96.902931 -3908.704834 112 ) 
3 50 (224 -4096 141.318954 ) (224 -4096 94.783821 ) (224 -3239.214111 124.753548 ) 
4 50 (218.474609 -4096 140.827301 ) (0 -4048.447510 120.500938 ) (0 -4048.447510 115.242439 ) (218.474609 -4096 95.246857 ) 
4 51 (64 -3894.988770 115.242188 ) (64 -3894.988770 20 ) (96.902908 -3908.704834 20 ) (96.902908 -3908.704834 112.001526 ) 
4 51 (224 -3961.687012 99.481987 ) (224 -3961.687012 20 ) (224 -3072 20 ) (224 -3072 130.602570 ) 
4 51 (224 -3961.682617 20 ) (64 -3894.984131 20 ) (64 -3072 20 ) (224 -3072 20 ) 
6 52 (64 -4062.376221 20 ) (64 -3987.634277 20 ) (96.904602 -3908.700928 20 ) (224 -3961.682617 20 ) (224 -4096 20 ) (218.479599 -4096 20 ) 
4 52 (96.899719 -3908.707520 112.001587 ) (96.899719 -3908.707520 20 ) (64 -3987.629150 20 ) (64 -3987.629150 112 ) 
4 52 (224 -3961.687012 20 ) (224 -3961.687012 99.481987 ) (224 -4096 94.783821 ) (224 -4096 20 ) 
4 52 (64 -4062.377930 109.384796 ) (64 -4062.377930 20 ) (218.472382 -4096 20 ) (218.472397 -4096 95.247055 ) 
4 53 (0 -3868.309326 16 ) (64 -3894.988770 16 ) (64 -3894.988770 115.234375 ) (0 -3868.309326 121.537849 ) 
4 53 (0 -3072 16 ) (64 -3072 16 ) (64 -3894.988770 16 ) (0 -3868.309326 16 ) 
4 53 (64 -3072 20 ) (64 -3894.988770 20 ) (64 -3894.988770 16 ) (64 -3072 16 ) 
4 54 (64 -3987.629150 112 ) (64 -3987.629150 16 ) (35.432468 -4056.158691 16 ) (35.432468 -4056.158691 112 ) 
4 54 (35.434185 -4056.159668 16 ) (64 -4062.377197 16 ) (64 -4062.377197 109.375000 ) (35.434181 -4056.159668 111.989449 ) 
3 54 (64 -3987.634277 16 ) (64 -4062.376221 16 ) (35.434547 -4056.158691 16 ) 
4 54 (64 -3987.634277 20 ) (64 -4062.376221 20 ) (64 -4062.376221 16 ) (64 -3987.634277 16 ) 
3 55 (34.090881 -4055.866211 16 ) (0 -4048.446289 16 ) (0 -4041.654785 16 ) 
4 55 (0 -4048.447021 16 ) (34.095791 -4055.868408 16 ) (34.095791 -4055.868408 112.111946 ) (0 -4048.447021 115.232521 ) 
4 55 (34.079659 -4055.864014 112.125000 ) (34.079659 -4055.864014 16 ) (0 -4041.657471 16 ) (0 -4041.657471 115.481560 ) 
4 56 (232 -4096 -16 ) (232 -4096 0 ) (232 -3072 0 ) (232 -3072 -16 ) 
4 56 (832 -4096 -96 ) (232 -4096 -96 ) (232 -3072 -96 ) (832 -3072 -96 ) 
4 56 (832 -3072 0 ) (832 -4096 0 ) (832 -4096 -96 ) (832 -3072 -96 ) 
4 57 (232 -4096 -96 ) (0 -4096 -96 ) (0 -3072 -96 ) (232 -3072 -96 ) 
4 57 (0 -4096 -16 ) (232 -4096 -16 ) (232 -3072 -16 ) (0 -3072 -16 ) 
4 58 (232 -4096 528 ) (232 -4096 142.029602 ) (232 -5120 161.827957 ) (232 -5120 528 ) 
3 58 (232 -4197.913086 144 ) (232 -4098.942871 142.085983 ) (252.567291 -4103.419434 144 ) 
4 58 (832 -5120 528 ) (832 -5120 215.125549 ) (832 -4096 195.327148 ) (832 -4096 528 ) 
4 58 (832 -5120 528 ) (832 -4096 528 ) (232 -4096 528 ) (232 -5120 528 ) 
4 59 (232 -4197.913086 16 ) (232 -5120 16 ) (232 -5120 161.827957 ) (232 -4197.913086 144 ) 
4 59 (252.569611 -4103.419922 16 ) (232 -4197.924316 16 ) (232 -4197.914062 144 ) (252.567490 -4103.419434 144 ) 
4 59 (832 -5120 215.125549 ) (832 -5120 16 ) (832 -4096 16 ) (832 -4096 195.327148 ) 
4 60 (232 -4096 142.029602 ) (232 -4096 16 ) (232 -4098.942871 16 ) (232 -4098.942871 142.086502 ) 
4 60 (252.564362 -4103.419922 16 ) (252.564362 -4103.419922 144 ) (232 -4098.943848 142.086746 ) (232 -4098.943848 16 ) 
4 61 (232 -4096 16 ) (232 -4096 0 ) (232 -5120 0 ) (232 -5120 16 ) 
3 61 (252.567291 -4103.419434 16 ) (232 -4098.942871 16 ) (232 -4197.913086 16 ) 
4 61 (832 -5120 16 ) (832 -5120 0 ) (832 -4096 0 ) (832 -4096 16 ) 
6 62 (64 -4226.122070 129.621902 ) (64 -4096 127.106079 ) (218.479584 -4096 140.828415 ) (224 -4097.201660 141.342010 ) (224 -4234.668457 144 ) (218.538864 -4259.758789 144 ) 
4 62 (224 -4096 141.318939 ) (224 -4096 528 ) (224 -5120 528 ) (224 -5120 161.117340 ) 
4 62 (64 -5120 528 ) (224 -5120 528 ) (224 -4096 528 ) (64 -4096 528 ) 
4 63 (64 -5120 20 ) (64 -4969.768555 20 ) (224 -4234.668457 20 ) (224 -5120 20 ) 
4 63 (224 -4234.672852 20 ) (218.539841 -4259.759277 20 ) (218.539169 -4259.758789 144.002136 ) (224 -4234.669922 144.002136 ) 
4 63 (224 -4234.668457 20 ) (224 -4234.668457 144 ) (224 -5120 161.117340 ) (224 -5120 20 ) 
3 64 (64 -4969.768555 20 ) (64 -4226.122070 20 ) (218.538864 -4259.758789 20 ) 
4 64 (218.540924 -4259.758301 144.004517 ) (218.540924 -4259.758301 20 ) (64 -4226.121094 20 ) (64 -4226.121094 129.625900 ) 
3 65 (218.479584 -4096 20 ) (224 -4096 20 ) (224 -4097.201660 20 ) 
4 65 (224 -4096 20 ) (224 -4096 141.318939 ) (224 -4097.201660 141.342163 ) (224 -4097.201660 20 ) 
4 65 (218.474609 -4096 20 ) (224 -4097.202637 20 ) (224 -4097.202637 141.342194 ) (218.474594 -4096 140.828125 ) 
4 66 (0 -4096 121.420929 ) (64 -4096 127.106003 ) (64 -4226.122070 129.621826 ) (0 -4212.192383 123.667427 ) 
4 66 (0 -5120 528 ) (64 -5120 528 ) (64 -4096 528 ) (0 -4096 528 ) 
4 67 (64 -4226.122070 20 ) (64 -4969.768555 20 ) (64 -4969.768555 16 ) (64 -4226.122070 16 ) 
4 67 (64 -4969.768555 20 ) (64 -5120 20 ) (64 -5120 16 ) (64 -4969.768555 16 ) 
4 67 (64 -4226.122070 16 ) (64 -5120 16 ) (0 -5120 16 ) (0 -4212.192383 16 ) 
4 67 (0 -4212.192383 123.663109 ) (64 -4226.122559 129.617538 ) (64 -4226.122559 16 ) (0 -4212.192383 16 ) 
4 68 (232 -5120 -16 ) (232 -5120 0 ) (232 -4096 0 ) (232 -4096 -16 ) 
4 68 (832 -5120 -96 ) (232 -5120 -96 ) (232 -4096 -96 ) (832 -4096 -96 ) 
4 68 (832 -4096 0 ) (832 -5120 0 ) (832 -5120 -96 ) (832 -4096 -96 ) 
4 69 (0 -5120 -16 ) (232 -5120 -16 ) (232 -4096 -16 ) (0 -4096 -16 ) 
4 69 (0 -4096 -96 ) (232 -4096 -96 ) (232 -5120 -96 ) (0 -5120 -96 ) 
4 70 (232 -5120 16 ) (232 -5120 0 ) (232 -5849.355469 0 ) (232 -5849.355469 16 ) 
4 70 (232 -5900 0 ) (232 -6144 0 ) (232 -6144 16 ) (232 -5900 16 ) 
4 70 (232 -5893 16 ) (232 -5898 16 ) (232 -5898 134 ) (232 -5893 134 ) 
4 70 (232 -5900 16 ) (232 -6144 16 ) (232 -6144 134 ) (232 -5900 134 ) 
4 70 (232 -5893 63 ) (232 -5893 67 ) (232 -5877 67 ) (232 -5877 63 ) 
4 70 (232 -5893 83 ) (232 -5893 85 ) (232 -5877 85 ) (232 -5877 83 ) 
4 70 (232 -5893 107 ) (232 -5893 111 ) (232 -5877 111 ) (232 -5877 107 ) 
4 70 (232 -5877 16 ) (232 -5893 16 ) (232 -5893 47 ) (232 -5877 47 ) 
4 70 (232 -5825 16 ) (232 -5830 16 ) (232 -5830 108 ) (232 -5825 108 ) 
4 70 (232 -5872 16 ) (232 -5877 16 ) (232 -5877 108 ) (232 -5872 108 ) 
4 70 (232 -5825 63 ) (232 -5825 67 ) (232 -5809 67 ) (232 -5809 63 ) 
4 70 (232 -5825 83 ) (232 -5825 85 ) (232 -5809 85 ) (232 -5809 83 ) 
4 70 (232 -5825 107 ) (232 -5825 108 ) (232 -5809 108 ) (232 -5809 107 ) 
4 70 (232 -5120 108 ) (232 -5120 47 ) (232 -5809 47 ) (232 -5809 108 ) 
4 70 (232 -5120 47 ) (232 -5120 16 ) (232 -5825 16 ) (232 -5825 47 ) 
4 70 (232 -5825 108 ) (232 -5830 108 ) (232 -5830 111 ) (232 -5825 111 ) 
4 70 (232 -5809 108 ) (232 -5825 108 ) (232 -5825 111 ) (232 -5809 111 ) 
4 70 (232 -5830 108 ) (232 -5872 108 ) (232 -5872 111 ) (232 -5830 111 ) 
4 70 (232 -5120 111 ) (232 -5120 108 ) (232 -5809 108 ) (232 -5809 111 ) 
4 70 (232 -5872 108 ) (232 -5877 108 ) (232 -5877 111 ) (232 -5872 111 ) 
4 70 (232 -5850 111 ) (232 -5853 111 ) (232 -5853 134 ) (232 -5850 134 ) 
4 70 (232 -5825 111 ) (232 -5830 111 ) (232 -5830 134 ) (232 -5825 134 ) 
4 70 (232 -5120 134 ) (232 -5120 111 ) (232 -5809 111 ) (232 -5809 134 ) 
4 70 (232 -5872 111 ) (232 -5877 111 ) (232 -5877 134 ) (232 -5872 134 ) 
4 70 (232 -5900 134 ) (232 -6144 134 ) (232 -6144 160 ) (232 -5900 160 ) 
4 70 (232 -5120 160 ) (232 -5120 134 ) (232 -5898 134 ) (232 -5898 160 ) 
4 70 (232 -5120 528 ) (232 -5120 160 ) (232 -6144 160 ) (232 -6144 528 ) 
4 70 (832 -5120 528 ) (232 -5120 528 ) (232 -6144 528 ) (832 -6144 528 ) 
4 70 (832 -5120 528 ) (832 -6144 528 ) (832 -6144 0 ) (832 -5120 0 ) 
4 71 (228 -5900 134 ) (232 -5900 134 ) (232 -5900 160 ) (228 -5900 160 ) 
4 71 (228 -5900 160 ) (232 -5900 160 ) (232 -5898 160 ) (228 -5898 160 ) 
4 71 (228 -5898 160 ) (232 -5898 160 ) (232 -5898 134 ) (228 -5898 134 ) 
4 71 (228 -5898 160 ) (228 -5898 134 ) (228 -5900 134 ) (228 -5900 160 ) 
4 72 (224 -5825 111 ) (224 -5809 111 ) (232 -5809 111 ) (232 -5825 111 ) 
4 72 (232 -5825 134 ) (232 -5809 134 ) (224 -5809 134 ) (224 -5825 134 ) 
4 72 (224 -5809 134 ) (232 -5809 134 ) (232 -5809 111 ) (224 -5809 111 ) 
4 72 (224 -5825 111 ) (232 -5825 111 ) (232 -5825 134 ) (224 -5825 134 ) 
4 73 (224 -5850 111 ) (224 -5830 111 ) (232 -5830 111 ) (232 -5850 111 ) 
4 73 (224 -5850 111 ) (232 -5850 111 ) (232 -5850 134 ) (224 -5850 134 ) 
4 73 (232 -5850 134 ) (232 -5830 134 ) (224 -5830 134 ) (224 -5850 134 ) 
4 73 (224 -5830 134 ) (232 -5830 134 ) (232 -5830 111 ) (224 -5830 111 ) 
4 74 (224 -5872 111 ) (224 -5853 111 ) (232 -5853 111 ) (232 -5872 111 ) 
4 74 (232 -5872 134 ) (232 -5853 134 ) (224 -5853 134 ) (224 -5872 134 ) 
4 74 (224 -5872 111 ) (232 -5872 111 ) (232 -5872 134 ) (224 -5872 134 ) 
4 74 (224 -5853 134 ) (232 -5853 134 ) (232 -5853 111 ) (224 -5853 111 ) 
4 75 (232 -5825 85 ) (232 -5825 107 ) (224 -5825 107 ) (224 -5825 85 ) 
4 75 (232 -5809 107 ) (224 -5809 107 ) (224 -5825 107 ) (232 -5825 107 ) 
4 75 (224 -5809 85 ) (224 -5809 107 ) (232 -5809 107 ) (232 -5809 85 ) 
4 75 (232 -5825 85 ) (224 -5825 85 ) (224 -5809 85 ) (232 -5809 85 ) 
4 76 (232 -5825 67 ) (232 -5825 83 ) (224 -5825 83 ) (224 -5825 67 ) 
4 76 (232 -5825 67 ) (224 -5825 67 ) (224 -5809 67 ) (232 -5809 67 ) 
4 76 (232 -5809 83 ) (224 -5809 83 ) (224 -5825 83 ) (232 -5825 83 ) 
4 76 (224 -5809 67 ) (224 -5809 83 ) (232 -5809 83 ) (232 -5809 67 ) 
4 77 (232 -5825 47 ) (232 -5825 63 ) (224 -5825 63 ) (224 -5825 47 ) 
4 77 (224 -5809 63 ) (232 -5809 63 ) (232 -5809 47 ) (224 -5809 47 ) 
4 77 (232 -5825 47 ) (224 -5825 47 ) (224 -5809 47 ) (232 -5809 47 ) 
4 77 (232 -5809 63 ) (224 -5809 63 ) (224 -5825 63 ) (232 -5825 63 ) 
4 78 (224 -5830 16 ) (224 -5872 16 ) (224 -5872 20 ) (224 -5830 20 ) 
4 78 (224 -5849.084473 16 ) (224 -5830 16 ) (232 -5830 16 ) (232 -5849.355957 16 ) 
4 78 (224 -5872 16 ) (232 -5872 16 ) (232 -5872 108 ) (224 -5872 108 ) 
4 78 (232 -5872 108 ) (232 -5830 108 ) (224 -5830 108 ) (224 -5872 108 ) 
4 78 (224 -5830 108 ) (232 -5830 108 ) (232 -5830 16 ) (224 -5830 16 ) 
4 79 (232 -5893 111 ) (232 -5893 134 ) (228 -5893 134 ) (228 -5893 111 ) 
4 79 (228 -5893 134 ) (224 -5893 134 ) (224 -5893 111 ) (228 -5893 111 ) 
4 79 (224 -5877 111 ) (224 -5877 134 ) (232 -5877 134 ) (232 -5877 111 ) 
4 79 (232 -5893 134 ) (232 -5877 134 ) (224 -5877 134 ) (224 -5893 134 ) 
4 79 (232 -5893 111 ) (224 -5893 111 ) (224 -5877 111 ) (232 -5877 111 ) 
4 80 (232 -5893 85 ) (232 -5893 107 ) (228 -5893 107 ) (228 -5893 85 ) 
4 80 (228 -5893 107 ) (224 -5893 107 ) (224 -5893 85 ) (228 -5893 85 ) 
4 80 (224 -5877 85 ) (224 -5877 107 ) (232 -5877 107 ) (232 -5877 85 ) 
4 80 (232 -5877 107 ) (224 -5877 107 ) (224 -5893 107 ) (232 -5893 107 ) 
4 80 (232 -5893 85 ) (224 -5893 85 ) (224 -5877 85 ) (232 -5877 85 ) 
4 81 (232 -5893 67 ) (232 -5893 83 ) (228 -5893 83 ) (228 -5893 67 ) 
4 81 (228 -5893 83 ) (224 -5893 83 ) (224 -5893 67 ) (228 -5893 67 ) 
4 81 (232 -5893 67 ) (224 -5893 67 ) (224 -5877 67 ) (232 -5877 67 ) 
4 81 (232 -5877 83 ) (224 -5877 83 ) (224 -5893 83 ) (232 -5893 83 ) 
4 81 (224 -5877 67 ) (224 -5877 83 ) (232 -5877 83 ) (232 -5877 67 ) 
4 82 (232 -5893 47 ) (232 -5893 63 ) (228 -5893 63 ) (228 -5893 47 ) 
4 82 (228 -5893 63 ) (224 -5893 63 ) (224 -5893 47 ) (228 -5893 47 ) 
4 82 (232 -5893 47 ) (224 -5893 47 ) (224 -5877 47 ) (232 -5877 47 ) 
4 82 (224 -5877 47 ) (224 -5877 63 ) (232 -5877 63 ) (232 -5877 47 ) 
4 82 (232 -5877 63 ) (224 -5877 63 ) (224 -5893 63 ) (232 -5893 63 ) 
4 83 (228 -5898 16 ) (228 -5900 16 ) (228 -5900 134 ) (228 -5898 134 ) 
4 83 (228 -5900 16 ) (232 -5900 16 ) (232 -5900 134 ) (228 -5900 134 ) 
4 83 (232 -5898 134 ) (232 -5898 16 ) (228 -5898 16 ) (228 -5898 134 ) 
4 84 (232 -5900 0 ) (232 -5900 16 ) (224 -5900 16 ) (224 -5900 0 ) 
4 84 (228 -5898 16 ) (232 -5898 16 ) (232 -5893 16 ) (228 -5893 16 ) 
4 84 (228 -5900 16 ) (228 -5893 16 ) (224 -5893 16 ) (224 -5900 16 ) 
4 84 (232 -5893 16 ) (232 -5877 16 ) (224 -5877 16 ) (224 -5893 16 ) 
4 84 (232 -5877 16 ) (232 -5872 16 ) (224 -5872 16 ) (224 -5877 16 ) 
4 84 (224 -5849.084473 0 ) (224 -5849.084473 16 ) (232 -5849.355469 16 ) (232 -5849.355469 0 ) 
4 85 (64 -5120 20 ) (224 -5120 20 ) (224 -6144 20 ) (64 -6144 20 ) 
4 85 (224 -6144 528 ) (224 -6144 160 ) (224 -5120 160 ) (224 -5120 528 ) 
4 85 (224 -5898 160 ) (224 -5898 134 ) (224 -5120 134 ) (224 -5120 160 ) 
4 85 (224 -5900 160 ) (224 -6144 160 ) (224 -6144 134 ) (224 -5900 134 ) 
4 85 (224 -5898 160 ) (224 -5900 160 ) (224 -5900 134 ) (224 -5898 134 ) 
4 85 (224 -5872 134 ) (224 -5877 134 ) (224 -5877 111 ) (224 -5872 111 ) 
4 85 (224 -5809 134 ) (224 -5809 111 ) (224 -5120 111 ) (224 -5120 134 ) 
4 85 (224 -5825 134 ) (224 -5830 134 ) (224 -5830 111 ) (224 -5825 111 ) 
4 85 (224 -5850 134 ) (224 -5853 134 ) (224 -5853 111 ) (224 -5850 111 ) 
4 85 (224 -5872 111 ) (224 -5877 111 ) (224 -5877 108 ) (224 -5872 108 ) 
4 85 (224 -5809 111 ) (224 -5809 108 ) (224 -5120 108 ) (224 -5120 111 ) 
4 85 (224 -5830 111 ) (224 -5872 111 ) (224 -5872 108 ) (224 -5830 108 ) 
4 85 (224 -5809 111 ) (224 -5825 111 ) (224 -5825 108 ) (224 -5809 108 ) 
4 85 (224 -5825 111 ) (224 -5830 111 ) (224 -5830 108 ) (224 -5825 108 ) 
4 85 (224 -5825 47 ) (224 -5825 20 ) (224 -5120 20 ) (224 -5120 47 ) 
4 85 (224 -5809 108 ) (224 -5809 47 ) (224 -5120 47 ) (224 -5120 108 ) 
4 85 (224 -5809 107 ) (224 -5809 108 ) (224 -5825 108 ) (224 -5825 107 ) 
4 85 (224 -5809 83 ) (224 -5809 85 ) (224 -5825 85 ) (224 -5825 83 ) 
4 85 (224 -5809 63 ) (224 -5809 67 ) (224 -5825 67 ) (224 -5825 63 ) 
4 85 (224 -5872 20 ) (224 -5872 108 ) (224 -5877 108 ) (224 -5877 20 ) 
4 85 (224 -5825 20 ) (224 -5825 108 ) (224 -5830 108 ) (224 -5830 20 ) 
4 85 (224 -5877 20 ) (224 -5877 47 ) (224 -5893 47 ) (224 -5893 20 ) 
4 85 (224 -5877 107 ) (224 -5877 111 ) (224 -5893 111 ) (224 -5893 107 ) 
4 85 (224 -5877 83 ) (224 -5877 85 ) (224 -5893 85 ) (224 -5893 83 ) 
4 85 (224 -5877 63 ) (224 -5877 67 ) (224 -5893 67 ) (224 -5893 63 ) 
4 85 (224 -5900 20 ) (224 -5900 134 ) (224 -6144 134 ) (224 -6144 20 ) 
4 85 (224 -5893 20 ) (224 -5893 134 ) (224 -5900 134 ) (224 -5900 20 ) 
4 85 (0 -6144 528 ) (224 -6144 528 ) (224 -5120 528 ) (0 -5120 528 ) 
4 86 (64 -5843.661133 16 ) (64 -6144 16 ) (0 -6144 16 ) (0 -5841.491211 16 ) 
4 86 (0 -5120 16 ) (64 -5120 16 ) (64 -5843.661133 16 ) (0 -5841.491211 16 ) 
4 86 (64 -5120 20 ) (64 -6144 20 ) (64 -6144 16 ) (64 -5120 16 ) 
4 87 (208 -5848.541992 16 ) (224 -5849.084473 16 ) (224 -5849.084473 0 ) (208 -5848.541992 0 ) 
4 87 (208 -5848.541992 16 ) (208 -6144 16 ) (224 -6144 16 ) (224 -5849.084473 16 ) 
4 87 (224 -5900 16 ) (224 -6144 16 ) (224 -6144 0 ) (224 -5900 0 ) 
4 87 (208 -5848.542969 16 ) (208 -5848.542969 0 ) (208 -6144 0 ) (208 -6144 16 ) 
4 88 (232 -6144 -16 ) (232 -6144 0 ) (232 -5900 0 ) (232 -5900 -16 ) 
4 88 (232 -5849.355957 0 ) (232 -5120 0 ) (232 -5120 -16 ) (232 -5849.355957 -16 ) 
4 88 (832 -6144 -96 ) (232 -6144 -96 ) (232 -5120 -96 ) (832 -5120 -96 ) 
4 88 (832 -5120 0 ) (832 -6144 0 ) (832 -6144 -96 ) (832 -5120 -96 ) 
4 89 (224 -5849.084473 0 ) (232 -5849.355469 0 ) (232 -5849.355469 -16 ) (224 -5849.084473 -16 ) 
4 89 (224 -5900 0 ) (224 -5900 -16 ) (232 -5900 -16 ) (232 -5900 0 ) 
4 90 (208 -5848.542969 0 ) (208 -5848.542969 -4 ) (208 -6144 -4 ) (208 -6144 0 ) 
4 90 (224 -5900 0 ) (224 -6144 0 ) (224 -6144 -16 ) (224 -5900 -16 ) 
4 90 (208 -5848.541992 0 ) (224 -5849.084473 0 ) (224 -5849.084473 -16 ) (208 -5848.541992 -16 ) 
4 91 (0 -5841.491211 -4 ) (208 -5848.541992 -4 ) (208 -5848.541992 -16 ) (0 -5841.491211 -16 ) 
4 91 (0 -6144 -4 ) (208 -6144 -4 ) (208 -5848.546875 -4 ) (0 -5841.496094 -4 ) 
4 92 (224 -5900 -16 ) (224 -6144 -16 ) (232 -6144 -16 ) (232 -5900 -16 ) 
4 92 (0 -5841.491211 -16 ) (232 -5849.355957 -16 ) (232 -5120 -16 ) (0 -5120 -16 ) 
4 92 (232 -6144 -96 ) (0 -6144 -96 ) (0 -5120 -96 ) (232 -5120 -96 ) 
4 93 (232 -6144 528 ) (232 -6144 0 ) (232 -6688 0 ) (232 -6688 528 ) 
4 93 (832 -6688 528 ) (832 -6688 0 ) (832 -6144 0 ) (832 -6144 528 ) 
4 93 (232 -6688 528 ) (232 -6688 0 ) (832 -6688 0 ) (832 -6688 528 ) 
4 93 (232 -6144 528 ) (232 -6688 528 ) (832 -6688 528 ) (832 -6144 528 ) 
4 94 (64 -6648 20 ) (64 -6144 20 ) (224 -6144 20 ) (224 -6648 20 ) 
4 94 (224 -6688 20 ) (224 -6688 528 ) (64 -6688 528 ) (64 -6688 20 ) 
4 94 (224 -6688 528 ) (224 -6688 20 ) (224 -6144 20 ) (224 -6144 528 ) 
4 94 (224 -6144 528 ) (64 -6144 528 ) (64 -6688 528 ) (224 -6688 528 ) 
4 95 (224 -6648 20 ) (224 -6688 20 ) (224 -6688 16 ) (224 -6648 16 ) 
4 95 (64 -6688 16 ) (224 -6688 16 ) (224 -6688 20 ) (64 -6688 20 ) 
4 95 (224 -6648 16 ) (64 -6648 16 ) (64 -6648 20 ) (224 -6648 20 ) 
4 96 (0 -6592 16 ) (0 -6144 16 ) (64 -6144 16 ) (64 -6592 16 ) 
4 96 (64 -6144 20 ) (64 -6648 20 ) (64 -6648 16 ) (64 -6144 16 ) 
4 96 (64 -6144 528 ) (0 -6144 528 ) (0 -6688 528 ) (64 -6688 528 ) 
4 96 (0 -6688 528 ) (0 -6688 16 ) (64 -6688 16 ) (64 -6688 528 ) 
4 97 (224 -6592 16 ) (224 -6592 0 ) (224 -6144 0 ) (224 -6144 16 ) 
4 97 (208 -6592 16 ) (224 -6592 16 ) (224 -6144 16 ) (208 -6144 16 ) 
4 97 (208 -6144 0 ) (208 -6592 0 ) (208 -6592 16 ) (208 -6144 16 ) 
4 98 (0 -6592 16 ) (208 -6592 16 ) (208 -6592 0 ) (0 -6592 0 ) 
4 98 (0 -6688 0 ) (224 -6688 0 ) (224 -6688 16 ) (0 -6688 16 ) 
4 98 (64 -6592 16 ) (64 -6648 16 ) (224 -6648 16 ) (224 -6592 16 ) 
4 98 (224 -6592 16 ) (224 -6688 16 ) (224 -6688 0 ) (224 -6592 0 ) 
4 99 (232 -6688 -16 ) (232 -6688 0 ) (232 -6144 0 ) (232 -6144 -16 ) 
4 99 (832 -6144 0 ) (832 -6688 0 ) (832 -6688 -96 ) (832 -6144 -96 ) 
4 99 (832 -6688 -96 ) (232 -6688 -96 ) (232 -6144 -96 ) (832 -6144 -96 ) 
4 99 (832 -6688 0 ) (232 -6688 0 ) (232 -6688 -96 ) (832 -6688 -96 ) 
4 100 (224 -6688 -16 ) (224 -6688 -96 ) (232 -6688 -96 ) (232 -6688 -16 ) 
4 100 (232 -6688 -96 ) (224 -6688 -96 ) (224 -6144 -96 ) (232 -6144 -96 ) 
4 100 (232 -6688 -16 ) (232 -6144 -16 ) (224 -6144 -16 ) (224 -6688 -16 ) 
4 101 (208 -6144 -4 ) (208 -6592 -4 ) (208 -6592 0 ) (208 -6144 0 ) 
4 101 (224 -6144 -4 ) (224 -6144 0 ) (224 -6688 0 ) (224 -6688 -4 ) 
4 101 (224 -6688 0 ) (208 -6688 0 ) (208 -6688 -4 ) (224 -6688 -4 ) 
4 102 (208 -6688 0 ) (0 -6688 0 ) (0 -6688 -4 ) (208 -6688 -4 ) 
4 102 (0 -6592 0 ) (208 -6592 0 ) (208 -6592 -4 ) (0 -6592 -4 ) 
4 103 (0 -6592 -4 ) (208 -6592 -4 ) (208 -6144 -4 ) (0 -6144 -4 ) 
4 103 (0 -6688 -4 ) (0 -6688 -96 ) (224 -6688 -96 ) (224 -6688 -4 ) 
4 103 (224 -6688 -96 ) (0 -6688 -96 ) (0 -6144 -96 ) (224 -6144 -96 ) 
4 103 (224 -6144 -16 ) (224 -6144 -4 ) (224 -6688 -4 ) (224 -6688 -16 ) 
4 104 (-1024 448 528 ) (-1024 448 384 ) (-384 448 384 ) (-384 448 528 ) 
4 104 (0 448 384 ) (-416 448 384 ) (-416 480 384 ) (0 480 384 ) 
4 104 (0 640 528 ) (-1024 640 528 ) (-1024 448 528 ) (0 448 528 ) 
4 104 (0 640 528 ) (0 640 384 ) (-1024 640 384 ) (-1024 640 528 ) 
4 105 (-416 640 384 ) (0 640 384 ) (0 640 0 ) (-416 640 0 ) 
4 105 (-416 480 384 ) (-416 480 0 ) (0 480 0 ) (0 480 384 ) 
4 106 (-1024 448 384 ) (-1024 448 0 ) (-416 448 0 ) (-416 448 384 ) 
4 106 (-416 480 0 ) (-416 480 384 ) (-416 448 384 ) (-416 448 0 ) 
4 106 (-416 640 384 ) (-416 640 0 ) (-1024 640 0 ) (-1024 640 384 ) 
4 107 (-384 448 528 ) (-384 448 192 ) (-384 0 192 ) (-384 0 528 ) 
4 107 (-384 176 192 ) (-384 256 192 ) (-288 256 192 ) (-288 176 192 ) 
4 107 (-384 448 192 ) (-384 448 384 ) (0 448 384 ) (0 448 192 ) 
4 107 (0 448 528 ) (-384 448 528 ) (-384 0 528 ) (0 0 528 ) 
4 108 (-384 448 192 ) (-384 448 20 ) (-384 256 20 ) (-384 256 192 ) 
4 108 (-384 256 20 ) (-384 448 20 ) (-224 448 20 ) (-224 256 20 ) 
4 108 (-384 256 20 ) (-288 256 20 ) (-288 256 192 ) (-384 256 192 ) 
4 108 (-384 448 20 ) (-384 448 192 ) (0 448 192 ) (0 448 20 ) 
4 109 (-224 0 20 ) (-288 0 20 ) (-288 256 20 ) (-224 256 20 ) 
4 109 (-288 256 192 ) (-288 256 20 ) (-288 176 20 ) (-288 176 192 ) 
4 110 (-384 176 20 ) (-384 0 20 ) (-384 0 192 ) (-384 176 192 ) 
4 110 (-288 0 20 ) (-384 0 20 ) (-384 176 20 ) (-288 176 20 ) 
4 110 (-384 176 192 ) (-288 176 192 ) (-288 176 20 ) (-384 176 20 ) 
4 111 (-224 448 16 ) (-224 448 20 ) (0 448 20 ) (0 448 16 ) 
4 111 (0 0 16 ) (-224 0 16 ) (-224 448 16 ) (0 448 16 ) 
4 111 (-224 448 16 ) (-224 0 16 ) (-224 0 20 ) (-224 448 20 ) 
4 112 (-416 640 -16 ) (-416 640 0 ) (0 640 0 ) (0 640 -16 ) 
4 112 (-416 480 0 ) (-416 480 -16 ) (0 480 -16 ) (0 480 0 ) 
4 113 (-416 448 0 ) (-1024 448 0 ) (-1024 448 -16 ) (-416 448 -16 ) 
4 113 (-416 480 0 ) (-416 448 0 ) (-416 448 -16 ) (-416 480 -16 ) 
4 113 (-416 640 -16 ) (-1024 640 -16 ) (-1024 640 0 ) (-416 640 0 ) 
4 114 (-1024 448 -32 ) (-384 448 -32 ) (-384 448 -16 ) (-1024 448 -16 ) 
4 114 (0 480 -16 ) (-416 480 -16 ) (-416 448 -16 ) (0 448 -16 ) 
4 114 (-1024 640 -32 ) (-1024 640 -16 ) (0 640 -16 ) (0 640 -32 ) 
4 115 (-384 448 -16 ) (-384 448 -32 ) (-384 0 -32 ) (-384 0 -16 ) 
4 115 (0 448 -16 ) (-384 448 -16 ) (-384 0 -16 ) (0 0 -16 ) 
4 116 (-1024 640 -96 ) (-1024 640 -32 ) (0 640 -32 ) (0 640 -96 ) 
4 116 (-384 448 -32 ) (-1024 448 -32 ) (-1024 0 -32 ) (-384 0 -32 ) 
4 116 (0 0 -96 ) (-1024 0 -96 ) (-1024 640 -96 ) (0 640 -96 ) 
4 117 (-384 0 528 ) (-384 0 212 ) (-384 -1024 212 ) (-384 -1024 528 ) 
4 117 (-271.677399 -655.428589 212 ) (-208.451614 -655.428589 212 ) (-208.451614 -666.571472 212 ) (-271.677429 -666.571472 212 ) 
4 117 (-208.451614 -670.285706 212 ) (-208.451614 -648 212 ) (-180 -648 212 ) (-180 -670.285706 212 ) 
4 117 (0 0 528 ) (-384 0 528 ) (-384 -1024 528 ) (0 -1024 528 ) 
4 118 (-180 -648 203.914886 ) (-180 -670.285706 203.914886 ) (-180 -670.285706 212 ) (-180 -648 212 ) 
4 119 (-208.451614 -648 212 ) (-208.451614 -648 203.914886 ) (-180 -648 203.914886 ) (-180 -648 212 ) 
4 120 (-180 -670.285706 212 ) (-180 -670.285706 203.914886 ) (-208.451614 -670.285706 203.914886 ) (-208.451614 -670.285706 212 ) 
4 121 (-180 -670.285706 203.914886 ) (-180 -648 203.914886 ) (-208.451614 -648 203.914886 ) (-208.451614 -670.285706 203.914886 ) 
4 122 (-384 0 212 ) (-384 0 195.829773 ) (-384 -655.428589 195.829773 ) (-384 -655.428589 212 ) 
4 122 (-274.838654 -655.428589 195.829773 ) (-208.451614 -655.428589 203.914871 ) (-208.451614 -655.428589 212 ) (-271.677429 -655.428589 212 ) 
4 122 (-208.451614 -655.428589 203.914886 ) (-208.451614 -648 203.914886 ) (-208.451614 -648 212 ) (-208.451614 -655.428589 212 ) 
4 123 (-274.838654 -655.428589 195.829773 ) (-262.193542 -655.428589 195.829773 ) (-262.193542 -666.571472 195.829773 ) (-274.838654 -666.571472 195.829773 ) 
4 123 (-208.451614 -655.428589 203.913483 ) (-274.827240 -655.428589 195.829773 ) (-274.838226 -666.571472 195.829773 ) (-208.451614 -666.571472 203.914413 ) 
4 124 (-384 -655.428589 195.829773 ) (-384 -666.571472 195.829773 ) (-384 -666.571472 212 ) (-384 -655.428589 212 ) 
4 124 (-271.676422 -666.571472 212 ) (-274.837524 -666.571472 195.830734 ) (-274.837524 -655.428589 195.830734 ) (-271.676422 -655.428589 212 ) 
4 125 (-384 -666.571472 195.829773 ) (-384 -1024 195.829773 ) (-384 -1024 212 ) (-384 -666.571472 212 ) 
4 125 (-271.677429 -666.571472 212 ) (-208.451614 -666.571472 212 ) (-208.451614 -666.571472 203.914871 ) (-274.838654 -666.571472 195.829773 ) 
4 125 (-208.451614 -670.285706 203.914886 ) (-208.451614 -666.571472 203.914886 ) (-208.451614 -666.571472 212 ) (-208.451614 -670.285706 212 ) 
4 126 (-41.978626 -1008.985413 122.196747 ) (-69.464371 -906.407227 122.196747 ) (0 -887.794250 122.196747 ) (0 -997.737244 122.196747 ) 
4 127 (-41.981319 -1008.986084 16 ) (-69.466621 -906.407776 16 ) (-69.465942 -906.407593 122.196747 ) (-41.980190 -1008.985840 122.196747 ) 
3 127 (-37.955467 -1024 16 ) (-96 -1024 16 ) (-96 -807.374878 16 ) 
4 128 (0 -997.738892 16 ) (-41.981564 -1008.987793 16 ) (-41.981560 -1008.987793 122.196747 ) (0 -997.738892 122.196747 ) 
4 128 (0 -1024 16 ) (-37.955467 -1024 16 ) (-41.978615 -1008.985413 16 ) (0 -997.737244 16 ) 
4 129 (-96.001625 -144 16 ) (-96.001625 -368 16 ) (-97.334953 -366.666626 20 ) (-97.334953 -145.333328 20 ) 
4 129 (-97.334953 -145.333328 20 ) (-97.334953 -366.666626 20 ) (-112.001587 -352 64 ) (-112.001587 -160 64 ) 
5 129 (-69.464371 -906.407166 16 ) (-96 -807.374878 16 ) (-96 0 16 ) (0 0 16 ) (0 -887.794250 16 ) 
4 129 (-69.466202 -906.407654 122.196747 ) (-69.466209 -906.407654 16 ) (0 -887.794250 16 ) (0 -887.794128 122.196747 ) 
4 130 (-384 0 195.829773 ) (-384 0 64 ) (-384 -648 64 ) (-384 -648 195.829773 ) 
4 130 (-112 -160 64 ) (-112 -352 64 ) (-272 -352 64 ) (-272 -160 64 ) 
4 131 (-384 -366.666626 20 ) (-384 -648 20 ) (-384 -648 64 ) (-384 -352 64 ) 
4 131 (-384 -648 20 ) (-384 -366.666687 20 ) (-224 -366.666656 20 ) (-224 -648 20 ) 
4 131 (-243.225815 -648 22 ) (-243.225815 -648 30.085108 ) (-278 -648 30.085108 ) (-278 -648 22 ) 
4 131 (-97.343750 -366.665802 20 ) (-286.666656 -366.665802 20 ) (-272 -352 64 ) (-112.007812 -352 64 ) 
4 132 (-384 0 64 ) (-384 0 20 ) (-384 -366.666626 20 ) (-384 -352 64 ) 
4 132 (-384 -366.666687 20 ) (-384 -145.333328 20 ) (-286.666626 -145.333328 20 ) (-286.666656 -366.666656 20 ) 
4 132 (-384 -145.333328 20 ) (-384 0 20 ) (-286.666626 0 20 ) (-286.666626 -145.333328 20 ) 
4 132 (-272 -351.995667 64 ) (-286.666229 -366.662323 20 ) (-286.666229 -145.333328 20 ) (-272 -160 64 ) 
4 133 (-286.666626 0 20 ) (-224 0 20 ) (-224 -145.333328 20 ) (-286.666626 -145.333328 20 ) 
4 133 (-271.998718 -160.001297 64 ) (-286.665375 -145.334625 20 ) (-97.333328 -145.334625 20 ) (-111.996773 -160.001297 64 ) 
4 134 (-274.838715 -655.428589 30.085108 ) (-274.838715 -648 30.085108 ) (-243.225815 -648 30.085108 ) (-243.225815 -655.428589 30.085108 ) 
4 134 (-274.838715 -655.428589 195.829773 ) (-274.838715 -655.428589 30.085108 ) (-262.193542 -655.428589 30.085108 ) (-262.193542 -655.428589 195.829773 ) 
4 135 (-243.225815 -674 30.085108 ) (-262.193542 -674 30.085108 ) (-262.193542 -655.428589 30.085108 ) (-243.225815 -655.428589 30.085108 ) 
4 135 (-262.193542 -655.428589 195.829773 ) (-262.193542 -655.428589 30.085108 ) (-262.193542 -666.571472 30.085108 ) (-262.193542 -666.571472 195.829773 ) 
4 136 (-262.193542 -674 30.085108 ) (-274.838715 -674 30.085108 ) (-274.838715 -666.571472 30.085108 ) (-262.193542 -666.571472 30.085108 ) 
4 136 (-262.193542 -666.571472 195.829773 ) (-262.193542 -666.571472 30.085108 ) (-274.838715 -666.571472 30.085108 ) (-274.838715 -666.571472 195.829773 ) 
4 137 (-274.838715 -674 30.085108 ) (-278 -674 30.085108 ) (-278 -648 30.085108 ) (-274.838715 -648 30.085108 ) 
4 137 (-274.838715 -655.428589 195.829773 ) (-274.838715 -666.571472 195.829773 ) (-274.838715 -666.571472 30.085108 ) (-274.838715 -655.428589 30.085108 ) 
4 138 (-243.225815 -648 20 ) (-224 -648 20 ) (-224 -674 20 ) (-243.225815 -674 20 ) 
4 138 (-243.225815 -674 22 ) (-243.225815 -674 30.085108 ) (-243.225815 -648 30.085108 ) (-243.225815 -648 22 ) 
4 139 (-278 -648 20 ) (-243.225815 -648 20 ) (-243.225815 -674 20 ) (-278 -674 20 ) 
4 139 (-243.225815 -674 22 ) (-243.225815 -648 22 ) (-278 -648 22 ) (-278 -674 22 ) 
4 140 (-384 -648 20 ) (-384 -674 20 ) (-384 -674 195.829773 ) (-384 -648 195.829773 ) 
4 140 (-384 -674 20 ) (-384 -648 20 ) (-278 -648 20 ) (-278 -674 20 ) 
4 140 (-278 -674 30.085108 ) (-278 -674 22 ) (-278 -648 22 ) (-278 -648 30.085108 ) 
4 141 (-384 -674 20 ) (-384 -1024 20 ) (-384 -1024 195.829773 ) (-384 -674 195.829773 ) 
4 141 (-384 -1024 20 ) (-384 -674 20 ) (-224 -674 20 ) (-224 -1024 20 ) 
4 141 (-278 -674 22 ) (-278 -674 30.085108 ) (-243.225815 -674 30.085108 ) (-243.225815 -674 22 ) 
4 142 (-224 -144.003662 16 ) (-96.011475 -144.003662 16 ) (-97.343750 -145.335831 20 ) (-224 -145.335831 20 ) 
4 142 (-224 0 16 ) (-96 0 16 ) (-96 -144 16 ) (-224 -144 16 ) 
4 142 (-224 0 16 ) (-224 -143.994583 16 ) (-224 -145.326828 20 ) (-224 0 20 ) 
4 143 (-224 -368 16 ) (-224 -1024 16 ) (-224 -1024 20 ) (-224 -366.666718 20 ) 
4 143 (-96 -1024 16 ) (-224 -1024 16 ) (-224 -368 16 ) (-96 -368 16 ) 
4 143 (-224 -368.001068 16 ) (-224 -366.669159 20 ) (-97.333336 -366.669159 20 ) (-96 -368.002502 16 ) 
4 144 (-384 0 -32 ) (-384 -1024 -32 ) (-384 -1024 -16 ) (-384 0 -16 ) 
4 144 (0 0 -16 ) (-384 0 -16 ) (-384 -1024 -16 ) (0 -1024 -16 ) 
4 145 (-384 0 -32 ) (-1024 0 -32 ) (-1024 -1024 -32 ) (-384 -1024 -32 ) 
4 145 (0 -1024 -96 ) (-1024 -1024 -96 ) (-1024 0 -96 ) (0 0 -96 ) 
4 146 (-1024 -1838.678345 428 ) (-1024 -1838.679443 528 ) (-384 -1056.004639 528 ) (-384 -1056.003418 428 ) 
4 146 (-288 -2048 428 ) (-657.777832 -2048 428 ) (-346.666718 -1648 428 ) (-288 -1680 428 ) 
5 146 (0 -1024 528 ) (-357.833313 -1024 528 ) (-1024 -1838.675171 528 ) (-1024 -2048 528 ) (0 -2048 528 ) 
4 147 (-1024 -1838.676025 212 ) (-1024 -1838.678345 428 ) (-384 -1056.003418 428 ) (-384 -1056 212 ) 
4 147 (-346.663391 -1648.001587 428 ) (-657.773254 -2048 428 ) (-657.772095 -2048 212 ) (-346.663269 -1648.001709 212 ) 
4 147 (-638.683838 -1586.069092 212 ) (-616.066650 -1603.330444 212 ) (-629.587158 -1621.046143 212 ) (-652.204346 -1603.784790 212 ) 
4 147 (-643.190613 -1591.974243 212 ) (-649.950867 -1600.832153 212 ) (-700.211487 -1562.473511 212 ) (-693.451294 -1553.615723 212 ) 
4 148 (-748.751221 -1502.066162 212 ) (-384 -1056 212 ) (-384 -1055.998779 20 ) (-748.752380 -1502.065308 20 ) 
4 148 (-346.663269 -1648.001709 212 ) (-425.210266 -1748.990967 212 ) (-425.209991 -1748.991211 20 ) (-346.663147 -1648.001831 20 ) 
6 148 (-386.801697 -1059.430664 20 ) (-357.829803 -1024 20 ) (-224 -1024 20 ) (-224 -1056 20 ) (-655.212280 -1573.454590 20 ) (-748.465515 -1502.284302 20 ) 
3 148 (-425.765686 -1748.567017 20 ) (-440.131500 -1737.603149 20 ) (-411.143707 -1729.835815 20 ) 
5 148 (-440.131500 -1737.603149 20 ) (-526.030945 -1672.045166 20 ) (-432.320953 -1552 20 ) (-272.320923 -1552 20 ) (-411.143707 -1729.835815 20 ) 
4 148 (-272.001678 -1552 20 ) (-346.843475 -1648.225220 20 ) (-347.260712 -1648 20 ) (-272.320923 -1552 20 ) 
4 148 (-666.328064 -1564.973022 22 ) (-666.328064 -1564.973022 30.085108 ) (-693.971313 -1543.875732 30.085108 ) (-693.971313 -1543.875732 22 ) 
4 148 (-616.067627 -1603.331787 212 ) (-638.684937 -1586.070435 212 ) (-638.684937 -1586.070435 203.914886 ) (-616.067688 -1603.331787 203.914886 ) 
4 149 (-1024 -1838.675781 195.829773 ) (-1024 -1838.676025 212 ) (-760.513916 -1516.451050 212 ) (-760.513977 -1516.450928 195.829773 ) 
4 149 (-649.949219 -1600.833374 203.914886 ) (-649.949219 -1600.833374 212 ) (-652.202759 -1603.786133 212 ) (-652.202759 -1603.786133 203.914886 ) 
4 149 (-649.948242 -1600.830078 212 ) (-649.948242 -1600.830078 203.914993 ) (-702.722534 -1560.552979 195.829773 ) (-700.208557 -1562.469727 212 ) 
4 150 (-760.513916 -1516.451050 212 ) (-748.751221 -1502.066162 212 ) (-748.751343 -1502.066040 195.829773 ) (-760.513977 -1516.450928 195.829773 ) 
4 150 (-700.214355 -1562.468262 212 ) (-702.727356 -1560.550293 195.829773 ) (-695.968628 -1551.694458 195.829773 ) (-693.455688 -1553.612183 212 ) 
4 151 (-692.672363 -1568.227295 195.829773 ) (-702.724548 -1560.555542 195.829773 ) (-695.964355 -1551.697876 195.829773 ) (-685.912231 -1559.369507 195.829773 ) 
4 151 (-695.969055 -1551.693970 195.829132 ) (-702.724182 -1560.547363 195.829132 ) (-649.946899 -1600.826782 203.914810 ) (-643.190735 -1591.974243 203.914810 ) 
4 152 (-638.682007 -1586.070190 203.915146 ) (-638.682007 -1586.070190 212 ) (-643.188965 -1591.975586 212 ) (-643.188965 -1591.975586 203.915146 ) 
4 152 (-693.451416 -1553.619507 212 ) (-695.963684 -1551.702271 195.835007 ) (-643.192627 -1591.976929 203.919724 ) (-643.192566 -1591.976929 212 ) 
4 153 (-425.210266 -1748.990967 212 ) (-657.772095 -2048 212 ) (-657.772095 -2048 203.914886 ) (-425.210266 -1748.990967 203.914886 ) 
4 153 (-616.064819 -1603.335815 212 ) (-616.064819 -1603.335815 203.914886 ) (-629.583435 -1621.048950 203.914886 ) (-629.583435 -1621.048950 212 ) 
4 154 (-629.584473 -1621.047852 212 ) (-629.584473 -1621.047852 203.914886 ) (-652.204224 -1603.784546 203.914886 ) (-652.204224 -1603.784546 212 ) 
4 155 (-657.772095 -2048 203.914886 ) (-657.772034 -2048 195.829773 ) (-425.210236 -1748.990967 195.829773 ) (-425.210266 -1748.990967 203.914886 ) 
4 155 (-629.587158 -1621.046143 203.914886 ) (-616.064392 -1603.327515 203.914886 ) (-638.676208 -1586.070312 203.914886 ) (-652.198975 -1603.788940 203.914886 ) 
4 156 (-1024 -1838.673828 20 ) (-1024 -1838.675781 195.829773 ) (-748.751343 -1502.066040 195.829773 ) (-748.752380 -1502.065308 20 ) 
4 156 (-748.465515 -1502.284302 20 ) (-693.970398 -1543.874634 20 ) (-1024 -1976.306152 20 ) (-1024 -1839.673462 20 ) 
4 156 (-693.971069 -1543.874878 22 ) (-693.971069 -1543.874878 30.085108 ) (-709.744629 -1564.542725 30.085108 ) (-709.744629 -1564.542725 22 ) 
4 157 (-542.211243 -1899.422241 20 ) (-425.209991 -1748.991211 20 ) (-425.210236 -1748.990967 195.829773 ) (-542.211365 -1899.421509 195.829773 ) 
5 157 (-440.131500 -1737.603149 20 ) (-425.765686 -1748.567017 20 ) (-486.946472 -1826.941284 20 ) (-556.629456 -1845.612671 20 ) (-575.828003 -1773.962769 20 ) 
4 157 (-526.030945 -1672.045166 20 ) (-440.131500 -1737.603149 20 ) (-575.828003 -1773.962769 20 ) (-583.433350 -1745.579224 20 ) 
3 157 (-486.946472 -1826.941284 20 ) (-542.547424 -1898.167603 20 ) (-556.629456 -1845.612671 20 ) 
4 157 (-575.827637 -1773.962646 20 ) (-556.629089 -1845.612671 20 ) (-556.629639 -1845.612793 138.196747 ) (-575.828003 -1773.962769 138.196747 ) 
4 158 (-657.772034 -2048 195.829773 ) (-657.771729 -2048 138.196747 ) (-542.211304 -1899.421753 138.196747 ) (-542.211365 -1899.421509 195.829773 ) 
4 158 (-575.826782 -1773.962524 138.196747 ) (-556.628235 -1845.612427 138.196747 ) (-808.464539 -1913.091675 138.196747 ) (-827.663086 -1841.441772 138.196747 ) 
3 159 (-864.192139 -1824.230591 20 ) (-840.568665 -1793.277222 20 ) (-840.040466 -1795.248535 20 ) 
3 159 (-772.315918 -2048 20 ) (-819.510132 -2048 20 ) (-784.375793 -2002.991943 20 ) 
4 159 (-808.464966 -1913.091919 20 ) (-827.663513 -1841.441895 20 ) (-827.663513 -1841.441895 138.196747 ) (-808.464966 -1913.091919 138.196747 ) 
4 160 (-657.771729 -2048 138.196747 ) (-657.771057 -2048 20 ) (-542.211243 -1899.422241 20 ) (-542.211304 -1899.421753 138.196747 ) 
6 160 (-556.629456 -1845.612793 20 ) (-542.547424 -1898.167603 20 ) (-659.510071 -2048 20 ) (-772.315918 -2048 20 ) (-784.375793 -2002.991943 20 ) (-689.264832 -1881.152344 20 ) 
4 160 (-808.460754 -1913.091431 20 ) (-808.460754 -1913.091431 138.196747 ) (-556.629211 -1845.613403 138.196747 ) (-556.629211 -1845.613403 20 ) 
4 161 (-666.327087 -1564.971802 20 ) (-655.212219 -1573.454590 20 ) (-840.040466 -1795.248535 20 ) (-840.568665 -1793.277222 20 ) 
3 161 (-583.433350 -1745.579224 20 ) (-575.828003 -1773.962769 20 ) (-613.461975 -1784.046753 20 ) 
4 161 (-666.330872 -1564.972290 30.085108 ) (-666.330872 -1564.972290 22 ) (-682.103210 -1585.638550 22 ) (-682.103271 -1585.638550 30.085108 ) 
4 161 (-827.663879 -1841.440186 138.196747 ) (-827.663879 -1841.440186 20 ) (-575.830933 -1773.962891 20 ) (-575.830933 -1773.962891 138.196747 ) 
4 162 (-709.745728 -1564.541992 30.085108 ) (-693.969421 -1543.870483 30.085108 ) (-691.455261 -1545.789673 30.085108 ) (-707.231384 -1566.460815 30.085108 ) 
4 162 (-702.722168 -1560.557495 30.085108 ) (-695.961853 -1551.699585 30.085108 ) (-695.960999 -1551.700317 195.829773 ) (-702.721252 -1560.558105 195.829773 ) 
4 163 (-677.597290 -1579.732666 30.085108 ) (-682.104065 -1585.637817 30.085108 ) (-707.231506 -1566.460938 30.085108 ) (-702.724548 -1560.555542 30.085108 ) 
4 163 (-692.670227 -1568.224487 30.085108 ) (-702.721497 -1560.553833 30.085108 ) (-702.721497 -1560.553833 195.829773 ) (-692.670227 -1568.224487 195.829773 ) 
4 164 (-691.455261 -1545.789673 30.085108 ) (-666.330139 -1564.969604 30.085108 ) (-670.836975 -1570.874756 30.085108 ) (-695.964294 -1551.697754 30.085108 ) 
4 164 (-695.963684 -1551.702271 195.829773 ) (-695.963684 -1551.702271 30.085108 ) (-685.914124 -1559.372070 30.085108 ) (-685.914124 -1559.372070 195.829773 ) 
4 165 (-670.836975 -1570.874756 30.085108 ) (-677.597290 -1579.732666 30.085108 ) (-692.672424 -1568.227295 30.085108 ) (-685.912170 -1559.369507 30.085108 ) 
4 165 (-685.911377 -1559.368652 195.829773 ) (-685.911377 -1559.368652 30.085108 ) (-692.672058 -1568.224609 30.085108 ) (-692.672058 -1568.224609 195.829773 ) 
4 166 (-682.101807 -1585.637207 22 ) (-709.743225 -1564.541382 22 ) (-709.739319 -1564.547607 30.085108 ) (-682.101807 -1585.637207 30.085108 ) 
5 167 (-693.970398 -1543.874634 20 ) (-666.327087 -1564.971802 20 ) (-864.191895 -1824.230225 20 ) (-1024 -2016 20 ) (-1024 -1976.306152 20 ) 
4 167 (-682.104126 -1585.637939 22 ) (-666.330139 -1564.969604 22 ) (-693.969421 -1543.870483 22 ) (-709.745728 -1564.541992 22 ) 
4 168 (-224 -1024 16 ) (0 -1024 16 ) (0 -1202.285645 16 ) (-224 -1490.285645 16 ) 
4 168 (-224 -1024 16 ) (-224 -1056 16 ) (-224 -1056 20 ) (-224 -1024 20 ) 
4 169 (-637.333374 -1552 16 ) (-224 -1056 16 ) (-224 -1490.285645 16 ) (-272 -1552 16 ) 
4 169 (-224 -1056 20 ) (-224 -1056 16 ) (-637.333069 -1552 16 ) (-637.333313 -1552 20 ) 
4 169 (-432.320923 -1552 16 ) (-272.320984 -1552 16 ) (-272.320953 -1552 20 ) (-432.320953 -1552 20 ) 
4 169 (-272.320984 -1552 16 ) (-272 -1552 16 ) (-272 -1552 20 ) (-272.320953 -1552 20 ) 
4 170 (-657.777832 -2048 16 ) (-659.510071 -2048 16 ) (-347.260742 -1648 16 ) (-346.842316 -1648.225830 16 ) 
4 170 (-657.771057 -2048 16 ) (-346.838867 -1648.227783 16 ) (-346.838867 -1648.227661 20 ) (-657.771057 -2048 20 ) 
4 170 (-411.141693 -1729.835205 16 ) (-486.944519 -1826.940796 16 ) (-486.943726 -1826.940552 20 ) (-411.141113 -1729.834961 20 ) 
4 170 (-347.259583 -1648 16 ) (-411.141693 -1729.835205 16 ) (-411.141113 -1729.834961 20 ) (-347.259460 -1648 20 ) 
4 170 (-486.944519 -1826.940796 16 ) (-659.508484 -2048 16 ) (-659.507446 -2048 20 ) (-486.943726 -1826.940552 20 ) 
4 170 (-347.260986 -1647.997314 16 ) (-347.260986 -1647.997314 20 ) (-346.841034 -1648.224121 20 ) (-346.841034 -1648.224121 16 ) 
4 171 (-1024 -2048 16 ) (-1024 -2048 20 ) (-1024 -2016 20 ) (-1024 -2016 16 ) 
5 171 (-819.510071 -2048 16 ) (-1024 -2048 16 ) (-1024 -2016 16 ) (-840.040466 -1795.248535 16 ) (-784.375793 -2002.992065 16 ) 
4 171 (-840.040405 -1795.248779 16 ) (-1024 -2016 16 ) (-1024 -2016 20 ) (-840.040466 -1795.248535 20 ) 
4 171 (-808.464478 -1913.091675 16 ) (-827.663147 -1841.441772 16 ) (-827.663208 -1841.441772 20 ) (-808.464478 -1913.091797 20 ) 
4 171 (-819.517395 -2048 16 ) (-784.375305 -2002.986938 16 ) (-784.375305 -2002.986938 20 ) (-819.513550 -2048 20 ) 
3 172 (-784.375793 -2002.992065 16 ) (-808.464478 -1913.091797 16 ) (-689.264954 -1881.152344 16 ) 
4 172 (-689.265869 -1881.153442 16 ) (-808.460754 -1913.091431 16 ) (-808.460754 -1913.091431 20 ) (-689.265808 -1881.153442 20 ) 
4 172 (-784.375793 -2002.988525 20 ) (-784.375793 -2002.988525 16 ) (-689.262451 -1881.144897 16 ) (-689.262451 -1881.144897 20 ) 
4 173 (-827.663025 -1841.441772 16 ) (-840.040466 -1795.248535 16 ) (-672 -1593.599976 16 ) (-672 -1799.732056 16 ) 
5 173 (-672 -1593.599976 16 ) (-637.333374 -1552 16 ) (-432.320953 -1552 16 ) (-613.462036 -1784.046875 16 ) (-672 -1799.732056 16 ) 
4 173 (-637.333069 -1552 16 ) (-840.040405 -1795.248779 16 ) (-840.040466 -1795.248535 20 ) (-637.333313 -1552 20 ) 
4 173 (-827.663879 -1841.440186 20 ) (-827.663879 -1841.440186 16 ) (-613.460510 -1784.044800 16 ) (-613.460510 -1784.044800 20 ) 
4 173 (-613.467834 -1784.049805 20 ) (-613.467834 -1784.049805 16 ) (-432.321960 -1552 16 ) (-432.321960 -1552 20 ) 
4 174 (-384 -1055.998779 20 ) (-383.195618 -1055.015015 20 ) (-383.165863 -1054.978638 16 ) (-384 -1055.998779 16 ) 
4 174 (-1024 -1838.673828 16 ) (-1024 -1838.673828 20 ) (-384 -1055.998779 20 ) (-384 -1055.998779 16 ) 
4 174 (-1024 -1839.673462 16 ) (-1024 -1838.663574 16 ) (-802.675598 -1568 16 ) (-802.133301 -1568 16 ) 
3 174 (-672 -1408.193237 16 ) (-377.845337 -1048.463623 16 ) (-672 -1408.653076 16 ) 
4 174 (-1024 -1839.671021 16 ) (-385.474457 -1057.802979 16 ) (-385.474609 -1057.803345 20 ) (-1024 -1839.671143 20 ) 
3 175 (-272 -1552 16 ) (0 -1202.285645 16 ) (0 -1552 16 ) 
4 175 (-193.798523 -1552 16 ) (-192 -1552 16 ) (-192 -1552 20 ) (-193.798523 -1552 20 ) 
4 175 (-271.998108 -1552 20 ) (-271.998108 -1552 16 ) (-193.798523 -1552 16 ) (-193.798523 -1552 20 ) 
3 176 (-192 -1552 16 ) (0 -1552 16 ) (0 -1744 16 ) 
4 176 (-191.998062 -1552 20 ) (-191.998062 -1552 16 ) (-128 -1615.998047 16 ) (-128 -1615.998047 20 ) 
4 177 (-288 -1680 20 ) (-288 -1771.887451 20 ) (-288 -1771.887451 428 ) (-288 -1680 428 ) 
4 177 (-288 -1771.890991 87.891762 ) (-288 -1771.890991 20 ) (-242.274277 -1665.157471 20 ) (-242.274277 -1665.157471 85.804916 ) 
4 177 (-288 -1771.890991 144 ) (-288 -1771.890991 87.891762 ) (-242.274277 -1665.157471 85.804916 ) (-242.274277 -1665.157471 144 ) 
4 177 (-272 -1552 20 ) (-193.802673 -1552 20 ) (-288 -1771.877808 20 ) (-288 -1572.571289 20 ) 
4 178 (-288 -2048 20 ) (-288 -2048 428 ) (-288 -1953.122437 428 ) (-288 -1953.122437 20 ) 
4 178 (-154.393478 -2045.263062 112 ) (-150.424957 -2048 112.438248 ) (-150.424942 -2048 20 ) (-154.393463 -2045.263062 20 ) 
3 178 (-288 -2048 20 ) (-288 -1953.124878 20 ) (-150.434189 -2048 20 ) 
4 179 (-288 -1953.122437 137.511917 ) (-288 -1953.122437 428 ) (-288 -1771.887451 428 ) (-288 -1771.887451 144 ) 
6 179 (-288 -1819.632568 142.289886 ) (-288 -1771.887695 144 ) (-242.275650 -1665.156738 144 ) (0 -1768.949585 120.037994 ) (0 -1891.872925 115.637428 ) (-22.825575 -1933.235474 116.064072 ) 
4 179 (-86.149490 -2048 117.248680 ) (-26.180630 -1939.329834 116.127777 ) (0 -1957.385742 119.018990 ) (0 -2048 123.695869 ) 
3 180 (0 -1891.872925 115.637428 ) (0 -1943.014038 113.806618 ) (-22.825575 -1933.235474 116.064064 ) 
3 180 (0 -1957.385620 119.026276 ) (-26.213610 -1939.307007 116.131424 ) (0 -1957.385742 113.293709 ) 
4 181 (-242.274750 -1665.154785 85.799965 ) (0 -1768.947510 109.288147 ) (0 -1768.947510 120.038208 ) (-242.275009 -1665.155029 144 ) 
4 182 (-288 -1953.122437 97.245644 ) (-288 -1953.122437 137.511917 ) (-288 -1819.632568 142.290741 ) (-288 -1819.632568 90.355843 ) 
4 182 (-128 -2048 114.115936 ) (-150.431396 -2048 112.437210 ) (-154.395493 -2045.266113 112 ) (-128 -2006.993408 112 ) 
6 182 (-26.176916 -1939.332275 116.127708 ) (-86.141663 -2048 117.248535 ) (-128 -2048 114.115936 ) (-128 -2006.993408 112 ) (-64.745544 -1915.276489 112 ) (-55.008839 -1919.447754 112.943687 ) 
3 182 (-22.832594 -1933.233154 116.065887 ) (-288 -1819.633423 90.358353 ) (-288 -1819.634277 142.290756 ) 
4 183 (-128 -1616 16 ) (0 -1744 16 ) (0 -1768.949585 16 ) (-128 -1714.113403 16 ) 
4 183 (0 -1768.947510 109.288155 ) (-128 -1714.111328 96.878777 ) (-128 -1714.111328 16 ) (0 -1768.947510 16 ) 
4 183 (-128 -1714.109375 16 ) (-128 -1714.109375 20 ) (-128 -1616 20 ) (-128 -1616 16 ) 
4 184 (-128 -1714.111328 96.878777 ) (-242.275009 -1665.155029 85.800011 ) (-242.275009 -1665.155029 20 ) (-128 -1714.111328 20 ) 
5 184 (-128 -1616 20 ) (-128 -1714.109375 20 ) (-242.274323 -1665.153442 20 ) (-193.798569 -1552 20 ) (-192 -1552 20 ) 
3 185 (-128 -2006.993408 16 ) (-128 -1888.177856 16 ) (-64.745575 -1915.276489 16 ) 
4 185 (-128 -1888.177856 16 ) (-128 -2006.993408 16 ) (-128 -2006.993408 20 ) (-128 -1888.177856 20 ) 
4 185 (-128 -2006.997437 112.007812 ) (-128 -2006.997437 16 ) (-64.741241 -1915.273560 16 ) (-64.741241 -1915.273560 112 ) 
4 185 (-128 -1888.177856 16 ) (-128 -1888.177856 105.875000 ) (-64.745529 -1915.276611 112.007416 ) (-64.745575 -1915.276489 16 ) 
3 186 (-55.008823 -1919.447754 16 ) (0 -1943.014038 16 ) (0 -1957.385742 16 ) 
5 186 (-55.008339 -1919.448120 112.951416 ) (-22.859037 -1933.221069 116.068237 ) (0 -1943.014038 113.807472 ) (0 -1943.014038 16 ) (-55.008823 -1919.447754 16 ) 
5 186 (-55.006878 -1919.449463 112.945312 ) (-55.006878 -1919.449463 16 ) (0 -1957.386475 16 ) (0 -1957.390381 113.294212 ) (-26.182728 -1939.332886 116.128555 ) 
4 187 (-288 -1953.122437 20 ) (-288 -1953.122437 97.245644 ) (-288 -1819.632568 90.355843 ) (-288 -1819.632568 20 ) 
4 187 (-128 -1888.177856 105.875000 ) (-128 -1888.177856 20 ) (-288 -1819.633057 20 ) (-288 -1819.633057 90.363258 ) 
5 187 (-288 -1819.626465 20 ) (-128 -1888.171631 20 ) (-128 -2006.993408 20 ) (-154.395294 -2045.265625 20 ) (-288 -1953.122437 20 ) 
4 187 (-154.389618 -2045.264038 20 ) (-128 -2006.998291 20 ) (-128 -2006.998291 112 ) (-154.393066 -2045.267334 112 ) 
4 188 (-346.667419 -1648 428 ) (-346.667419 -1648 20 ) (-288 -1680.001953 20 ) (-288 -1680.001953 428 ) 
3 188 (-288 -1680.002808 20 ) (-346.668213 -1648.001953 20 ) (-288 -1572.570190 20 ) 
4 189 (-672 -1408.202393 0 ) (-802.667847 -1568 0 ) (-802.667725 -1568 16 ) (-672 -1408.202515 16 ) 
3 189 (-672 -1568 16 ) (-672 -1408.652954 16 ) (-802.133423 -1568 16 ) 
4 189 (-672 -1568 0 ) (-672 -1408.195312 0 ) (-672 -1408.195312 16 ) (-672 -1568 16 ) 
4 189 (-672 -1568 0 ) (-672 -1568 16 ) (-802.666687 -1568 16 ) (-802.666687 -1568 0 ) 
4 190 (-384 -1055.988281 20 ) (-384 -1055.988281 528 ) (-384 -1024 528 ) (-384 -1024 20 ) 
3 190 (-384 -1056 528 ) (-357.833313 -1024 528 ) (-384 -1024 528 ) 
3 190 (-384 -1055.992188 20 ) (-384 -1024 20 ) (-357.835022 -1024 20 ) 
4 191 (-384 -1024 -32 ) (-384 -1056 -32 ) (-384 -1056 -16 ) (-384 -1024 -16 ) 
4 191 (0 -1024 -16 ) (-384 -1024 -16 ) (-384 -1568 -16 ) (0 -1568 -16 ) 
4 192 (-384 -1056 -16 ) (-384 -1056 -32 ) (-672 -1408.205200 -32 ) (-672 -1408.205200 -16 ) 
4 192 (-384 -1568 -16 ) (-384 -1055.991455 -16 ) (-672 -1408.195312 -16 ) (-672 -1568 -16 ) 
4 193 (-672 -1568 -16 ) (-672 -1568 0 ) (-802.666687 -1568 0 ) (-802.666687 -1568 -16 ) 
4 193 (-672 -1408.203857 -16 ) (-672 -1408.203857 0 ) (-672 -1568 0 ) (-672 -1568 -16 ) 
4 193 (-672 -1408.205200 0 ) (-672 -1408.205200 -32 ) (-802.666931 -1568 -32 ) (-802.666931 -1568 0 ) 
4 194 (-657.771729 -2048 -32 ) (-346.663055 -1648.001953 -32 ) (-346.663116 -1648.001831 -16 ) (-657.772339 -2048 -16 ) 
5 194 (-1024 -1838.675171 -16 ) (-1024 -2048 -16 ) (-657.779541 -2048 -16 ) (-284.446198 -1568 -16 ) (-802.666626 -1568 -16 ) 
4 194 (-1024 -1838.687500 -16 ) (-802.659119 -1568 -16 ) (-802.659119 -1568 -32 ) (-1024 -1838.684326 -32 ) 
4 195 (-288 -1680 -32 ) (-288 -2048 -32 ) (-288 -2048 -16 ) (-288 -1680 -16 ) 
5 195 (0 -1568 -16 ) (-284.439240 -1568 -16 ) (-288 -1572.578125 -16 ) (-288 -2048 -16 ) (0 -2048 -16 ) 
3 196 (-288 -1680 -16 ) (-288 -1572.578125 -16 ) (-346.662964 -1648.001953 -16 ) 
4 196 (-288 -1680.001953 -32 ) (-288 -1680.001953 -16 ) (-346.667755 -1648.001343 -16 ) (-346.667755 -1648.001343 -32 ) 
4 197 (-672 -1408.203857 -32 ) (-384 -1056 -32 ) (-384 -1024 -32 ) (-672 -1024 -32 ) 
5 197 (-802.666687 -1568 -32 ) (-672 -1408.203857 -32 ) (-672 -1024 -32 ) (-1024 -1024 -32 ) (-1024 -1568 -32 ) 
3 197 (-802.666687 -1568 -32 ) (-1024 -1568 -32 ) (-1024 -1838.675171 -32 ) 
4 197 (-288 -1680 -32 ) (-346.666718 -1648 -32 ) (-657.777832 -2048 -32 ) (-288 -2048 -32 ) 
4 197 (0 -2048 -96 ) (-1024 -2048 -96 ) (-1024 -1024 -96 ) (0 -1024 -96 ) 
4 198 (-672 -2558.821289 428 ) (-672 -2066.285645 428 ) (-657.777832 -2048 428 ) (-535.124939 -2048 428 ) 
5 198 (-288 -3072 428 ) (-672 -3072 428 ) (-672 -2558.821289 428 ) (-535.124939 -2048 428 ) (-288 -2048 428 ) 
4 198 (0 -2048 528 ) (-672 -2048 528 ) (-672 -3072 528 ) (0 -3072 528 ) 
4 199 (-657.776123 -2048 428 ) (-672 -2066.287109 428 ) (-672 -2066.287109 20 ) (-657.776672 -2048 20 ) 
3 199 (-672 -2064 20 ) (-672 -2048 20 ) (-659.510071 -2048 20 ) 
4 200 (-672 -2064 16 ) (-672 -2066.285645 16 ) (-672 -2066.285645 20 ) (-672 -2064 20 ) 
4 200 (-672 -2066.287109 20 ) (-672 -2066.287109 16.495512 ) (-657.776672 -2048 16.495512 ) (-657.776672 -2048 20 ) 
4 200 (-672 -2066.287109 16.495512 ) (-672 -2066.287109 16 ) (-657.776672 -2048 16 ) (-657.776672 -2048 16.495512 ) 
4 200 (-657.779297 -2048 16 ) (-672 -2066.281250 16 ) (-672 -2064 16 ) (-659.510071 -2048 16 ) 
4 200 (-659.507935 -2048 16 ) (-672 -2064.002686 16 ) (-672 -2064.003174 20 ) (-659.507568 -2048 20 ) 
4 201 (-288 -3072 154.994125 ) (-288 -3072 428 ) (-288 -2048 428 ) (-288 -2048 102.142525 ) 
3 201 (-150.430710 -2048 112.437569 ) (-128 -2048 114.116219 ) (-128 -2063.469727 114.914658 ) 
4 201 (-128 -2048 114.116219 ) (0 -2048 123.695343 ) (0 -2151.747559 129.050064 ) (-128 -2063.469727 114.914665 ) 
4 202 (0 -3072 16 ) (-128 -3072 16 ) (-128 -2063.469727 16 ) (0 -2151.747559 16 ) 
4 202 (-128 -2063.469727 20 ) (-128 -2063.469727 16 ) (-128 -3072 16 ) (-128 -3072 20 ) 
4 202 (0 -2151.742188 16 ) (-128 -2063.464355 16 ) (-128 -2063.464355 114.921875 ) (0 -2151.742188 129.057266 ) 
4 203 (-288 -3072 20 ) (-288 -3072 154.994125 ) (-288 -2048 102.142525 ) (-288 -2048 20 ) 
5 203 (-288 -3072 20 ) (-288 -2048 20 ) (-150.430710 -2048 20 ) (-128 -2063.469727 20 ) (-128 -3072 20 ) 
4 203 (-128 -2063.464355 114.915199 ) (-128 -2063.464355 20 ) (-150.422821 -2048 20 ) (-150.422821 -2048 112.438965 ) 
4 204 (-672 -2894.901367 20 ) (-672 -2895.207520 16.495512 ) (-672 -3044.979736 16.495512 ) (-672 -3044.258057 20 ) 
5 204 (-593.080933 -2926.598877 128 ) (-672 -2939.045410 144.224869 ) (-672 -3001.815430 140.614670 ) (-622.057617 -3034.788818 127.998055 ) (-593.069641 -2926.604980 127.997925 ) 
5 204 (-672 -3021.405762 119.383118 ) (-672 -3031.104492 83.889824 ) (-589.290161 -3072 29.604147 ) (-580.093201 -3072 40.208813 ) (-622.058350 -3034.787354 128 ) 
4 204 (-672 -3031.117676 83.842384 ) (-672 -3044.984619 16.495512 ) (-596.812195 -3072 16.495512 ) (-589.317139 -3072 29.574608 ) 
4 204 (-593.071228 -2926.634277 127.998276 ) (-622.051819 -3034.790527 127.998314 ) (-580.090210 -3072 40.214405 ) (-570.145020 -3072 23.403372 ) 
5 204 (-672 -3044.979736 16.495512 ) (-672 -2895.207520 16.495512 ) (-566.421021 -2950.235840 16.495512 ) (-568.469360 -3072 16.495512 ) (-596.798096 -3072 16.495512 ) 
5 204 (-593.073730 -2926.603516 127.998283 ) (-593.067932 -2926.607422 127.986687 ) (-566.421021 -2950.236328 16.495512 ) (-672 -2895.208008 16.495512 ) (-672 -2892.889404 43.035130 ) 
4 204 (-568.470825 -3072 16.495512 ) (-566.421875 -2950.233643 16.495512 ) (-593.073547 -2926.600342 128.006668 ) (-570.143005 -3072 23.389072 ) 
3 204 (-593.076172 -2926.601074 128.001251 ) (-672 -2892.888184 43.041149 ) (-672 -2939.048828 144.226334 ) 
4 204 (-622.061279 -3034.782227 128.007080 ) (-672 -3001.808838 140.623138 ) (-672 -3021.409668 119.381088 ) (-622.058533 -3034.791748 127.998131 ) 
4 205 (-973.083679 -2475.265137 212 ) (-1001.534607 -2475.067871 212 ) (-1001.380066 -2452.782715 212 ) (-972.929077 -2452.979980 212 ) 
4 205 (-1001.431580 -2460.211182 212 ) (-1001.508850 -2471.353760 212 ) (-1024 -2471.197998 212 ) (-1024 -2460.054688 212 ) 
4 205 (-672 -3035.712646 212 ) (-672 -2558.821289 428 ) (-672 -3072 428 ) (-672 -3072 212 ) 
5 205 (-672 -2878.126709 212 ) (-672 -2066.285645 212 ) (-672 -2066.285645 428 ) (-672 -2558.821289 428 ) (-672 -2871.634033 286.316711 ) 
3 205 (-672 -3004.725098 212 ) (-672 -3001.537842 227.478989 ) (-672 -3035.712891 212 ) 
4 205 (-672 -3004.724854 212 ) (-672 -2996.098145 212 ) (-672 -2990.502686 232.477203 ) (-672 -3001.537842 227.478989 ) 
4 205 (-672 -2969.970215 212 ) (-672 -2878.126709 212 ) (-672 -2871.634033 286.316711 ) (-672 -2981.228271 236.677856 ) 
4 205 (-672 -2996.098145 212 ) (-672 -2969.970459 212 ) (-672 -2981.228271 236.677856 ) (-672 -2990.502686 232.477203 ) 
4 205 (-1024 -3072 528 ) (-672 -3072 528 ) (-672 -2048 528 ) (-1024 -2048 528 ) 
4 206 (-1024 -2952 110.196747 ) (-1024 -2696.332031 110.196747 ) (-960 -2696.332031 110.196747 ) (-960 -2952 110.196747 ) 
5 206 (-672 -2884.797363 110.196747 ) (-672 -2891.383301 110.196747 ) (-835.138550 -2985.569092 110.196747 ) (-880.236816 -2907.456543 110.196747 ) (-714.247559 -2811.622559 110.196747 ) 
4 206 (-1001.534607 -2475.067871 203.914886 ) (-1001.534607 -2475.067871 212 ) (-973.083679 -2475.265137 212 ) (-973.083679 -2475.265137 203.914886 ) 
3 206 (-672 -3035.712646 212 ) (-672 -3072 212 ) (-672 -3072 195.564285 ) 
4 206 (-672 -2477.353516 212 ) (-672 -2878.126709 212 ) (-672 -2887.020996 110.196747 ) (-672 -2477.353760 110.196747 ) 
5 206 (-672 -3025.686523 110.196747 ) (-672 -3004.725098 212 ) (-672 -3035.712891 212 ) (-672 -3072 195.564285 ) (-672 -3072 110.196747 ) 
4 206 (-672 -3004.724854 212 ) (-672 -3025.686279 110.196747 ) (-672 -3023.916260 110.196747 ) (-672 -2996.098145 212 ) 
4 206 (-672 -2969.970215 212 ) (-672 -2923.528076 110.196747 ) (-672 -2887.020996 110.196747 ) (-672 -2878.126709 212 ) 
4 206 (-672 -2996.098145 212 ) (-672 -3015.824219 139.810562 ) (-672 -2939.052246 144.226135 ) (-672 -2969.970459 212 ) 
3 206 (-672 -3001.813965 140.616379 ) (-672 -3015.824219 139.810562 ) (-672 -3021.406250 119.382530 ) 
4 207 (-1001.534546 -2475.069092 212 ) (-1001.534546 -2475.069092 203.914886 ) (-1001.508789 -2471.353760 203.914886 ) (-1001.508789 -2471.353760 212 ) 
4 207 (-1001.511475 -2471.354004 212 ) (-1001.511475 -2471.354004 203.914566 ) (-1024 -2471.197998 201.175674 ) (-1024 -2471.197998 212 ) 
4 208 (-1001.380005 -2452.782959 212 ) (-1001.431519 -2460.211182 212 ) (-1001.431519 -2460.211182 203.914886 ) (-1001.380005 -2452.782959 203.914886 ) 
4 208 (-1001.433350 -2460.211182 203.914673 ) (-1001.433350 -2460.211182 212 ) (-1024 -2460.054688 212 ) (-1024 -2460.054688 201.166275 ) 
4 209 (-1001.434937 -2460.213623 203.914169 ) (-1024 -2460.057129 201.165970 ) (-1024 -2471.197510 201.176743 ) (-1001.504761 -2471.353516 203.916412 ) 
4 210 (-1001.390381 -2452.782715 212 ) (-1001.390381 -2452.782715 203.914886 ) (-972.929077 -2452.980225 203.914886 ) (-972.929077 -2452.980225 212 ) 
4 210 (-672 -2455.067383 212 ) (-672 -2455.067383 203.914886 ) (-672 -2066.285645 203.914886 ) (-672 -2066.285645 212 ) 
4 211 (-672 -2455.067383 212 ) (-672 -2477.353516 212 ) (-672 -2477.353516 203.914886 ) (-672 -2455.067383 203.914886 ) 
4 211 (-972.929016 -2452.979736 212 ) (-972.929016 -2452.979736 203.914886 ) (-973.083557 -2475.265381 203.914886 ) (-973.083557 -2475.265381 212 ) 
4 212 (-972.929077 -2452.979980 203.914886 ) (-1001.382935 -2452.782715 203.914886 ) (-1001.537598 -2475.078125 203.914886 ) (-973.083740 -2475.275391 203.914886 ) 
4 212 (-672 -2477.353516 203.914886 ) (-672 -2477.353760 110.196747 ) (-672 -2066.285645 110.196747 ) (-672 -2066.285645 203.914886 ) 
4 213 (-960 -2696.332031 110.196747 ) (-1024 -2696.332031 110.196747 ) (-1024 -2696.332031 106.196747 ) (-960 -2696.332031 106.196747 ) 
4 213 (-973.449951 -2240.573242 106.196747 ) (-973.449951 -2150.376465 106.196747 ) (-781.781860 -2150.376465 106.196747 ) (-781.781860 -2240.573242 106.196747 ) 
4 213 (-672 -2696.332031 110.196747 ) (-672 -2696.332031 106.196747 ) (-672 -2066.285645 106.196747 ) (-672 -2066.285645 110.196747 ) 
5 214 (-819.510132 -2048 20 ) (-672 -2048 20 ) (-672 -2150.376465 20 ) (-832 -2150.376465 20 ) (-832 -2064 20 ) 
4 214 (-973.449951 -2150.376465 106.196747 ) (-973.449951 -2150.376465 20 ) (-781.781860 -2150.376465 20 ) (-781.781860 -2150.376465 106.196747 ) 
4 214 (-672 -2150.376465 106.196747 ) (-672 -2150.376465 20 ) (-672 -2066.285645 20 ) (-672 -2066.285645 106.196747 ) 
4 215 (-672 -2240.573242 20 ) (-672 -2696.332031 20 ) (-781.781860 -2696.332031 20 ) (-781.781860 -2240.573242 20 ) 
4 215 (-672 -2150.376465 20 ) (-672 -2240.573242 20 ) (-781.781860 -2240.573242 20 ) (-781.781860 -2150.376465 20 ) 
4 215 (-781.781860 -2150.376465 106.196747 ) (-781.781860 -2150.376465 20 ) (-781.781860 -2240.573242 20 ) (-781.781860 -2240.573242 106.196747 ) 
4 215 (-672 -2150.376465 106.196747 ) (-672 -2696.332031 106.196747 ) (-672 -2696.332031 20 ) (-672 -2150.376465 20 ) 
4 216 (-781.781860 -2696.332031 20 ) (-832 -2696.332031 20 ) (-832 -2240.573242 20 ) (-781.781860 -2240.573242 20 ) 
4 216 (-973.449951 -2696.332031 20 ) (-960 -2696.332031 20 ) (-960 -2696.332031 106.196747 ) (-973.449951 -2696.332031 106.196747 ) 
4 216 (-781.781860 -2240.573242 106.196747 ) (-781.781860 -2240.573242 20 ) (-973.449951 -2240.573242 20 ) (-973.449951 -2240.573242 106.196747 ) 
4 217 (-1024 -2696.332031 20 ) (-973.449951 -2696.332031 20 ) (-973.449951 -2696.332031 106.196747 ) (-1024 -2696.332031 106.196747 ) 
4 217 (-973.449951 -2150.376465 106.196747 ) (-973.449951 -2240.573242 106.196747 ) (-973.449951 -2240.573242 20 ) (-973.449951 -2150.376465 20 ) 
3 218 (-785.237610 -3072 20 ) (-832 -3072 20 ) (-832 -2991.005127 20 ) 
4 218 (-960 -2769.302734 20 ) (-960 -2952 20 ) (-960 -2952 110.196747 ) (-960 -2769.302734 110.196747 ) 
4 218 (-835.136658 -2985.567871 20 ) (-880.234985 -2907.455566 20 ) (-880.235352 -2907.455811 110.196747 ) (-835.137207 -2985.568115 110.196747 ) 
3 219 (-672 -2696.332031 20 ) (-672 -2884.797363 20 ) (-780.810547 -2696.332031 20 ) 
4 219 (-714.248352 -2811.623047 20 ) (-672 -2884.799316 20 ) (-672 -2884.807861 110.196747 ) (-714.250671 -2811.624268 110.196747 ) 
4 219 (-672 -2696.332031 110.196747 ) (-672 -2884.797363 110.196747 ) (-672 -2884.797363 20 ) (-672 -2696.332031 20 ) 
4 220 (-832 -2696.332031 20 ) (-780.810547 -2696.332031 20 ) (-714.247559 -2811.622559 20 ) (-832 -2879.606934 20 ) 
4 220 (-960 -2696.332031 110.196747 ) (-960 -2696.332031 20 ) (-960 -2769.302734 20 ) (-960 -2769.302734 110.196747 ) 
4 220 (-880.241028 -2907.456543 110.196747 ) (-880.241028 -2907.456543 20 ) (-714.253906 -2811.625000 20 ) (-714.253906 -2811.625000 110.196747 ) 
5 221 (-672 -2891.383301 20 ) (-672 -3072 20 ) (-785.237610 -3072 20 ) (-832 -2991.005127 20 ) (-832 -2983.757080 20 ) 
3 221 (-672 -2891.383301 60.268131 ) (-672 -2894.901367 20 ) (-672 -2891.383301 20 ) 
4 221 (-672 -3044.258057 20 ) (-672 -3025.686523 110.196747 ) (-672 -3072 110.196747 ) (-672 -3072 20 ) 
3 221 (-672 -3025.686279 110.196747 ) (-672 -3031.097412 83.917068 ) (-672 -3023.916260 110.196747 ) 
4 221 (-672 -2891.383301 110.196747 ) (-672 -2923.528076 110.196747 ) (-672 -2892.888916 43.034100 ) (-672 -2891.383301 60.267624 ) 
4 221 (-672 -2891.385498 20 ) (-835.137390 -2985.571289 20 ) (-835.137390 -2985.571289 110.196747 ) (-672 -2891.385498 110.196747 ) 
4 222 (-1024 -2952 110.196747 ) (-960 -2952 110.196747 ) (-960 -2952 20 ) (-1024 -2952 20 ) 
3 223 (-832 -2048 16 ) (-819.510132 -2048 16 ) (-832 -2064 16 ) 
4 223 (-832 -2063.997559 20 ) (-832 -2063.997559 16 ) (-819.511902 -2048 16 ) (-819.511719 -2048 20 ) 
4 224 (-973.449951 -2150.376465 20 ) (-973.449951 -2150.376465 16 ) (-832 -2150.376465 16 ) (-832 -2150.376465 20 ) 
4 224 (-832 -2064 20 ) (-832 -2150.376465 20 ) (-832 -2150.376465 16 ) (-832 -2064 16 ) 
4 224 (-973.449951 -2048 16 ) (-832 -2048 16 ) (-832 -2150.376465 16 ) (-973.449951 -2150.376465 16 ) 
4 225 (-973.449951 -2952 20 ) (-960 -2952 20 ) (-960 -2696.332031 20 ) (-973.449951 -2696.332031 20 ) 
4 225 (-832 -2879.606934 20 ) (-880.236816 -2907.456543 20 ) (-835.138550 -2985.569092 20 ) (-832 -2983.757080 20 ) 
4 225 (-832 -3072 16 ) (-973.449951 -3072 16 ) (-973.449951 -2240.573242 16 ) (-832 -2240.573242 16 ) 
4 225 (-832 -2240.573242 20 ) (-832 -2240.573242 16 ) (-973.449951 -2240.573242 16 ) (-973.449951 -2240.573242 20 ) 
4 225 (-832 -3072 20 ) (-832 -3072 16 ) (-832 -2240.573242 16 ) (-832 -2240.573242 20 ) 
4 226 (-1024 -3072 16 ) (-1024 -3072 20 ) (-1024 -2048 20 ) (-1024 -2048 16 ) 
4 226 (-973.449951 -2150.376465 20 ) (-973.449951 -2240.573242 20 ) (-973.449951 -2240.573242 16 ) (-973.449951 -2150.376465 16 ) 
4 226 (-1024 -2048 16 ) (-973.449951 -2048 16 ) (-973.449951 -3072 16 ) (-1024 -3072 16 ) 
4 226 (-973.449951 -2952 20 ) (-973.449951 -2696.332031 20 ) (-1024 -2696.332031 20 ) (-1024 -2952 20 ) 
4 227 (-288 -2048 -32 ) (-288 -3072 -32 ) (-288 -3072 -16 ) (-288 -2048 -16 ) 
4 227 (0 -2048 -16 ) (-288 -2048 -16 ) (-288 -3072 -16 ) (0 -3072 -16 ) 
3 228 (-672 -2066.285645 -16 ) (-657.777771 -2048 -16 ) (-672 -2048 -16 ) 
4 228 (-672 -2066.290283 -16 ) (-672 -2066.290283 -32 ) (-657.774231 -2048 -32 ) (-657.774231 -2048 -16 ) 
4 229 (-672 -2066.285645 -16 ) (-672 -3072 -16 ) (-672 -3072 -32 ) (-672 -2066.285645 -32 ) 
4 229 (-672 -2066.285645 -16 ) (-1024 -2518.857178 -16 ) (-1024 -3072 -16 ) (-672 -3072 -16 ) 
4 229 (-672 -2066.285645 -16 ) (-672 -2048 -16 ) (-1024 -2048 -16 ) (-1024 -2518.857178 -16 ) 
5 230 (-288 -2048 -32 ) (-657.777832 -2048 -32 ) (-672 -2066.285645 -32 ) (-672 -3072 -32 ) (-288 -3072 -32 ) 
4 230 (0 -3072 -96 ) (-1024 -3072 -96 ) (-1024 -2048 -96 ) (0 -2048 -96 ) 
4 231 (-288 -4096 428 ) (-672 -4096 428 ) (-672 -3072 428 ) (-288 -3072 428 ) 
4 231 (0 -3072 528 ) (-1024 -3072 528 ) (-1024 -4096 528 ) (0 -4096 528 ) 
4 232 (-288 -4096 137.745819 ) (-288 -4096 428 ) (-288 -3072 428 ) (-288 -3072 173.564560 ) 
5 232 (-288 -3921.597656 143.846390 ) (-288 -3917.203369 144 ) (-227.997253 -3773.265381 144 ) (-128 -3814.950684 134.151184 ) (-128 -3988.296143 128.087692 ) 
5 232 (0 -3868.309326 121.544212 ) (0 -3951.626953 118.629829 ) (-25.026718 -4031.222168 117.945648 ) (-128 -3988.296387 128.087677 ) (-128 -3814.950684 134.151184 ) 
4 232 (-45.394119 -4096 117.388657 ) (-28.492142 -4042.244629 117.850723 ) (0 -4048.446289 120.501572 ) (0 -4096 121.420998 ) 
3 233 (0 -3951.626953 118.629829 ) (0 -4041.654785 115.480721 ) (-25.026720 -4031.222168 117.945648 ) 
3 233 (0 -4048.447510 120.500938 ) (-28.491911 -4042.246094 117.850121 ) (0 -4048.447510 115.242439 ) 
4 234 (-128 -3814.950684 16 ) (-128 -3072 16 ) (0 -3072 16 ) (0 -3868.309326 16 ) 
4 234 (-128 -3072 16 ) (-128 -3814.950684 16 ) (-128 -3814.950684 20 ) (-128 -3072 20 ) 
4 234 (-128 -3814.953125 134.148438 ) (-128 -3814.953125 16 ) (0 -3868.311768 16 ) (0 -3868.311768 121.541496 ) 
4 235 (-128 -4020.586182 16 ) (-128 -3988.296387 16 ) (0 -4041.654785 16 ) (0 -4048.446289 16 ) 
4 235 (-128 -3988.296387 16 ) (-128 -4020.586182 16 ) (-128 -4020.586182 20 ) (-128 -3988.296387 20 ) 
5 235 (-91.380096 -4028.557861 16 ) (0 -4048.447266 16 ) (0 -4048.447266 115.246071 ) (-28.476986 -4042.249023 117.852356 ) (-91.380089 -4028.557617 112 ) 
4 235 (0 -4041.657471 16 ) (-128 -3988.298584 16 ) (-128 -3988.298584 128.078125 ) (0 -4041.657471 115.473824 ) 
4 236 (-91.380577 -4028.560059 112 ) (-28.492287 -4042.248291 117.850700 ) (-45.393211 -4096 117.388672 ) (-106.059387 -4096 112 ) 
4 237 (-106.059387 -4096 16 ) (-128 -4096 16 ) (-128 -4020.586182 16 ) (-91.379852 -4028.556885 16 ) 
4 237 (-128 -4020.586182 16 ) (-128 -4096 16 ) (-128 -4096 20 ) (-128 -4020.586182 20 ) 
4 237 (-91.379585 -4028.554688 16 ) (-91.379585 -4028.554688 112 ) (-106.059547 -4096 112 ) (-106.059547 -4096 16 ) 
4 238 (-288 -3748.252197 20 ) (-288 -3748.252197 149.909775 ) (-288 -3072 173.564560 ) (-288 -3072 20 ) 
4 238 (-128 -3814.953125 20 ) (-128 -3814.953125 134.140625 ) (-227.998154 -3773.267334 143.989624 ) (-227.998154 -3773.267334 20 ) 
4 238 (-128 -3814.946045 20 ) (-288 -3748.247559 20 ) (-288 -3072 20 ) (-128 -3072 20 ) 
4 239 (-288 -4096 20 ) (-288 -4096 137.745819 ) (-288 -3921.597656 143.846283 ) (-288 -3921.597656 20 ) 
4 239 (-128 -3988.296143 20 ) (-128 -4096 20 ) (-288 -4096 20 ) (-288 -3921.597656 20 ) 
4 239 (-128 -3988.297852 128.085068 ) (-128 -3988.297852 20 ) (-288 -3921.599365 20 ) (-288 -3921.598389 143.843643 ) 
4 240 (-288 -3917.203369 144 ) (-288 -3748.252197 149.909775 ) (-288 -3748.252197 20 ) (-288 -3917.203369 20 ) 
3 240 (-288 -3748.247070 20 ) (-227.995499 -3773.260986 20 ) (-288 -3917.203369 20 ) 
4 240 (-288 -3917.204590 20 ) (-227.996750 -3773.265381 20 ) (-227.996750 -3773.265381 144 ) (-288 -3917.204590 144.004395 ) 
3 241 (-589.272156 -3072 29.626320 ) (-596.796692 -3072 16.495512 ) (-569.263428 -3081.892822 16.495512 ) 
4 241 (-570.145020 -3072 23.403351 ) (-580.090027 -3072 40.213963 ) (-568.752319 -3082.053711 16.495512 ) (-568.630859 -3081.600586 16.495512 ) 
4 241 (-596.798462 -3072 16.495512 ) (-568.469360 -3072 16.495512 ) (-568.630493 -3081.575439 16.495512 ) (-568.763794 -3082.072998 16.495512 ) 
3 241 (-570.141113 -3072 23.379128 ) (-568.632263 -3081.566895 16.495512 ) (-568.471313 -3072 16.495512 ) 
4 241 (-589.290283 -3072 29.608667 ) (-569.311035 -3081.878662 16.495512 ) (-568.760010 -3082.051514 16.495512 ) (-580.095215 -3072 40.208267 ) 
4 242 (-975.832336 -3451.317383 205.196274 ) (-1004.090576 -3448.006348 205.219360 ) (-1001.512817 -3426.024170 207.825821 ) (-973.254517 -3429.335205 207.802734 ) 
4 242 (-1002.372070 -3433.351807 206.956985 ) (-1003.660889 -3444.342529 205.653778 ) (-1024 -3441.959717 205.670349 ) (-1024 -3430.817627 206.974640 ) 
4 242 (-672 -3072 253.518585 ) (-672 -3072 428 ) (-672 -4096 428 ) (-672 -4096 133.649216 ) 
4 243 (-1001.512573 -3426.024658 207.830002 ) (-1002.371887 -3433.352295 206.961136 ) (-1002.268250 -3432.411865 198.927658 ) (-1001.408936 -3425.084229 199.796524 ) 
4 243 (-1002.267883 -3432.410889 198.927811 ) (-1002.371521 -3433.351318 206.961655 ) (-1024 -3430.817139 206.979324 ) (-1024 -3429.550293 196.294998 ) 
3 244 (-1009.417542 -3492.808350 110.196747 ) (-1024 -3617.264893 110.196747 ) (-1024 -3488.900635 110.196747 ) 
4 244 (-1003.660706 -3444.343018 205.657928 ) (-1004.090332 -3448.006836 205.223511 ) (-1003.986694 -3447.066406 197.190033 ) (-1003.557068 -3443.402588 197.624512 ) 
4 244 (-1003.668335 -3444.341553 205.656967 ) (-1003.564697 -3443.401123 197.623611 ) (-1024 -3440.711182 195.147888 ) (-1024 -3441.959229 205.673569 ) 
4 245 (-1002.270081 -3432.410400 198.926788 ) (-1024 -3429.550049 196.294159 ) (-1024 -3440.714844 195.147644 ) (-1003.570923 -3443.404053 197.622696 ) 
4 246 (-1001.515991 -3426.024170 207.828842 ) (-1001.412354 -3425.083984 199.796524 ) (-973.150940 -3428.395264 199.773438 ) (-973.254578 -3429.335449 207.805756 ) 
3 246 (-672 -3260.477051 110.196747 ) (-672 -3072 110.196747 ) (-672 -3072 195.564301 ) 
5 246 (-672 -3453.088867 110.196747 ) (-672 -3260.477051 110.196747 ) (-672 -3072 195.564301 ) (-672 -3072 253.518585 ) (-672 -3464.633057 207.556992 ) 
4 247 (-1024 -3647.925781 110.196747 ) (-1024 -3617.264893 110.196747 ) (-1009.417542 -3492.808105 110.196747 ) (-984.243713 -3499.553223 110.196747 ) 
4 247 (-1024 -3900.631592 110.196747 ) (-1024 -3796.481445 110.196747 ) (-933.099304 -3744 110.196747 ) (-888 -3822.114014 110.196747 ) 
4 247 (-1003.986755 -3447.065674 197.190125 ) (-1004.090332 -3448.005615 205.219467 ) (-975.832214 -3451.316650 205.196381 ) (-975.728638 -3450.376709 197.167038 ) 
4 247 (-672 -3475.682373 110.196747 ) (-672 -3486.917236 204.948410 ) (-672 -4096 133.649216 ) (-672 -4096 110.196747 ) 
4 248 (-973.255066 -3429.333984 207.804611 ) (-973.151489 -3428.393799 199.773575 ) (-975.728760 -3450.375000 197.167221 ) (-975.832336 -3451.314697 205.195236 ) 
4 248 (-672 -3475.682373 110.196747 ) (-672 -3453.088867 110.196747 ) (-672 -3464.633057 207.556992 ) (-672 -3486.917236 204.948410 ) 
4 249 (-1003.982727 -3447.059326 197.190277 ) (-975.726379 -3450.370361 197.167206 ) (-973.149475 -3428.395264 199.772842 ) (-1001.409180 -3425.083984 199.795929 ) 
4 250 (-832 -3072 20 ) (-672 -3072 20 ) (-672 -3622.765381 20 ) (-832 -3449.859375 20 ) 
4 250 (-882.892212 -3394.866943 20 ) (-752.714478 -3535.545166 20 ) (-752.717163 -3535.547852 106.196747 ) (-882.893066 -3394.867676 106.196747 ) 
4 250 (-672 -3622.765625 20 ) (-672 -3459.616211 20 ) (-672 -3260.477051 110.196747 ) (-672 -3622.765381 110.196747 ) 
4 250 (-672 -3260.477051 110.196747 ) (-672 -3459.616211 20 ) (-672 -3072 20 ) (-672 -3072 110.196747 ) 
4 251 (-1024 -3647.935303 106.196747 ) (-1024 -3647.935303 110.196747 ) (-984.241211 -3499.554199 110.196747 ) (-984.241211 -3499.554199 106.196747 ) 
4 251 (-933.100647 -3743.997559 110.196747 ) (-1024 -3796.478271 110.196747 ) (-1024 -3796.478271 106.196747 ) (-933.100647 -3743.997559 106.196747 ) 
4 251 (-818.913635 -3596.802979 106.196747 ) (-949.091370 -3456.124756 106.196747 ) (-882.888611 -3394.863525 106.196747 ) (-752.709839 -3535.541016 106.196747 ) 
3 252 (-832 -3582.660889 20 ) (-769.895996 -3649.774414 20 ) (-832 -3685.630127 20 ) 
4 252 (-984.241211 -3499.554199 20 ) (-1024 -3647.935791 20 ) (-1024 -3647.935303 106.196747 ) (-984.241150 -3499.554199 106.196747 ) 
4 252 (-1024 -3796.478271 20 ) (-933.100708 -3743.997803 20 ) (-933.100647 -3743.997803 106.196747 ) (-1024 -3796.478271 106.196747 ) 
4 252 (-949.095764 -3456.128662 106.196747 ) (-818.916382 -3596.805664 106.196747 ) (-818.916382 -3596.805664 20 ) (-949.095764 -3456.128662 20 ) 
4 253 (-752.711975 -3535.542969 20 ) (-689.799072 -3603.530518 20 ) (-769.895996 -3649.774414 20 ) (-818.913452 -3596.802979 20 ) 
4 253 (-818.913025 -3596.806152 20 ) (-818.913025 -3596.806152 106.196747 ) (-752.710144 -3535.544922 106.196747 ) (-752.710144 -3535.544922 20 ) 
4 254 (-949.092712 -3456.126709 106.196747 ) (-949.092712 -3456.126709 20 ) (-882.887207 -3394.860352 20 ) (-882.887207 -3394.860352 106.196747 ) 
4 255 (-672 -3622.765381 20 ) (-672 -3755.567139 20 ) (-769.895996 -3649.774414 20 ) (-689.799072 -3603.530518 20 ) 
6 255 (-672 -3755.567139 20 ) (-672 -4096 20 ) (-729.872009 -4096 20 ) (-832 -3919.109131 20 ) (-832 -3685.630127 20 ) (-769.895996 -3649.774414 20 ) 
4 255 (-933.099609 -3744.001465 110.196747 ) (-933.099609 -3744.001465 20 ) (-888 -3822.114502 20 ) (-888 -3822.114746 110.196747 ) 
4 255 (-672 -3622.765625 20 ) (-672 -3622.765381 110.196747 ) (-672 -4096 110.196747 ) (-672 -4096 20 ) 
3 256 (-729.872009 -4096 20 ) (-832 -4096 20 ) (-832 -3919.109131 20 ) 
4 256 (-888.005615 -3822.113525 110.196747 ) (-888.005615 -3822.113525 20 ) (-1024 -3900.628906 20 ) (-1024 -3900.628906 110.196747 ) 
4 257 (-1024 -3488.900391 20 ) (-984.241699 -3499.553711 20 ) (-984.241699 -3499.553711 110.196747 ) (-1024 -3488.900391 110.196747 ) 
4 258 (-1024 -4096 16 ) (-1024 -4096 20 ) (-1024 -3375.173828 20 ) (-1024 -3375.173828 16 ) 
4 258 (-832 -3582.666016 16 ) (-949.093872 -3456.126953 16 ) (-949.093567 -3456.126465 20 ) (-832 -3582.665527 20 ) 
3 258 (-1024 -3488.900635 20 ) (-1024 -3647.925781 20 ) (-984.243713 -3499.553223 20 ) 
4 258 (-888 -3822.114014 20 ) (-933.099304 -3744 20 ) (-1024 -3796.481445 20 ) (-1024 -3900.631592 20 ) 
4 258 (-832 -4096 16 ) (-1024 -4096 16 ) (-1024 -3375.173828 16 ) (-832 -3582.661133 16 ) 
4 258 (-832 -4096 20 ) (-832 -4096 16 ) (-832 -3582.656250 16 ) (-832 -3582.656250 20 ) 
4 259 (-1024 -3375.173828 20 ) (-1024 -3072 20 ) (-1024 -3072 16 ) (-1024 -3375.173828 16 ) 
4 259 (-949.088501 -3456.124512 20 ) (-949.088501 -3456.124512 16 ) (-882.888550 -3394.865723 16 ) (-882.888550 -3394.865723 20 ) 
5 259 (-1024 -3072 16 ) (-832 -3072 16 ) (-832 -3347.773193 16 ) (-949.091431 -3456.124756 16 ) (-1024 -3375.173828 16 ) 
4 259 (-832 -3072 20 ) (-832 -3347.773438 20 ) (-832 -3347.773438 16 ) (-832 -3072 16 ) 
4 260 (-832 -3347.773438 20 ) (-832 -3449.859131 20 ) (-832 -3449.859131 16 ) (-832 -3347.773438 16 ) 
3 260 (-832 -3347.773193 16 ) (-832 -3449.859375 16 ) (-882.889832 -3394.864502 16 ) 
4 260 (-882.892700 -3394.866455 20 ) (-882.892700 -3394.866455 16 ) (-832 -3449.862305 16 ) (-832 -3449.862305 20 ) 
4 261 (0 -3072 -16 ) (-288 -3072 -16 ) (-288 -4096 -16 ) (0 -4096 -16 ) 
4 261 (-288 -3072 -32 ) (-288 -4096 -32 ) (-288 -4096 -16 ) (-288 -3072 -16 ) 
4 262 (-672 -3072 -16 ) (-672 -4096 -16 ) (-672 -4096 -32 ) (-672 -3072 -32 ) 
4 262 (-672 -3072 -16 ) (-1024 -3072 -16 ) (-1024 -4096 -16 ) (-672 -4096 -16 ) 
4 263 (-288 -3072 -32 ) (-672 -3072 -32 ) (-672 -4096 -32 ) (-288 -4096 -32 ) 
4 263 (0 -4096 -96 ) (-1024 -4096 -96 ) (-1024 -3072 -96 ) (0 -3072 -96 ) 
4 264 (-672 -4096 428 ) (-288 -4096 428 ) (-288 -4832 428 ) (-672 -4832 428 ) 
4 264 (0 -4096 528 ) (-1024 -4096 528 ) (-1024 -5120 528 ) (0 -5120 528 ) 
4 265 (-128 -4096 16 ) (-128 -4196.803223 16 ) (-128 -4196.803223 20 ) (-128 -4096 20 ) 
4 265 (-125.408409 -4184.895996 16 ) (-106.059540 -4096 16 ) (-106.059807 -4096 112 ) (-125.408432 -4184.895996 112 ) 
3 265 (-128 -4196.803223 16 ) (-128 -4096 16 ) (-106.059387 -4096 16 ) 
4 266 (-125.407463 -4184.896484 112 ) (-106.058487 -4096 112 ) (0 -4096 121.420975 ) (0 -4212.192383 123.667458 ) 
4 267 (-128 -4196.803223 16 ) (-128 -4960 16 ) (-128 -4960 20 ) (-128 -4196.803223 20 ) 
5 267 (0 -4960 16 ) (-128 -4960 16 ) (-128 -4196.803223 16 ) (-125.408302 -4184.895996 16 ) (0 -4212.192383 16 ) 
4 267 (0 -4212.191406 16 ) (-125.402344 -4184.896484 16 ) (-125.402336 -4184.896484 111.995384 ) (0 -4212.191406 123.662514 ) 
4 268 (-288 -4832 428 ) (-288 -4096 428 ) (-288 -4096 20 ) (-288 -4832 20 ) 
4 268 (-288 -4960 20 ) (-288 -4096 20 ) (-128 -4096 20 ) (-128 -4960 20 ) 
6 269 (-832 -4192.029785 106.196747 ) (-832 -4227.355957 106.196747 ) (-846.513062 -4281.519531 106.196747 ) (-1024 -4233.961914 106.196747 ) (-1024 -4203.361328 106.196747 ) (-1008.305603 -4144.789062 106.196747 ) 
3 269 (-832 -4227.355957 106.196747 ) (-832 -4192.029785 106.196747 ) (-823.168457 -4194.395996 106.196747 ) 
4 269 (-672 -4096 106.196747 ) (-672 -4096 428 ) (-672 -4832 428 ) (-672 -4832 106.196747 ) 
4 270 (-832 -4192.029785 20 ) (-832 -4096 20 ) (-672 -4096 20 ) (-672 -4234.901855 20 ) 
4 270 (-832 -4192.029785 106.196747 ) (-832 -4192.029785 20 ) (-823.168457 -4194.395996 20 ) (-823.168457 -4194.396484 106.196747 ) 
4 270 (-672 -4234.901855 20 ) (-672 -4096 20 ) (-672 -4096 106.196747 ) (-672 -4234.901855 106.196747 ) 
5 271 (-832 -4832 20 ) (-832 -4227.355957 20 ) (-823.168457 -4194.395996 20 ) (-672 -4234.901855 20 ) (-672 -4832 20 ) 
4 271 (-672 -4234.901855 20 ) (-672 -4234.901855 106.196747 ) (-672 -4832 106.196747 ) (-672 -4832 20 ) 
4 271 (-823.167664 -4194.400391 106.196747 ) (-823.167664 -4194.400391 20 ) (-832 -4227.363281 20 ) (-832 -4227.363281 106.196747 ) 
4 272 (-832 -4227.362793 106.196747 ) (-832 -4227.362793 16 ) (-846.511414 -4281.520020 16 ) (-846.511475 -4281.520020 106.196747 ) 
3 272 (-832 -4227.355957 16 ) (-832 -4832 16 ) (-994.013855 -4832 16 ) 
4 272 (-832 -4227.355957 20 ) (-832 -4832 20 ) (-832 -4832 16 ) (-832 -4227.355957 16 ) 
4 273 (-1024 -4096 20 ) (-1024 -4096 16 ) (-1024 -4203.361328 16 ) (-1024 -4203.361328 20 ) 
4 273 (-1024 -4203.353516 16 ) (-1008.307556 -4144.788574 16 ) (-1008.307617 -4144.788574 106.196747 ) (-1024 -4203.353027 106.196747 ) 
3 273 (-1024 -4096 16 ) (-995.232605 -4096 16 ) (-1024 -4203.361328 16 ) 
4 274 (-1008.300415 -4144.791504 106.196747 ) (-1008.300415 -4144.791504 16 ) (-832 -4192.032227 16 ) (-832 -4192.032227 106.196747 ) 
4 274 (-995.232605 -4096 16 ) (-832 -4096 16 ) (-832 -4192.029785 16 ) (-1008.305603 -4144.789062 16 ) 
4 274 (-832 -4096 20 ) (-832 -4192.029785 20 ) (-832 -4192.029785 16 ) (-832 -4096 16 ) 
4 275 (-1024 -4233.961914 16 ) (-1024 -4832 16 ) (-1024 -4832 20 ) (-1024 -4233.961914 20 ) 
4 275 (-846.513062 -4281.519531 16 ) (-994.013855 -4832 16 ) (-1024 -4832 16 ) (-1024 -4233.961914 16 ) 
4 275 (-846.512207 -4281.520020 106.196747 ) (-846.512207 -4281.520020 16 ) (-1024 -4233.961426 16 ) (-1024 -4233.961426 106.196747 ) 
4 276 (-672 -4832 20 ) (-672 -4832 428 ) (-288 -4832 428 ) (-288 -4832 20 ) 
4 276 (-832 -4960 20 ) (-832 -4832 20 ) (-288 -4832 20 ) (-288 -4960 20 ) 
4 277 (-1024 -4832 20 ) (-1024 -4832 16 ) (-1024 -4960 16 ) (-1024 -4960 20 ) 
4 277 (-832 -4960 20 ) (-832 -4960 16 ) (-832 -4832 16 ) (-832 -4832 20 ) 
4 277 (-1024 -4832 16 ) (-832 -4832 16 ) (-832 -4960 16 ) (-1024 -4960 16 ) 
4 278 (-1024 -5120 16 ) (-1024 -5120 20 ) (-1024 -4960 20 ) (-1024 -4960 16 ) 
4 278 (-128 -4960 20 ) (-128 -4960 16 ) (-288 -4960 16 ) (-288 -4960 20 ) 
4 278 (-832 -4960 16 ) (-832 -4960 20 ) (-288 -4960 20 ) (-288 -4960 16 ) 
4 278 (0 -5120 16 ) (-1024 -5120 16 ) (-1024 -4960 16 ) (0 -4960 16 ) 
4 279 (-288 -4096 -32 ) (-288 -4832 -32 ) (-288 -4832 -16 ) (-288 -4096 -16 ) 
4 279 (0 -4096 -16 ) (-288 -4096 -16 ) (-288 -4832 -16 ) (0 -4832 -16 ) 
4 280 (-672 -4096 -16 ) (-672 -4832 -16 ) (-672 -4832 -32 ) (-672 -4096 -32 ) 
4 280 (-1024 -4832 -16 ) (-672 -4832 -16 ) (-672 -4096 -16 ) (-1024 -4096 -16 ) 
4 281 (-672 -4832 -16 ) (-288 -4832 -16 ) (-288 -4832 -32 ) (-672 -4832 -32 ) 
4 281 (0 -4832 -16 ) (-1024 -4832 -16 ) (-1024 -5120 -16 ) (0 -5120 -16 ) 
4 282 (-672 -4832 -32 ) (-288 -4832 -32 ) (-288 -4096 -32 ) (-672 -4096 -32 ) 
4 282 (0 -5120 -96 ) (-1024 -5120 -96 ) (-1024 -4096 -96 ) (0 -4096 -96 ) 
4 283 (-1024 -6144 16 ) (-1024 -6144 20 ) (-1024 -5120 20 ) (-1024 -5120 16 ) 
4 283 (0 -6144 16 ) (-1024 -6144 16 ) (-1024 -5806.779297 16 ) (0 -5841.491211 16 ) 
4 283 (-1024 -5806.779297 16 ) (-1024 -5120 16 ) (0 -5120 16 ) (0 -5841.491211 16 ) 
4 283 (0 -5120 528 ) (-1024 -5120 528 ) (-1024 -6144 528 ) (0 -6144 528 ) 
4 284 (0 -5841.491211 -4 ) (-1024 -5806.779297 -4 ) (-1024 -6144 -4 ) (0 -6144 -4 ) 
4 284 (-1024 -5806.779297 -4 ) (0 -5841.491211 -4 ) (0 -5841.491211 -16 ) (-1024 -5806.779297 -16 ) 
4 285 (0 -5841.491211 -16 ) (0 -5120 -16 ) (-1024 -5120 -16 ) (-1024 -5806.779297 -16 ) 
4 285 (0 -6144 -96 ) (-1024 -6144 -96 ) (-1024 -5120 -96 ) (0 -5120 -96 ) 
4 286 (-1024 -6144 20 ) (-1024 -6144 16 ) (-1024 -6592 16 ) (-1024 -6592 20 ) 
4 286 (-1024 -6592 16 ) (-1024 -6144 16 ) (0 -6144 16 ) (0 -6592 16 ) 
4 286 (-1024 -6688 528 ) (-1024 -6688 16 ) (0 -6688 16 ) (0 -6688 528 ) 
4 286 (0 -6144 528 ) (-1024 -6144 528 ) (-1024 -6688 528 ) (0 -6688 528 ) 
4 287 (-1024 -6688 16 ) (-1024 -6688 0 ) (0 -6688 0 ) (0 -6688 16 ) 
4 287 (-1024 -6592 16 ) (0 -6592 16 ) (0 -6592 0 ) (-1024 -6592 0 ) 
4 288 (0 -6688 -4 ) (0 -6688 0 ) (-1024 -6688 0 ) (-1024 -6688 -4 ) 
4 288 (-1024 -6592 0 ) (0 -6592 0 ) (0 -6592 -4 ) (-1024 -6592 -4 ) 
4 289 (0 -6688 -96 ) (0 -6688 -4 ) (-1024 -6688 -4 ) (-1024 -6688 -96 ) 
4 289 (0 -6592 -4 ) (0 -6144 -4 ) (-1024 -6144 -4 ) (-1024 -6592 -4 ) 
4 289 (0 -6688 -96 ) (-1024 -6688 -96 ) (-1024 -6144 -96 ) (0 -6144 -96 ) 
4 290 (-1172 640 528 ) (-1172 640 0 ) (-1172 448 0 ) (-1172 448 528 ) 
4 290 (-1172 448 528 ) (-1172 448 0 ) (-1024 448 0 ) (-1024 448 528 ) 
4 290 (-1172 640 528 ) (-1024 640 528 ) (-1024 640 0 ) (-1172 640 0 ) 
4 290 (-1024 640 528 ) (-1172 640 528 ) (-1172 448 528 ) (-1024 448 528 ) 
4 291 (-1172 640 0 ) (-1172 640 -16 ) (-1172 448 -16 ) (-1172 448 0 ) 
4 291 (-1172 640 -16 ) (-1172 640 0 ) (-1024 640 0 ) (-1024 640 -16 ) 
4 291 (-1172 448 0 ) (-1172 448 -16 ) (-1024 448 -16 ) (-1024 448 0 ) 
4 292 (-1184 640 -16 ) (-1184 640 -32 ) (-1184 448 -32 ) (-1184 448 -16 ) 
4 292 (-1184 640 -32 ) (-1184 640 -16 ) (-1024 640 -16 ) (-1024 640 -32 ) 
4 292 (-1172 448 -16 ) (-1172 640 -16 ) (-1184 640 -16 ) (-1184 448 -16 ) 
4 292 (-1184 448 -32 ) (-1024 448 -32 ) (-1024 448 -16 ) (-1184 448 -16 ) 
4 293 (-1024 448 -32 ) (-1184 448 -32 ) (-1184 0 -32 ) (-1024 0 -32 ) 
4 293 (-1184 640 -32 ) (-1184 640 -96 ) (-1184 0 -96 ) (-1184 0 -32 ) 
4 293 (-1024 0 -96 ) (-1184 0 -96 ) (-1184 640 -96 ) (-1024 640 -96 ) 
4 293 (-1184 640 -32 ) (-1024 640 -32 ) (-1024 640 -96 ) (-1184 640 -96 ) 
4 294 (-1184 0 -96 ) (-1184 -1024 -96 ) (-1184 -1024 -32 ) (-1184 0 -32 ) 
4 294 (-1024 -1024 -96 ) (-1184 -1024 -96 ) (-1184 0 -96 ) (-1024 0 -96 ) 
4 294 (-1024 0 -32 ) (-1184 0 -32 ) (-1184 -1024 -32 ) (-1024 -1024 -32 ) 
4 295 (-1168 -2014.776978 20 ) (-1168 -2048 20 ) (-1168 -2048 528 ) (-1168 -2014.777100 528 ) 
4 295 (-1024 -2048 20 ) (-1168 -2048 20 ) (-1168 -2016 20 ) (-1024 -1839.673462 20 ) 
4 295 (-1024 -1838.675049 528 ) (-1168 -2014.777100 528 ) (-1168 -2048 528 ) (-1024 -2048 528 ) 
4 295 (-1024 -1838.676392 20 ) (-1168 -2014.777832 20 ) (-1168 -2014.777832 528 ) (-1024 -1838.675903 528 ) 
4 296 (-1168 -2014.776978 16 ) (-1168 -2016 16 ) (-1168 -2016 20 ) (-1168 -2014.776978 20 ) 
4 296 (-1168 -2016 16 ) (-1168 -2014.776978 16 ) (-1024 -1838.675049 16 ) (-1024 -1839.673584 16 ) 
4 296 (-1168 -2015.998657 16 ) (-1024 -1839.672119 16 ) (-1024 -1839.665649 20 ) (-1168 -2015.992554 20 ) 
4 296 (-1024 -1838.677246 16 ) (-1168 -2014.779175 16 ) (-1168 -2014.776123 20 ) (-1024 -1838.674805 20 ) 
4 297 (-1168 -2014.776978 -32 ) (-1168 -2048 -32 ) (-1168 -2048 -16 ) (-1168 -2014.777100 -16 ) 
4 297 (-1024 -1838.675049 -16 ) (-1168 -2014.777100 -16 ) (-1168 -2048 -16 ) (-1024 -2048 -16 ) 
4 297 (-1024 -1838.676392 -32 ) (-1168 -2014.777832 -32 ) (-1168 -2014.777832 -16 ) (-1024 -1838.675903 -16 ) 
4 298 (-1172 -2048 -16 ) (-1172 -2015.303223 -16 ) (-1184 -2016.374023 -16 ) (-1184 -2048 -16 ) 
4 298 (-1172 -2015.303223 -16 ) (-1172 -2048 -16 ) (-1172 -2048 -32 ) (-1172 -2015.303223 -32 ) 
4 298 (-1184 -2016.374023 -32 ) (-1184 -2048 -32 ) (-1184 -2048 -16 ) (-1184 -2016.374023 -16 ) 
4 298 (-1184 -2016.373413 -32 ) (-1184 -2016.373413 -16 ) (-1172 -2015.302979 -16 ) (-1172 -2015.302979 -32 ) 
4 299 (-1024 -2048 -96 ) (-1184 -2048 -96 ) (-1184 -1024 -96 ) (-1024 -1024 -96 ) 
4 299 (-1172 -2015.303223 -32 ) (-1172 -1024 -32 ) (-1184 -1024 -32 ) (-1184 -2016.374023 -32 ) 
4 299 (-1024 -1838.675049 -32 ) (-1024 -1024 -32 ) (-1168 -1024 -32 ) (-1168 -2014.777100 -32 ) 
4 299 (-1168 -1024 -32 ) (-1172 -1024 -32 ) (-1172 -2048 -32 ) (-1168 -2048 -32 ) 
4 299 (-1184 -1024 -96 ) (-1184 -2048 -96 ) (-1184 -2048 -32 ) (-1184 -1024 -32 ) 
4 300 (-1168 -2048 528 ) (-1168 -2048 212 ) (-1168 -3072 212 ) (-1168 -3072 528 ) 
4 300 (-1024 -2460.054688 212 ) (-1024 -2471.197998 212 ) (-1064.733154 -2470.915527 212 ) (-1064.655884 -2459.772705 212 ) 
4 300 (-1024 -2048 528 ) (-1168 -2048 528 ) (-1168 -3072 528 ) (-1024 -3072 528 ) 
4 301 (-1168 -2470.199219 195.829773 ) (-1168 -3072 195.829773 ) (-1168 -3072 212 ) (-1168 -2470.199219 212 ) 
4 301 (-1067.894287 -2470.893555 195.829773 ) (-1064.733154 -2470.915527 212 ) (-1024 -2471.197998 212 ) (-1024 -2471.197998 201.175674 ) 
4 302 (-1168 -2048 212 ) (-1168 -2048 195.829773 ) (-1168 -2470.199219 195.829773 ) (-1168 -2470.199219 212 ) 
4 302 (-1064.733276 -2470.914795 212 ) (-1067.894531 -2470.892822 195.829773 ) (-1067.817261 -2459.750732 195.829773 ) (-1064.656006 -2459.772705 212 ) 
4 303 (-1055.249512 -2470.981201 195.829773 ) (-1067.894287 -2470.893555 195.829773 ) (-1067.817017 -2459.750732 195.829773 ) (-1055.172241 -2459.838379 195.829773 ) 
4 303 (-1067.815308 -2459.750732 195.830093 ) (-1067.892578 -2470.891846 195.830093 ) (-1024 -2471.196289 201.175781 ) (-1024 -2460.054688 201.166367 ) 
4 304 (-1064.656982 -2459.772705 212 ) (-1067.818481 -2459.750732 195.830765 ) (-1024 -2460.054688 201.167435 ) (-1024 -2460.054688 212 ) 
4 305 (-1168 -2048 195.829773 ) (-1168 -2048 30.085108 ) (-1168 -2696.332031 30.085108 ) (-1168 -2696.332031 195.829773 ) 
4 305 (-1071.107178 -2478.300049 30.085108 ) (-1070.926880 -2452.300537 30.085108 ) (-1067.765503 -2452.322510 30.085108 ) (-1067.945801 -2478.322021 30.085108 ) 
4 305 (-1067.894287 -2470.893555 30.085108 ) (-1067.817017 -2459.750732 30.085108 ) (-1067.817017 -2459.750732 195.829773 ) (-1067.894287 -2470.893555 195.829773 ) 
4 306 (-1024 -2696.332031 30.085108 ) (-1024 -2696.332031 110.196747 ) (-1050.196777 -2696.332031 110.196747 ) (-1050.196777 -2696.332031 30.085108 ) 
4 306 (-1067.945801 -2478.321777 30.085108 ) (-1067.894287 -2470.893555 30.085108 ) (-1036.282227 -2471.112793 30.085108 ) (-1036.333740 -2478.541016 30.085108 ) 
4 306 (-1055.249512 -2470.981201 30.085108 ) (-1067.892700 -2470.893555 30.085108 ) (-1067.892700 -2470.893555 195.829773 ) (-1055.249512 -2470.981201 195.829773 ) 
4 307 (-1067.817017 -2459.750732 30.085108 ) (-1067.765503 -2452.322510 30.085108 ) (-1036.153442 -2452.541748 30.085108 ) (-1036.204956 -2459.969971 30.085108 ) 
4 307 (-1067.814575 -2459.750732 195.829773 ) (-1067.814575 -2459.750732 30.085108 ) (-1055.172241 -2459.838379 30.085108 ) (-1055.172241 -2459.838379 195.829773 ) 
4 308 (-1055.172241 -2459.838379 30.085108 ) (-1036.204956 -2459.969971 30.085108 ) (-1036.282227 -2471.112793 30.085108 ) (-1055.249512 -2470.981201 30.085108 ) 
4 308 (-1055.172241 -2459.835205 195.829773 ) (-1055.172241 -2459.835205 30.085108 ) (-1055.249512 -2470.977539 30.085108 ) (-1055.249512 -2470.977539 195.829773 ) 
4 309 (-1168 -2048 30.085108 ) (-1168 -2048 22 ) (-1168 -2696.332031 22 ) (-1168 -2696.332031 30.085108 ) 
4 309 (-1071.106934 -2478.300049 22 ) (-1070.926636 -2452.300537 22 ) (-1070.926636 -2452.300537 30.085108 ) (-1071.106934 -2478.300049 30.085108 ) 
4 310 (-1024 -2696.332031 22 ) (-1024 -2696.332031 30.085108 ) (-1050.196777 -2696.332031 30.085108 ) (-1050.196777 -2696.332031 22 ) 
4 310 (-1036.333740 -2478.541016 22 ) (-1071.115234 -2478.299805 22 ) (-1071.115234 -2478.299805 30.085108 ) (-1036.333740 -2478.541016 30.085108 ) 
4 311 (-1070.931641 -2452.300293 30.085108 ) (-1070.931641 -2452.300293 22 ) (-1036.153442 -2452.541504 22 ) (-1036.153442 -2452.541504 30.085108 ) 
4 312 (-1036.153320 -2452.542236 30.085108 ) (-1036.153320 -2452.542236 22 ) (-1036.333740 -2478.541016 22 ) (-1036.333740 -2478.541016 30.085108 ) 
4 313 (-1168 -2048 22 ) (-1168 -2048 20 ) (-1168 -2696.332031 20 ) (-1168 -2696.332031 22 ) 
4 313 (-1050.196777 -2696.332031 20 ) (-1024 -2696.332031 20 ) (-1024 -2696.332031 22 ) (-1050.196777 -2696.332031 22 ) 
4 313 (-1036.333740 -2478.541016 22 ) (-1036.153442 -2452.541504 22 ) (-1070.926758 -2452.300537 22 ) (-1071.107056 -2478.300049 22 ) 
4 313 (-1168 -2696.332031 20 ) (-1168 -2048 20 ) (-1024 -2048 20 ) (-1024 -2696.332031 20 ) 
4 314 (-1050.196777 -2952 110.196747 ) (-1050.196777 -2696.332031 110.196747 ) (-1024 -2696.332031 110.196747 ) (-1024 -2952 110.196747 ) 
4 315 (-1024 -3072 20 ) (-1050.196777 -3072 20 ) (-1050.196777 -2952 20 ) (-1024 -2952 20 ) 
4 315 (-1024 -2952 20 ) (-1050.196777 -2952 20 ) (-1050.196777 -2952 110.196747 ) (-1024 -2952 110.196747 ) 
4 316 (-1168 -2696.332031 20 ) (-1168 -3072 20 ) (-1168 -3072 195.829773 ) (-1168 -2696.332031 195.829773 ) 
4 316 (-1050.196777 -2952 110.196747 ) (-1050.196777 -2952 20 ) (-1050.196777 -2696.332031 20 ) (-1050.196777 -2696.332031 110.196747 ) 
4 316 (-1050.196777 -3072 20 ) (-1168 -3072 20 ) (-1168 -2696.332031 20 ) (-1050.196777 -2696.332031 20 ) 
4 317 (-1024 -2048 -16 ) (-1168 -2048 -16 ) (-1168 -3072 -16 ) (-1024 -3072 -16 ) 
4 317 (-1168 -2048 -32 ) (-1168 -3072 -32 ) (-1168 -3072 -16 ) (-1168 -2048 -16 ) 
4 318 (-1168 -2048 -32 ) (-1172 -2048 -32 ) (-1172 -3072 -32 ) (-1168 -3072 -32 ) 
4 318 (-1024 -3072 -96 ) (-1172 -3072 -96 ) (-1172 -2048 -96 ) (-1024 -2048 -96 ) 
4 319 (-1172 -2048 -32 ) (-1172 -2048 -16 ) (-1172 -3072 -16 ) (-1172 -3072 -32 ) 
4 319 (-1172 -3072 -96 ) (-1184 -3072 -96 ) (-1184 -2048 -96 ) (-1172 -2048 -96 ) 
4 319 (-1172 -2048 -16 ) (-1184 -2048 -16 ) (-1184 -3072 -16 ) (-1172 -3072 -16 ) 
4 319 (-1184 -3072 -96 ) (-1184 -3072 -16 ) (-1184 -2048 -16 ) (-1184 -2048 -96 ) 
4 320 (-1168 -3983.768066 20 ) (-1168 -4096 20 ) (-1168 -4096 528 ) (-1168 -3983.768066 528 ) 
4 320 (-1024 -3900.624268 20 ) (-1053.993896 -3917.940918 20 ) (-1053.993530 -3917.941406 110.196747 ) (-1024 -3900.625000 110.196747 ) 
4 320 (-1024 -4096 20 ) (-1168 -4096 20 ) (-1168 -3983.768066 20 ) (-1024 -3900.631836 20 ) 
4 320 (-1024 -3900.631836 528 ) (-1168 -3983.768066 528 ) (-1168 -4096 528 ) (-1024 -4096 528 ) 
4 321 (-1168 -3983.768066 110.196747 ) (-1168 -3983.768066 528 ) (-1168 -3463.292725 528 ) (-1168 -3413.752686 110.196747 ) 
4 321 (-1055.805542 -3426.907227 110.196747 ) (-1068.364746 -3425.434570 110.196747 ) (-1069.389648 -3434.735107 189.648926 ) (-1056.830322 -3436.206787 189.638672 ) 
4 321 (-1024 -3441.957764 205.670898 ) (-1024 -3440.709961 195.147964 ) (-1069.389648 -3434.735107 189.648926 ) (-1066.457031 -3436.982910 205.705551 ) 
4 321 (-1024 -3796.481445 110.196747 ) (-1024 -3900.632568 110.196747 ) (-1053.990356 -3917.947021 110.196747 ) (-1099.088867 -3839.833984 110.196747 ) 
5 321 (-1024 -3488.900635 110.196747 ) (-1024 -3647.925781 110.196747 ) (-1033.851074 -3684.690430 110.196747 ) (-1120.974487 -3661.345947 110.196747 ) (-1071.367188 -3476.208740 110.196747 ) 
4 321 (-1024 -3900.631836 528 ) (-1024 -3480.178955 528 ) (-1168 -3463.292725 528 ) (-1168 -3983.768066 528 ) 
5 322 (-1168 -3403.665283 25.123848 ) (-1168 -3447.436523 20 ) (-1168 -3836.847412 20 ) (-1168 -3836.847412 110.196747 ) (-1168 -3413.752686 110.196747 ) 
4 322 (-1071.265625 -3422.427734 24.175179 ) (-1070.406372 -3415.100342 25.044016 ) (-1055.462402 -3416.851318 25.031809 ) (-1057.392212 -3424.053467 24.163845 ) 
4 322 (-1055.461914 -3416.849854 25.033987 ) (-1067.266357 -3415.466797 25.043629 ) (-1068.364746 -3425.434326 110.196747 ) (-1058.085205 -3426.639893 110.196747 ) 
4 322 (-1120.973389 -3661.346191 20 ) (-1071.365967 -3476.208984 20 ) (-1071.366089 -3476.208984 110.196747 ) (-1120.973511 -3661.346191 110.196747 ) 
3 322 (-1168 -3836.847412 20 ) (-1168 -3447.436523 20 ) (-1066.650146 -3458.604736 20 ) 
4 323 (-1071.089844 -3823.667480 20 ) (-1024 -3796.479980 20 ) (-1024 -3796.480713 110.196747 ) (-1071.090088 -3823.668213 110.196747 ) 
4 323 (-1033.848877 -3684.690918 110.196747 ) (-1024 -3647.934570 110.196747 ) (-1024 -3647.934326 20 ) (-1033.848877 -3684.690918 20 ) 
3 323 (-1024 -3647.925781 20 ) (-1024 -3796.481445 20 ) (-1071.090332 -3823.669189 20 ) 
4 324 (-1168 -3836.847412 20 ) (-1168 -3879.620117 20 ) (-1168 -3879.620117 110.196747 ) (-1168 -3836.847412 110.196747 ) 
4 324 (-1099.089355 -3839.833008 20 ) (-1071.089844 -3823.667480 20 ) (-1071.090088 -3823.668213 110.196747 ) (-1099.089233 -3839.833496 110.196747 ) 
4 324 (-1033.854858 -3684.689453 110.196747 ) (-1033.854858 -3684.689453 20 ) (-1120.974121 -3661.346191 20 ) (-1120.974121 -3661.346191 110.196747 ) 
5 324 (-1168 -3879.620117 20 ) (-1168 -3836.847412 20 ) (-1120.974487 -3661.345947 20 ) (-1033.851074 -3684.690430 20 ) (-1071.090332 -3823.669189 20 ) 
4 325 (-1057.392212 -3424.053467 24.163845 ) (-1055.462402 -3416.851318 25.031809 ) (-1035.868408 -3419.147217 25.015804 ) (-1036.727661 -3426.474365 24.146996 ) 
4 325 (-1054.707153 -3416.938232 25.033371 ) (-1055.461914 -3416.849854 25.033987 ) (-1058.085205 -3426.639893 110.196747 ) (-1055.805542 -3426.907227 110.196747 ) 
4 325 (-1071.367188 -3476.208740 20 ) (-1066.650146 -3458.604736 20 ) (-1024 -3463.304443 20 ) (-1024 -3488.900635 20 ) 
4 325 (-1071.365723 -3476.209961 110.196747 ) (-1071.365723 -3476.209961 20 ) (-1024 -3488.900879 20 ) (-1024 -3488.900879 110.196747 ) 
4 326 (-1168 -3879.620117 20 ) (-1168 -3983.768066 20 ) (-1168 -3983.768066 110.196747 ) (-1168 -3879.620117 110.196747 ) 
4 326 (-1168 -3983.768066 20 ) (-1168 -3879.620117 20 ) (-1099.088867 -3839.834229 20 ) (-1053.990601 -3917.946533 20 ) 
4 326 (-1099.085938 -3839.836426 20 ) (-1099.085938 -3839.836426 110.196747 ) (-1053.989502 -3917.945801 110.196747 ) (-1053.988159 -3917.947754 20 ) 
4 327 (-1168 -3072 528 ) (-1168 -3072 63.948597 ) (-1168 -3392.523438 26.428108 ) (-1168 -3451.996094 528 ) 
4 327 (-1034.579590 -3408.156006 26.319063 ) (-1069.117432 -3404.109131 26.347261 ) (-1068.258179 -3396.781738 27.216076 ) (-1033.720337 -3400.828613 27.187878 ) 
4 327 (-1065.977783 -3404.477295 26.340553 ) (-1053.418457 -3405.948730 26.330296 ) (-1055.541748 -3425.218262 190.941559 ) (-1068.100952 -3423.746582 190.951813 ) 
4 327 (-1024 -3429.551758 196.294785 ) (-1024 -3430.818115 206.974884 ) (-1065.168335 -3425.994385 207.008545 ) (-1068.100952 -3423.746582 190.951813 ) 
4 327 (-1024 -3468.882324 528 ) (-1024 -3072 528 ) (-1168 -3072 528 ) (-1168 -3451.996094 528 ) 
4 328 (-1168 -3392.523438 26.428108 ) (-1168 -3403.665283 25.123848 ) (-1168 -3463.292725 528 ) (-1168 -3451.996094 528 ) 
4 328 (-1066.456055 -3436.981445 205.705795 ) (-1069.388672 -3434.733643 189.649063 ) (-1068.099609 -3423.737549 190.952957 ) (-1065.166992 -3425.985352 207.009583 ) 
4 328 (-1024 -3480.178955 528 ) (-1024 -3468.882324 528 ) (-1168 -3451.996094 528 ) (-1168 -3463.292725 528 ) 
4 329 (-1056.829956 -3436.203857 189.638748 ) (-1069.390381 -3434.732178 189.649002 ) (-1068.102539 -3423.752441 190.951385 ) (-1055.542358 -3425.224121 190.941132 ) 
4 329 (-1024 -3429.546875 196.294250 ) (-1068.093628 -3423.742920 190.952194 ) (-1069.382935 -3434.738037 189.648468 ) (-1024 -3440.711914 195.146729 ) 
4 330 (-1066.458740 -3436.981934 205.705643 ) (-1065.170532 -3426 207.007812 ) (-1024 -3430.821289 206.974487 ) (-1024 -3441.957764 205.670853 ) 
4 331 (-1069.117432 -3404.109131 26.347261 ) (-1065.977661 -3404.477051 26.344698 ) (-1067.266602 -3415.468262 25.041451 ) (-1070.406372 -3415.100342 25.044016 ) 
4 331 (-1065.974854 -3404.465576 26.347191 ) (-1068.098267 -3423.735352 190.954254 ) (-1069.388428 -3434.737549 189.649704 ) (-1067.265137 -3415.468506 25.041592 ) 
4 332 (-1053.418335 -3405.948486 26.334444 ) (-1034.579468 -3408.155762 26.319063 ) (-1035.868530 -3419.147217 25.015804 ) (-1054.707275 -3416.939941 25.031191 ) 
4 332 (-1054.707886 -3416.943359 25.036318 ) (-1056.831299 -3436.212891 189.640701 ) (-1055.543091 -3425.222900 190.943130 ) (-1053.419800 -3405.953857 26.333969 ) 
3 333 (-1168 -3072 63.948597 ) (-1168 -3072 20 ) (-1168 -3447.436523 20 ) 
4 333 (-1068.259033 -3396.781250 27.213373 ) (-1071.266479 -3422.427246 24.172468 ) (-1071.212646 -3421.938721 20 ) (-1068.166016 -3395.937012 20 ) 
4 333 (-1168 -3447.436523 20 ) (-1168 -3072 20 ) (-1030.209717 -3072 20 ) (-1075.394897 -3457.641113 20 ) 
4 334 (-1068.259888 -3396.782227 27.217571 ) (-1068.166748 -3395.937256 20 ) (-1033.627563 -3399.987549 20 ) (-1033.720337 -3400.829102 27.189363 ) 
4 334 (-1030.209717 -3072 20 ) (-1024 -3072 20 ) (-1024 -3401.116211 20 ) (-1068.165161 -3395.937256 20 ) 
4 335 (-1071.209839 -3421.938232 20 ) (-1071.263550 -3422.425781 24.162992 ) (-1036.727417 -3426.472412 24.134789 ) (-1036.674072 -3425.988037 20 ) 
4 335 (-1024 -3427.475342 20 ) (-1024 -3463.304443 20 ) (-1075.394897 -3457.641113 20 ) (-1071.211792 -3421.938965 20 ) 
4 336 (-1024 -3401.116211 20 ) (-1024 -3427.475342 20 ) (-1036.674194 -3425.989014 20 ) (-1033.627563 -3399.987305 20 ) 
4 336 (-1033.720581 -3400.827393 27.171865 ) (-1033.628052 -3399.987793 20 ) (-1036.674683 -3425.990723 20 ) (-1036.728149 -3426.475586 24.140617 ) 
4 337 (-1024 -3072 -16 ) (-1168 -3072 -16 ) (-1168 -4096 -16 ) (-1024 -4096 -16 ) 
4 337 (-1168 -3072 -32 ) (-1168 -4096 -32 ) (-1168 -4096 -16 ) (-1168 -3072 -16 ) 
4 338 (-1168 -3072 -32 ) (-1172 -3072 -32 ) (-1172 -4096 -32 ) (-1168 -4096 -32 ) 
4 338 (-1024 -4096 -96 ) (-1172 -4096 -96 ) (-1172 -3072 -96 ) (-1024 -3072 -96 ) 
4 339 (-1172 -3072 -16 ) (-1184 -3072 -16 ) (-1184 -4096 -16 ) (-1172 -4096 -16 ) 
4 339 (-1172 -4096 -96 ) (-1184 -4096 -96 ) (-1184 -3072 -96 ) (-1172 -3072 -96 ) 
4 339 (-1172 -3072 -32 ) (-1172 -3072 -16 ) (-1172 -4096 -16 ) (-1172 -4096 -32 ) 
4 339 (-1184 -3072 -96 ) (-1184 -4096 -96 ) (-1184 -4096 -16 ) (-1184 -3072 -16 ) 
4 340 (-1168 -4096 528 ) (-1168 -4096 106.196747 ) (-1168 -5120 106.196747 ) (-1168 -5120 528 ) 
3 340 (-1031.650146 -4231.912109 106.196747 ) (-1024 -4203.361328 106.196747 ) (-1024 -4233.961914 106.196747 ) 
4 340 (-1024 -4096 528 ) (-1168 -4096 528 ) (-1168 -5120 528 ) (-1024 -5120 528 ) 
4 341 (-1168 -4096 106.196747 ) (-1168 -4096 20 ) (-1168 -4740.776367 20 ) (-1168 -4740.776367 106.196747 ) 
4 341 (-1168 -4740.776367 20 ) (-1168 -4096 20 ) (-1024 -4096 20 ) (-1024 -4203.361328 20 ) 
4 341 (-1031.652588 -4231.912109 20 ) (-1024 -4203.352051 20 ) (-1024 -4203.354004 106.196747 ) (-1031.652100 -4231.912109 106.196747 ) 
4 342 (-1168 -4740.776367 20 ) (-1168 -5120 20 ) (-1168 -5120 106.196747 ) (-1168 -4740.776367 106.196747 ) 
5 342 (-1024 -5120 20 ) (-1168 -5120 20 ) (-1168 -4740.776367 20 ) (-1031.650146 -4231.912109 20 ) (-1024 -4233.961914 20 ) 
4 342 (-1024 -4233.961426 20 ) (-1031.651733 -4231.911133 20 ) (-1031.651733 -4231.911133 106.196747 ) (-1024 -4233.961426 106.196747 ) 
4 343 (-1632 -4932 72 ) (-1632 -4932 50 ) (-1621 -4932 50 ) (-1621 -4932 72 ) 
4 343 (-1632 -4932 140 ) (-1632 -4932 72 ) (-1621 -4932 72 ) (-1621 -4932 140 ) 
4 343 (-1621 -4932 50 ) (-1620 -4932 50 ) (-1620 -4932 140 ) (-1621 -4932 140 ) 
4 343 (-1632 -4932 50 ) (-1632 -4932 16 ) (-1620 -4932 16 ) (-1620 -4932 50 ) 
4 343 (-1632 -4896 140 ) (-1620 -4896 140 ) (-1620 -4896 16 ) (-1632 -4896 16 ) 
4 343 (-1620 -4896 140 ) (-1620 -4932 140 ) (-1620 -4932 16 ) (-1620 -4896 16 ) 
4 343 (-1620 -4896 16 ) (-1620 -4932 16 ) (-1632 -4932 16 ) (-1632 -4896 16 ) 
4 343 (-1620 -4896 140 ) (-1632 -4896 140 ) (-1632 -4932 140 ) (-1620 -4932 140 ) 
4 344 (-1632 -4969 72 ) (-1621 -4969 72 ) (-1621 -4969 50 ) (-1632 -4969 50 ) 
4 344 (-1621 -4969 72 ) (-1621 -4975 72 ) (-1621 -4975 50 ) (-1621 -4969 50 ) 
4 344 (-1632 -4975 50 ) (-1632 -4969 50 ) (-1621 -4969 50 ) (-1621 -4975 50 ) 
4 344 (-1621 -4975 72 ) (-1621 -4969 72 ) (-1632 -4969 72 ) (-1632 -4975 72 ) 
4 344 (-1632 -4975 50 ) (-1621 -4975 50 ) (-1621 -4975 72 ) (-1632 -4975 72 ) 
4 345 (-1756.474609 -4966.413574 66 ) (-1760.615845 -4981.868652 66 ) (-1791.525391 -4973.586426 66 ) (-1787.384155 -4958.131348 66 ) 
4 345 (-1632 -4975 66 ) (-1632 -4975 72 ) (-1632 -5120 72 ) (-1632 -5120 66 ) 
4 345 (-1632 -4969 66 ) (-1632 -4932 66 ) (-1632 -4932 72 ) (-1632 -4969 72 ) 
4 345 (-1632 -4932 72 ) (-1632 -4932 140 ) (-1632 -5120 140 ) (-1632 -5120 72 ) 
4 345 (-1908 -4896 140 ) (-1632 -4896 140 ) (-1632 -4896 66 ) (-1908 -4896 66 ) 
4 345 (-1632 -5120 140 ) (-1632 -4896 140 ) (-1908 -4896 140 ) (-1908 -5120 140 ) 
4 346 (-1910 -5120 66 ) (-1910 -5120 168 ) (-1910 -4896 168 ) (-1910 -4896 66 ) 
4 346 (-1908 -5120 168 ) (-1908 -5120 140 ) (-1908 -4896 140 ) (-1908 -4896 168 ) 
4 346 (-1908 -4896 168 ) (-1910 -4896 168 ) (-1910 -5120 168 ) (-1908 -5120 168 ) 
4 346 (-1908 -4896 168 ) (-1908 -4896 66 ) (-1910 -4896 66 ) (-1910 -4896 168 ) 
4 347 (-1756.474976 -4966.413574 47 ) (-1760.616089 -4981.868652 47 ) (-1760.616943 -4981.868164 66 ) (-1756.475830 -4966.413574 66 ) 
4 347 (-1632 -4975 50 ) (-1632 -4975 66 ) (-1632 -5120 66 ) (-1632 -5120 50 ) 
4 347 (-1632 -4969 66 ) (-1632 -4969 50 ) (-1632 -4932 50 ) (-1632 -4932 66 ) 
4 347 (-1632 -4932 47 ) (-1632 -4932 50 ) (-1632 -5120 50 ) (-1632 -5120 47 ) 
4 347 (-1737.607300 -4896 66 ) (-1632 -4896 66 ) (-1632 -4896 47 ) (-1737.607300 -4896 47 ) 
4 348 (-1910 -5120 47 ) (-1910 -5120 66 ) (-1910 -4896 66 ) (-1910 -4896 47 ) 
4 348 (-1791.525269 -4973.586426 47 ) (-1787.384155 -4958.131836 47 ) (-1787.383545 -4958.131836 66 ) (-1791.524658 -4973.586426 66 ) 
4 348 (-1770.736084 -4896 66 ) (-1770.736084 -4896 47 ) (-1910 -4896 47 ) (-1910 -4896 66 ) 
4 349 (-1787.382080 -4958.131348 66 ) (-1787.382080 -4958.131348 47 ) (-1756.474731 -4966.412109 47 ) (-1756.474731 -4966.412109 66 ) 
4 349 (-1770.736084 -4896 66 ) (-1737.607300 -4896 66 ) (-1737.607300 -4896 47 ) (-1770.736084 -4896 47 ) 
4 350 (-1760.615601 -4981.868164 66 ) (-1760.615601 -4981.868164 47 ) (-1791.522705 -4973.587402 47 ) (-1791.522705 -4973.587402 66 ) 
4 351 (-1910 -5120 46 ) (-1910 -5120 47 ) (-1910 -4896 47 ) (-1910 -4896 46 ) 
4 351 (-1864 -4944 46 ) (-1740 -4944 46 ) (-1740 -4992 46 ) (-1864 -4992 46 ) 
4 351 (-1740 -4944 46 ) (-1736 -4944 46 ) (-1736 -4992 46 ) (-1740 -4992 46 ) 
4 351 (-1787.384155 -4958.131348 47 ) (-1791.525391 -4973.586426 47 ) (-1760.615845 -4981.868652 47 ) (-1756.474609 -4966.413574 47 ) 
4 351 (-1632 -4896 47 ) (-1632 -4896 46 ) (-1910 -4896 46 ) (-1910 -4896 47 ) 
4 351 (-1632 -4932 46 ) (-1632 -4932 47 ) (-1632 -5120 47 ) (-1632 -5120 46 ) 
4 352 (-1910 -4896 16 ) (-1910 -4944 16 ) (-1910 -4944 46 ) (-1910 -4896 46 ) 
4 352 (-1864 -4944 42 ) (-1864 -4944 16 ) (-1860 -4944 16 ) (-1860 -4944 42 ) 
4 352 (-1740 -4944 46 ) (-1864 -4944 46 ) (-1864 -4944 42 ) (-1740 -4944 42 ) 
4 352 (-1736 -4944 46 ) (-1740 -4944 46 ) (-1740 -4944 16 ) (-1736 -4944 16 ) 
4 352 (-1910 -4944 16 ) (-1910 -4896 16 ) (-1632 -4896 16 ) (-1632 -4944 16 ) 
4 352 (-1632 -4896 46 ) (-1632 -4896 16 ) (-1910 -4896 16 ) (-1910 -4896 46 ) 
4 352 (-1632 -4932 46 ) (-1632 -4944 46 ) (-1632 -4944 16 ) (-1632 -4932 16 ) 
4 353 (-1736 -4944 46 ) (-1736 -4944 16 ) (-1736 -4992 16 ) (-1736 -4992 46 ) 
4 353 (-1632 -4944 46 ) (-1632 -4992 46 ) (-1632 -4992 16 ) (-1632 -4944 16 ) 
4 353 (-1736 -4944 16 ) (-1632 -4944 16 ) (-1632 -4992 16 ) (-1736 -4992 16 ) 
4 354 (-1826 -4988 42 ) (-1826 -4988 16 ) (-1778 -4988 16 ) (-1778 -4988 42 ) 
4 354 (-1826 -4988 42 ) (-1740 -4988 42 ) (-1740 -4944 42 ) (-1826 -4944 42 ) 
4 354 (-1826 -4944 16 ) (-1740 -4944 16 ) (-1740 -4988 16 ) (-1826 -4988 16 ) 
4 354 (-1740 -4988 42 ) (-1740 -4988 16 ) (-1740 -4944 16 ) (-1740 -4944 42 ) 
4 355 (-1740 -4988 42 ) (-1740 -4992 42 ) (-1740 -4992 16 ) (-1740 -4988 16 ) 
4 355 (-1740 -4988 16 ) (-1740 -4992 16 ) (-1778 -4992 16 ) (-1778 -4988 16 ) 
4 355 (-1778 -4988 42 ) (-1778 -4992 42 ) (-1740 -4992 42 ) (-1740 -4988 42 ) 
4 355 (-1778 -4988 42 ) (-1778 -4988 16 ) (-1778 -4992 16 ) (-1778 -4992 42 ) 
4 356 (-1826 -4988 16 ) (-1826 -4988 42 ) (-1826 -4992 42 ) (-1826 -4992 16 ) 
4 356 (-1860 -4992 16 ) (-1860 -4992 42 ) (-1860 -4944 42 ) (-1860 -4944 16 ) 
4 356 (-1860 -4944 16 ) (-1826 -4944 16 ) (-1826 -4992 16 ) (-1860 -4992 16 ) 
4 356 (-1860 -4992 42 ) (-1826 -4992 42 ) (-1826 -4944 42 ) (-1860 -4944 42 ) 
4 357 (-1910 -4944 16 ) (-1910 -4992 16 ) (-1910 -4992 46 ) (-1910 -4944 46 ) 
4 357 (-1864 -4992 42 ) (-1864 -4992 16 ) (-1864 -4944 16 ) (-1864 -4944 42 ) 
4 357 (-1864 -4992 46 ) (-1864 -4992 42 ) (-1864 -4944 42 ) (-1864 -4944 46 ) 
4 357 (-1910 -4992 16 ) (-1910 -4944 16 ) (-1864 -4944 16 ) (-1864 -4992 16 ) 
4 358 (-1910 -4992 16 ) (-1910 -5120 16 ) (-1910 -5120 46 ) (-1910 -4992 46 ) 
4 358 (-1826 -4992 42 ) (-1778 -4992 42 ) (-1778 -4992 16 ) (-1826 -4992 16 ) 
4 358 (-1860 -4992 42 ) (-1860 -4992 16 ) (-1864 -4992 16 ) (-1864 -4992 42 ) 
4 358 (-1740 -4992 42 ) (-1864 -4992 42 ) (-1864 -4992 46 ) (-1740 -4992 46 ) 
4 358 (-1736 -4992 16 ) (-1740 -4992 16 ) (-1740 -4992 46 ) (-1736 -4992 46 ) 
4 358 (-1632 -4992 46 ) (-1632 -5120 46 ) (-1632 -5120 16 ) (-1632 -4992 16 ) 
4 358 (-1632 -5120 16 ) (-1910 -5120 16 ) (-1910 -4992 16 ) (-1632 -4992 16 ) 
4 359 (-2034 -4928 91 ) (-2034 -4926 91 ) (-1962 -4926 91 ) (-1962 -4928 91 ) 
4 359 (-1916 -5120 168 ) (-1916 -5120 91 ) (-1916 -4672 91 ) (-1916 -4672 168 ) 
4 359 (-2048 -4672 91 ) (-2048 -4672 168 ) (-1916 -4672 168 ) (-1916 -4672 91 ) 
4 359 (-1916 -4672 168 ) (-2048 -4672 168 ) (-2048 -5120 168 ) (-1916 -5120 168 ) 
4 360 (-2034 -4926 91 ) (-2034 -4926 16 ) (-1962 -4926 16 ) (-1962 -4926 91 ) 
4 360 (-1916 -4926 91 ) (-1916 -4926 16 ) (-1916 -4672 16 ) (-1916 -4672 91 ) 
4 360 (-2034 -4672 91 ) (-1916 -4672 91 ) (-1916 -4672 16 ) (-2034 -4672 16 ) 
4 360 (-2034 -4926 16 ) (-2034 -4672 16 ) (-1916 -4672 16 ) (-1916 -4926 16 ) 
4 361 (-1962 -4926 91 ) (-1962 -4926 16 ) (-1962 -4928 16 ) (-1962 -4928 91 ) 
4 361 (-1916 -5120 16 ) (-1962 -5120 16 ) (-1962 -4926 16 ) (-1916 -4926 16 ) 
4 361 (-1916 -4926 91 ) (-1916 -5120 91 ) (-1916 -5120 16 ) (-1916 -4926 16 ) 
4 362 (-1962 -5120 16 ) (-2034 -5120 16 ) (-2034 -4928 16 ) (-1962 -4928 16 ) 
4 362 (-1962 -4928 91 ) (-1962 -4928 16 ) (-2034 -4928 16 ) (-2034 -4928 91 ) 
4 363 (-2034 -4928 16 ) (-2034 -4926 16 ) (-2034 -4926 91 ) (-2034 -4928 91 ) 
4 363 (-2034 -5120 16 ) (-2048 -5120 16 ) (-2048 -4672 16 ) (-2034 -4672 16 ) 
4 363 (-2048 -4672 91 ) (-2034 -4672 91 ) (-2034 -4672 16 ) (-2048 -4672 16 ) 
4 364 (-1168 -4096 -32 ) (-1168 -5120 -32 ) (-1168 -5120 -16 ) (-1168 -4096 -16 ) 
4 364 (-1024 -4096 -16 ) (-1168 -4096 -16 ) (-1168 -5120 -16 ) (-1024 -5120 -16 ) 
4 365 (-1184 -4096 -32 ) (-1184 -5120 -32 ) (-1184 -5120 -16 ) (-1184 -4096 -16 ) 
4 365 (-1172 -4096 -16 ) (-1172 -5120 -16 ) (-1172 -5120 -32 ) (-1172 -4096 -32 ) 
4 365 (-1172 -5120 -16 ) (-1172 -4096 -16 ) (-1184 -4096 -16 ) (-1184 -5120 -16 ) 
4 366 (-1184 -5120 -96 ) (-1184 -5120 -32 ) (-1184 -4096 -32 ) (-1184 -4096 -96 ) 
4 366 (-1168 -4096 -32 ) (-1172 -4096 -32 ) (-1172 -5120 -32 ) (-1168 -5120 -32 ) 
4 366 (-1024 -5120 -96 ) (-1184 -5120 -96 ) (-1184 -4096 -96 ) (-1024 -4096 -96 ) 
4 367 (-1168 -5120 528 ) (-1168 -5120 212 ) (-1168 -6104 212 ) (-1168 -6104 528 ) 
4 367 (-1168 -6104 212 ) (-1168 -6144 212 ) (-1168 -6144 528 ) (-1168 -6104 528 ) 
4 367 (-1097.534546 -6043.068359 212 ) (-1097.380005 -6020.783203 212 ) (-1068.929199 -6020.980469 212 ) (-1069.083740 -6043.265625 212 ) 
4 367 (-1097.431519 -6028.211914 212 ) (-1097.508789 -6039.354004 212 ) (-1160.733032 -6038.915527 212 ) (-1160.655762 -6027.773438 212 ) 
4 367 (-1024 -5120 528 ) (-1168 -5120 528 ) (-1168 -6144 528 ) (-1024 -6144 528 ) 
4 368 (-1168 -6038.865234 195.829773 ) (-1168 -6104 195.829773 ) (-1168 -6104 212 ) (-1168 -6038.865234 212 ) 
4 368 (-1168 -6104 195.829773 ) (-1168 -6144 195.829773 ) (-1168 -6144 212 ) (-1168 -6104 212 ) 
4 368 (-1097.508789 -6039.354004 203.914886 ) (-1097.508911 -6039.354004 212 ) (-1097.534668 -6043.068359 212 ) (-1097.534546 -6043.068359 203.914886 ) 
4 368 (-1097.509766 -6039.353516 212 ) (-1097.509766 -6039.353516 203.914780 ) (-1163.894287 -6038.893066 195.829773 ) (-1160.733032 -6038.915039 212 ) 
4 369 (-1168 -5120 212 ) (-1168 -5120 195.829773 ) (-1168 -6038.865234 195.829773 ) (-1168 -6038.865234 212 ) 
4 369 (-1160.734497 -6038.920410 212 ) (-1163.895752 -6038.898438 195.829773 ) (-1163.818481 -6027.751465 195.829773 ) (-1160.657227 -6027.773438 212 ) 
4 370 (-1151.249512 -6038.981445 195.829773 ) (-1163.894287 -6038.893555 195.829773 ) (-1163.817017 -6027.751465 195.829773 ) (-1151.172241 -6027.839355 195.829773 ) 
4 370 (-1163.816772 -6027.751465 195.829727 ) (-1163.894043 -6038.892578 195.829727 ) (-1097.508911 -6039.353027 203.914780 ) (-1097.431641 -6028.211914 203.914780 ) 
4 371 (-1097.380127 -6020.782715 212 ) (-1097.431641 -6028.211914 212 ) (-1097.431519 -6028.211914 203.914886 ) (-1097.380005 -6020.782715 203.914886 ) 
5 371 (-1160.654663 -6027.772461 212 ) (-1163.815918 -6027.750488 195.829773 ) (-1163.779907 -6027.750977 195.829773 ) (-1097.431519 -6028.210938 203.910355 ) (-1097.431519 -6028.210938 212 ) 
4 372 (-1097.373047 -6020.782715 212 ) (-1097.373047 -6020.782715 203.914886 ) (-1068.929199 -6020.979980 203.914886 ) (-1068.929199 -6020.979980 212 ) 
4 373 (-1069.083740 -6043.265137 203.914886 ) (-1097.529297 -6043.067871 203.914886 ) (-1097.529297 -6043.067871 212 ) (-1069.083740 -6043.265137 212 ) 
4 374 (-1068.929077 -6020.983398 212 ) (-1068.929077 -6020.983398 203.914886 ) (-1069.083618 -6043.264648 203.914886 ) (-1069.083618 -6043.264648 212 ) 
4 375 (-1069.083740 -6043.265625 203.914886 ) (-1068.929199 -6020.980469 203.914886 ) (-1097.379639 -6020.783203 203.914886 ) (-1097.534180 -6043.068359 203.914886 ) 
4 376 (-1168 -6062 30.085108 ) (-1168 -6104 30.085108 ) (-1168 -6104 134 ) (-1168 -6062 134 ) 
4 376 (-1168 -5913 30.085108 ) (-1168 -6062 30.085108 ) (-1168 -6062 108 ) (-1168 -5913 108 ) 
4 376 (-1168 -5913 63 ) (-1168 -5913 67 ) (-1168 -5897 67 ) (-1168 -5897 63 ) 
4 376 (-1168 -5913 83 ) (-1168 -5913 85 ) (-1168 -5897 85 ) (-1168 -5897 83 ) 
4 376 (-1168 -5897 30.085108 ) (-1168 -5913 30.085108 ) (-1168 -5913 47 ) (-1168 -5897 47 ) 
4 376 (-1168 -5913 107 ) (-1168 -5913 108 ) (-1168 -5897 108 ) (-1168 -5897 107 ) 
4 376 (-1168 -5892 30.085108 ) (-1168 -5897 30.085108 ) (-1168 -5897 108 ) (-1168 -5892 108 ) 
4 376 (-1168 -6062 108 ) (-1168 -6062 111 ) (-1168 -5913 111 ) (-1168 -5913 108 ) 
4 376 (-1168 -5897 111 ) (-1168 -5892 111 ) (-1168 -5892 108 ) (-1168 -5897 108 ) 
4 376 (-1168 -5892 111 ) (-1168 -5850 111 ) (-1168 -5850 108 ) (-1168 -5892 108 ) 
4 376 (-1168 -5913 111 ) (-1168 -5897 111 ) (-1168 -5897 108 ) (-1168 -5913 108 ) 
4 376 (-1168 -6062 111 ) (-1168 -6062 134 ) (-1168 -5913 134 ) (-1168 -5913 111 ) 
4 376 (-1168 -5872 134 ) (-1168 -5869 134 ) (-1168 -5869 111 ) (-1168 -5872 111 ) 
4 376 (-1168 -5897 134 ) (-1168 -5892 134 ) (-1168 -5892 111 ) (-1168 -5897 111 ) 
4 376 (-1168 -5845 63 ) (-1168 -5845 67 ) (-1168 -5829 67 ) (-1168 -5829 63 ) 
4 376 (-1168 -5845 83 ) (-1168 -5845 85 ) (-1168 -5829 85 ) (-1168 -5829 83 ) 
4 376 (-1168 -5845 107 ) (-1168 -5845 111 ) (-1168 -5829 111 ) (-1168 -5829 107 ) 
4 376 (-1168 -5829 30.085108 ) (-1168 -5845 30.085108 ) (-1168 -5845 47 ) (-1168 -5829 47 ) 
4 376 (-1168 -5845 30.085108 ) (-1168 -5850 30.085108 ) (-1168 -5850 134 ) (-1168 -5845 134 ) 
4 376 (-1168 -5120 134 ) (-1168 -5120 30.085108 ) (-1168 -5829 30.085108 ) (-1168 -5829 134 ) 
4 376 (-1168 -5120 195.829773 ) (-1168 -5120 134 ) (-1168 -6104 134 ) (-1168 -6104 195.829773 ) 
4 376 (-1168 -6104 30.085108 ) (-1168 -6144 30.085108 ) (-1168 -6144 195.829773 ) (-1168 -6104 195.829773 ) 
4 376 (-1167.107056 -6046.300293 30.085108 ) (-1166.926758 -6020.300293 30.085108 ) (-1163.765381 -6020.322266 30.085108 ) (-1163.945679 -6046.322266 30.085108 ) 
4 376 (-1163.894287 -6038.893555 30.085108 ) (-1163.817017 -6027.751465 30.085108 ) (-1163.817017 -6027.751465 195.829773 ) (-1163.894287 -6038.893555 195.829773 ) 
4 377 (-1163.945679 -6046.322266 30.085108 ) (-1163.894165 -6038.893555 30.085108 ) (-1132.282349 -6039.112793 30.085108 ) (-1132.333862 -6046.541504 30.085108 ) 
4 377 (-1151.249512 -6038.980957 30.085108 ) (-1163.890991 -6038.893066 30.085108 ) (-1163.890991 -6038.893066 195.829773 ) (-1151.249512 -6038.980957 195.829773 ) 
4 378 (-1163.816895 -6027.751465 30.085108 ) (-1163.765381 -6020.322266 30.085108 ) (-1132.153442 -6020.541504 30.085108 ) (-1132.204956 -6027.970703 30.085108 ) 
4 378 (-1163.812866 -6027.750488 195.829773 ) (-1163.812866 -6027.750488 30.085108 ) (-1151.172119 -6027.838379 30.085108 ) (-1151.172119 -6027.838379 195.829773 ) 
4 379 (-1151.172119 -6027.839355 30.085108 ) (-1132.204956 -6027.970703 30.085108 ) (-1132.282349 -6039.112793 30.085108 ) (-1151.249512 -6038.981445 30.085108 ) 
4 379 (-1151.172119 -6027.834961 195.829773 ) (-1151.172119 -6027.834961 30.085108 ) (-1151.249390 -6038.979004 30.085108 ) (-1151.249390 -6038.979004 195.829773 ) 
4 380 (-1168 -6062 22 ) (-1168 -6104 22 ) (-1168 -6104 30.085108 ) (-1168 -6062 30.085108 ) 
4 380 (-1168 -5913 22 ) (-1168 -6062 22 ) (-1168 -6062 30.085108 ) (-1168 -5913 30.085108 ) 
4 380 (-1168 -5897 22 ) (-1168 -5913 22 ) (-1168 -5913 30.085108 ) (-1168 -5897 30.085108 ) 
4 380 (-1168 -5892 22 ) (-1168 -5897 22 ) (-1168 -5897 30.085108 ) (-1168 -5892 30.085108 ) 
4 380 (-1168 -5829 22 ) (-1168 -5845 22 ) (-1168 -5845 30.085108 ) (-1168 -5829 30.085108 ) 
4 380 (-1168 -5845 22 ) (-1168 -5850 22 ) (-1168 -5850 30.085108 ) (-1168 -5845 30.085108 ) 
4 380 (-1168 -5120 30.085108 ) (-1168 -5120 22 ) (-1168 -5829 22 ) (-1168 -5829 30.085108 ) 
4 380 (-1168 -6104 22 ) (-1168 -6144 22 ) (-1168 -6144 30.085108 ) (-1168 -6104 30.085108 ) 
4 380 (-1167.107056 -6046.300293 22 ) (-1166.926758 -6020.300293 22 ) (-1166.926758 -6020.300293 30.085108 ) (-1167.107056 -6046.300293 30.085108 ) 
4 381 (-1132.333740 -6046.540527 22 ) (-1167.113525 -6046.299316 22 ) (-1167.113525 -6046.299316 30.085108 ) (-1132.333740 -6046.540527 30.085108 ) 
4 382 (-1166.922119 -6020.300781 30.085108 ) (-1166.922119 -6020.300781 22 ) (-1132.153442 -6020.541992 22 ) (-1132.153442 -6020.541992 30.085108 ) 
4 383 (-1132.153320 -6020.538574 30.085108 ) (-1132.153320 -6020.538574 22 ) (-1132.333618 -6046.538086 22 ) (-1132.333618 -6046.538086 30.085108 ) 
4 384 (-1168 -6062 20 ) (-1168 -6104 20 ) (-1168 -6104 22 ) (-1168 -6062 22 ) 
4 384 (-1168 -5913 20 ) (-1168 -6062 20 ) (-1168 -6062 22 ) (-1168 -5913 22 ) 
4 384 (-1168 -5897 20 ) (-1168 -5913 20 ) (-1168 -5913 22 ) (-1168 -5897 22 ) 
4 384 (-1168 -5892 20 ) (-1168 -5897 20 ) (-1168 -5897 22 ) (-1168 -5892 22 ) 
4 384 (-1168 -5829 20 ) (-1168 -5845 20 ) (-1168 -5845 22 ) (-1168 -5829 22 ) 
4 384 (-1168 -5845 20 ) (-1168 -5850 20 ) (-1168 -5850 22 ) (-1168 -5845 22 ) 
4 384 (-1168 -5120 22 ) (-1168 -5120 20 ) (-1168 -5829 20 ) (-1168 -5829 22 ) 
4 384 (-1168 -6104 20 ) (-1168 -6144 20 ) (-1168 -6144 22 ) (-1168 -6104 22 ) 
4 384 (-1024 -6144 20 ) (-1168 -6144 20 ) (-1168 -5120 20 ) (-1024 -5120 20 ) 
4 384 (-1132.333740 -6046.541504 22 ) (-1132.153442 -6020.541504 22 ) (-1166.926758 -6020.300293 22 ) (-1167.107056 -6046.300293 22 ) 
4 385 (-1167 -5801.932129 0 ) (-1167 -5984 0 ) (-1167 -5984 16 ) (-1167 -5801.932129 16 ) 
4 385 (-1092 -5804.474609 16 ) (-1092 -5804.474609 0 ) (-1167 -5801.932129 0 ) (-1167 -5801.932129 16 ) 
4 385 (-1092 -5804.474121 16 ) (-1167 -5801.932129 16 ) (-1167 -6144 16 ) (-1092 -6144 16 ) 
4 385 (-1092 -6144 16 ) (-1092 -6144 0 ) (-1092 -5804.484375 0 ) (-1092 -5804.484375 16 ) 
4 386 (-1168 -6062 0 ) (-1168 -6104 0 ) (-1168 -6104 16 ) (-1168 -6062 16 ) 
4 386 (-1168 -5984 0 ) (-1168 -6062 0 ) (-1168 -6062 16 ) (-1168 -5984 16 ) 
4 386 (-1168 -6104 0 ) (-1168 -6144 0 ) (-1168 -6144 16 ) (-1168 -6104 16 ) 
4 386 (-1167 -5984 16 ) (-1168 -5984 16 ) (-1168 -6144 16 ) (-1167 -6144 16 ) 
4 386 (-1168 -5984 0 ) (-1168 -5984 16 ) (-1167 -5984 16 ) (-1167 -5984 0 ) 
4 387 (-1172 -5712 170 ) (-1172 -6062 170 ) (-1172 -6062 432 ) (-1172 -5712 432 ) 
4 387 (-1170 -6062 170 ) (-1172 -6062 170 ) (-1172 -5728 170 ) (-1170 -5728 170 ) 
4 387 (-1172 -5712 432 ) (-1172 -6062 432 ) (-1170 -6062 432 ) (-1170 -5712 432 ) 
4 387 (-1170 -5712 170 ) (-1170 -5712 432 ) (-1170 -6062 432 ) (-1170 -6062 170 ) 
4 387 (-1172 -5712 432 ) (-1170 -5712 432 ) (-1170 -5712 170 ) (-1172 -5712 170 ) 
4 388 (-1172 -5728 160 ) (-1172 -5728 170 ) (-1172 -5712 170 ) (-1172 -5712 160 ) 
4 388 (-1170 -5728 160 ) (-1170 -5728 170 ) (-1172 -5728 170 ) (-1172 -5728 160 ) 
4 388 (-1170 -5712 160 ) (-1170 -5712 170 ) (-1170 -5728 170 ) (-1170 -5728 160 ) 
4 388 (-1172 -5712 160 ) (-1172 -5712 170 ) (-1170 -5712 170 ) (-1170 -5712 160 ) 
4 388 (-1170 -5728 160 ) (-1172 -5728 160 ) (-1172 -5712 160 ) (-1170 -5712 160 ) 
4 389 (-1172 -6062 134 ) (-1172 -6104 134 ) (-1172 -6104 138 ) (-1172 -6062 138 ) 
4 389 (-1172 -6104 138 ) (-1172 -6104 432 ) (-1172 -6062 432 ) (-1172 -6062 138 ) 
4 389 (-1172 -6062 170 ) (-1170 -6062 170 ) (-1170 -6062 134 ) (-1172 -6062 134 ) 
4 389 (-1172 -6062 432 ) (-1172 -6104 432 ) (-1170 -6104 432 ) (-1170 -6062 432 ) 
4 389 (-1172 -6104 432 ) (-1172 -6104 134 ) (-1170 -6104 134 ) (-1170 -6104 432 ) 
4 389 (-1170 -6062 432 ) (-1170 -6104 432 ) (-1170 -6104 134 ) (-1170 -6062 134 ) 
4 390 (-1168 -5845 111 ) (-1168 -5845 134 ) (-1172 -5845 134 ) (-1172 -5845 111 ) 
4 390 (-1170 -5845 134 ) (-1170 -5829 134 ) (-1172 -5829 134 ) (-1172 -5845 134 ) 
4 390 (-1168 -5845 134 ) (-1168 -5829 134 ) (-1170 -5829 134 ) (-1170 -5845 134 ) 
4 390 (-1172 -5829 111 ) (-1172 -5829 134 ) (-1168 -5829 134 ) (-1168 -5829 111 ) 
4 390 (-1168 -5845 111 ) (-1172 -5845 111 ) (-1172 -5829 111 ) (-1168 -5829 111 ) 
4 391 (-1168 -5845 85 ) (-1168 -5845 107 ) (-1172 -5845 107 ) (-1172 -5845 85 ) 
4 391 (-1172 -5829 85 ) (-1172 -5829 107 ) (-1168 -5829 107 ) (-1168 -5829 85 ) 
4 391 (-1168 -5829 107 ) (-1172 -5829 107 ) (-1172 -5845 107 ) (-1168 -5845 107 ) 
4 391 (-1168 -5845 85 ) (-1172 -5845 85 ) (-1172 -5829 85 ) (-1168 -5829 85 ) 
4 392 (-1168 -5845 67 ) (-1172 -5845 67 ) (-1172 -5829 67 ) (-1168 -5829 67 ) 
4 392 (-1168 -5829 83 ) (-1172 -5829 83 ) (-1172 -5845 83 ) (-1168 -5845 83 ) 
4 392 (-1172 -5829 67 ) (-1172 -5829 83 ) (-1168 -5829 83 ) (-1168 -5829 67 ) 
4 392 (-1168 -5845 67 ) (-1168 -5845 83 ) (-1172 -5845 83 ) (-1172 -5845 67 ) 
4 393 (-1168 -5845 47 ) (-1172 -5845 47 ) (-1172 -5829 47 ) (-1168 -5829 47 ) 
4 393 (-1172 -5829 47 ) (-1172 -5829 63 ) (-1168 -5829 63 ) (-1168 -5829 47 ) 
4 393 (-1168 -5845 47 ) (-1168 -5845 63 ) (-1172 -5845 63 ) (-1172 -5845 47 ) 
4 393 (-1168 -5829 63 ) (-1172 -5829 63 ) (-1172 -5845 63 ) (-1168 -5845 63 ) 
4 394 (-1172 -5869 111 ) (-1172 -5850 111 ) (-1168 -5850 111 ) (-1168 -5869 111 ) 
4 394 (-1172 -5869 111 ) (-1168 -5869 111 ) (-1168 -5869 134 ) (-1172 -5869 134 ) 
4 394 (-1170 -5869 134 ) (-1170 -5850 134 ) (-1172 -5850 134 ) (-1172 -5869 134 ) 
4 394 (-1168 -5869 134 ) (-1168 -5850 134 ) (-1170 -5850 134 ) (-1170 -5869 134 ) 
4 394 (-1172 -5850 111 ) (-1172 -5850 134 ) (-1168 -5850 134 ) (-1168 -5850 111 ) 
4 395 (-1172 -5892 111 ) (-1172 -5872 111 ) (-1168 -5872 111 ) (-1168 -5892 111 ) 
4 395 (-1172 -5892 111 ) (-1168 -5892 111 ) (-1168 -5892 134 ) (-1172 -5892 134 ) 
4 395 (-1170 -5892 134 ) (-1170 -5872 134 ) (-1172 -5872 134 ) (-1172 -5892 134 ) 
4 395 (-1168 -5892 134 ) (-1168 -5872 134 ) (-1170 -5872 134 ) (-1170 -5892 134 ) 
4 395 (-1172 -5872 134 ) (-1168 -5872 134 ) (-1168 -5872 111 ) (-1172 -5872 111 ) 
4 396 (-1172 -5913 111 ) (-1172 -5897 111 ) (-1168 -5897 111 ) (-1168 -5913 111 ) 
4 396 (-1172 -5913 111 ) (-1170 -5913 111 ) (-1170 -5913 134 ) (-1172 -5913 134 ) 
4 396 (-1170 -5913 111 ) (-1168 -5913 111 ) (-1168 -5913 134 ) (-1170 -5913 134 ) 
4 396 (-1172 -5897 134 ) (-1168 -5897 134 ) (-1168 -5897 111 ) (-1172 -5897 111 ) 
4 396 (-1168 -5913 134 ) (-1168 -5897 134 ) (-1170 -5897 134 ) (-1170 -5913 134 ) 
4 396 (-1170 -5913 134 ) (-1170 -5897 134 ) (-1172 -5897 134 ) (-1172 -5913 134 ) 
4 397 (-1172 -5892 16 ) (-1172 -5850 16 ) (-1170 -5850 16 ) (-1170 -5892 16 ) 
4 397 (-1170 -5850 16 ) (-1168 -5850 16 ) (-1168 -5892 16 ) (-1170 -5892 16 ) 
4 397 (-1168 -5892 108 ) (-1168 -5850 108 ) (-1172 -5850 108 ) (-1172 -5892 108 ) 
4 397 (-1168 -5850 20 ) (-1168 -5892 20 ) (-1168 -5892 16 ) (-1168 -5850 16 ) 
4 397 (-1172 -5850 108 ) (-1168 -5850 108 ) (-1168 -5850 16 ) (-1172 -5850 16 ) 
4 397 (-1172 -5892 16 ) (-1168 -5892 16 ) (-1168 -5892 108 ) (-1172 -5892 108 ) 
4 398 (-1170 -5913 107 ) (-1172 -5913 107 ) (-1172 -5913 85 ) (-1170 -5913 85 ) 
4 398 (-1168 -5913 85 ) (-1168 -5913 107 ) (-1170 -5913 107 ) (-1170 -5913 85 ) 
4 398 (-1168 -5897 107 ) (-1172 -5897 107 ) (-1172 -5913 107 ) (-1168 -5913 107 ) 
4 398 (-1172 -5897 85 ) (-1172 -5897 107 ) (-1168 -5897 107 ) (-1168 -5897 85 ) 
4 398 (-1168 -5913 85 ) (-1172 -5913 85 ) (-1172 -5897 85 ) (-1168 -5897 85 ) 
4 399 (-1170 -5913 83 ) (-1172 -5913 83 ) (-1172 -5913 67 ) (-1170 -5913 67 ) 
4 399 (-1168 -5913 67 ) (-1168 -5913 83 ) (-1170 -5913 83 ) (-1170 -5913 67 ) 
4 399 (-1168 -5913 67 ) (-1172 -5913 67 ) (-1172 -5897 67 ) (-1168 -5897 67 ) 
4 399 (-1172 -5897 67 ) (-1172 -5897 83 ) (-1168 -5897 83 ) (-1168 -5897 67 ) 
4 399 (-1168 -5897 83 ) (-1172 -5897 83 ) (-1172 -5913 83 ) (-1168 -5913 83 ) 
4 400 (-1170 -5913 63 ) (-1172 -5913 63 ) (-1172 -5913 47 ) (-1170 -5913 47 ) 
4 400 (-1168 -5913 47 ) (-1168 -5913 63 ) (-1170 -5913 63 ) (-1170 -5913 47 ) 
4 400 (-1168 -5913 47 ) (-1172 -5913 47 ) (-1172 -5897 47 ) (-1168 -5897 47 ) 
4 400 (-1172 -5897 47 ) (-1172 -5897 63 ) (-1168 -5897 63 ) (-1168 -5897 47 ) 
4 400 (-1168 -5897 63 ) (-1172 -5897 63 ) (-1172 -5913 63 ) (-1168 -5913 63 ) 
4 401 (-1172 -5984 0 ) (-1172 -6062 0 ) (-1172 -6062 16 ) (-1172 -5984 16 ) 
4 401 (-1170 -5984 16 ) (-1172 -5984 16 ) (-1172 -6062 16 ) (-1170 -6062 16 ) 
4 401 (-1170 -5984 0 ) (-1172 -5984 0 ) (-1172 -5984 16 ) (-1170 -5984 16 ) 
4 401 (-1170 -6062 16 ) (-1170 -6062 0 ) (-1170 -5984 0 ) (-1170 -5984 16 ) 
4 402 (-1172 -6062 0 ) (-1172 -6104 0 ) (-1172 -6104 134 ) (-1172 -6062 134 ) 
4 402 (-1170 -6104 134 ) (-1172 -6104 134 ) (-1172 -6104 0 ) (-1170 -6104 0 ) 
4 402 (-1170 -6062 111 ) (-1172 -6062 111 ) (-1172 -6062 134 ) (-1170 -6062 134 ) 
4 402 (-1170 -6062 108 ) (-1172 -6062 108 ) (-1172 -6062 111 ) (-1170 -6062 111 ) 
4 402 (-1170 -6062 16 ) (-1172 -6062 16 ) (-1172 -6062 108 ) (-1170 -6062 108 ) 
4 402 (-1170 -6104 134 ) (-1170 -6104 0 ) (-1170 -6062 0 ) (-1170 -6062 134 ) 
4 403 (-1176 -5920 138 ) (-1176 -5824 138 ) (-1174 -5824 138 ) (-1174 -5920 138 ) 
4 403 (-1176 -5792 168 ) (-1174 -5792 168 ) (-1174 -5792 138 ) (-1176 -5792 138 ) 
4 403 (-1174 -5792 168 ) (-1174 -5952 168 ) (-1174 -5952 138 ) (-1174 -5792 138 ) 
4 403 (-1174 -5952 168 ) (-1174 -5792 168 ) (-1176 -5792 168 ) (-1176 -5952 168 ) 
4 403 (-1176 -5952 138 ) (-1174 -5952 138 ) (-1174 -5952 168 ) (-1176 -5952 168 ) 
4 404 (-1174 -5824 138 ) (-1174 -5824 134 ) (-1174 -5792 134 ) (-1174 -5792 138 ) 
4 404 (-1174 -5792 134 ) (-1176 -5792 134 ) (-1176 -5792 138 ) (-1174 -5792 138 ) 
4 404 (-1176 -5824 134 ) (-1174 -5824 134 ) (-1174 -5824 138 ) (-1176 -5824 138 ) 
4 405 (-1174 -5792 134 ) (-1174 -5824 134 ) (-1174 -5824 16 ) (-1174 -5792 16 ) 
4 405 (-1176 -5824 16 ) (-1176 -5792 16 ) (-1174 -5792 16 ) (-1174 -5824 16 ) 
4 405 (-1174 -5792 16 ) (-1176 -5792 16 ) (-1176 -5792 134 ) (-1174 -5792 134 ) 
4 405 (-1176 -5824 16 ) (-1174 -5824 16 ) (-1174 -5824 134 ) (-1176 -5824 134 ) 
4 406 (-1176 -5845 111 ) (-1176 -5829 111 ) (-1172 -5829 111 ) (-1172 -5845 111 ) 
4 406 (-1176 -5829 111 ) (-1176 -5829 134 ) (-1174 -5829 134 ) (-1174 -5829 111 ) 
4 406 (-1174 -5829 111 ) (-1174 -5829 134 ) (-1172 -5829 134 ) (-1172 -5829 111 ) 
4 406 (-1172 -5845 134 ) (-1172 -5829 134 ) (-1174 -5829 134 ) (-1174 -5845 134 ) 
4 406 (-1174 -5845 134 ) (-1174 -5829 134 ) (-1176 -5829 134 ) (-1176 -5845 134 ) 
4 406 (-1176 -5845 111 ) (-1172 -5845 111 ) (-1172 -5845 134 ) (-1176 -5845 134 ) 
4 407 (-1176 -5869 111 ) (-1176 -5850 111 ) (-1172 -5850 111 ) (-1172 -5869 111 ) 
4 407 (-1176 -5869 111 ) (-1172 -5869 111 ) (-1172 -5869 134 ) (-1176 -5869 134 ) 
4 407 (-1176 -5850 134 ) (-1172 -5850 134 ) (-1172 -5850 111 ) (-1176 -5850 111 ) 
4 407 (-1174 -5869 134 ) (-1174 -5850 134 ) (-1176 -5850 134 ) (-1176 -5869 134 ) 
4 407 (-1172 -5869 134 ) (-1172 -5850 134 ) (-1174 -5850 134 ) (-1174 -5869 134 ) 
4 408 (-1176 -5892 111 ) (-1176 -5872 111 ) (-1172 -5872 111 ) (-1172 -5892 111 ) 
4 408 (-1176 -5892 111 ) (-1172 -5892 111 ) (-1172 -5892 134 ) (-1176 -5892 134 ) 
4 408 (-1172 -5892 134 ) (-1172 -5872 134 ) (-1174 -5872 134 ) (-1174 -5892 134 ) 
4 408 (-1174 -5892 134 ) (-1174 -5872 134 ) (-1176 -5872 134 ) (-1176 -5892 134 ) 
4 408 (-1176 -5872 134 ) (-1172 -5872 134 ) (-1172 -5872 111 ) (-1176 -5872 111 ) 
4 409 (-1176 -5913 111 ) (-1176 -5897 111 ) (-1172 -5897 111 ) (-1172 -5913 111 ) 
4 409 (-1176 -5897 134 ) (-1172 -5897 134 ) (-1172 -5897 111 ) (-1176 -5897 111 ) 
4 409 (-1176 -5913 111 ) (-1172 -5913 111 ) (-1172 -5913 134 ) (-1176 -5913 134 ) 
4 409 (-1174 -5913 134 ) (-1174 -5897 134 ) (-1176 -5897 134 ) (-1176 -5913 134 ) 
4 409 (-1172 -5913 134 ) (-1172 -5897 134 ) (-1174 -5897 134 ) (-1174 -5913 134 ) 
4 410 (-1172 -5845 85 ) (-1172 -5845 107 ) (-1176 -5845 107 ) (-1176 -5845 85 ) 
4 410 (-1172 -5829 107 ) (-1176 -5829 107 ) (-1176 -5845 107 ) (-1172 -5845 107 ) 
4 410 (-1176 -5829 85 ) (-1176 -5829 107 ) (-1174 -5829 107 ) (-1174 -5829 85 ) 
4 410 (-1174 -5829 85 ) (-1174 -5829 107 ) (-1172 -5829 107 ) (-1172 -5829 85 ) 
4 410 (-1172 -5845 85 ) (-1176 -5845 85 ) (-1176 -5829 85 ) (-1172 -5829 85 ) 
4 411 (-1172 -5845 67 ) (-1172 -5845 83 ) (-1176 -5845 83 ) (-1176 -5845 67 ) 
4 411 (-1172 -5845 67 ) (-1176 -5845 67 ) (-1176 -5829 67 ) (-1172 -5829 67 ) 
4 411 (-1176 -5829 67 ) (-1176 -5829 83 ) (-1174 -5829 83 ) (-1174 -5829 67 ) 
4 411 (-1174 -5829 67 ) (-1174 -5829 83 ) (-1172 -5829 83 ) (-1172 -5829 67 ) 
4 411 (-1172 -5829 83 ) (-1176 -5829 83 ) (-1176 -5845 83 ) (-1172 -5845 83 ) 
4 412 (-1172 -5845 47 ) (-1172 -5845 63 ) (-1176 -5845 63 ) (-1176 -5845 47 ) 
4 412 (-1172 -5845 47 ) (-1176 -5845 47 ) (-1176 -5829 47 ) (-1172 -5829 47 ) 
4 412 (-1174 -5829 47 ) (-1174 -5829 63 ) (-1172 -5829 63 ) (-1172 -5829 47 ) 
4 412 (-1176 -5829 47 ) (-1176 -5829 63 ) (-1174 -5829 63 ) (-1174 -5829 47 ) 
4 412 (-1172 -5829 63 ) (-1176 -5829 63 ) (-1176 -5845 63 ) (-1172 -5845 63 ) 
4 413 (-1176 -5892 16 ) (-1172 -5892 16 ) (-1172 -5892 108 ) (-1176 -5892 108 ) 
4 413 (-1172 -5892 108 ) (-1172 -5850 108 ) (-1176 -5850 108 ) (-1176 -5892 108 ) 
4 413 (-1176 -5892 16 ) (-1176 -5850 16 ) (-1172 -5850 16 ) (-1172 -5892 16 ) 
4 413 (-1176 -5850 108 ) (-1172 -5850 108 ) (-1172 -5850 16 ) (-1176 -5850 16 ) 
4 414 (-1172 -5897 107 ) (-1176 -5897 107 ) (-1176 -5913 107 ) (-1172 -5913 107 ) 
4 414 (-1176 -5897 85 ) (-1176 -5897 107 ) (-1172 -5897 107 ) (-1172 -5897 85 ) 
4 414 (-1172 -5913 85 ) (-1172 -5913 107 ) (-1176 -5913 107 ) (-1176 -5913 85 ) 
4 414 (-1172 -5913 85 ) (-1176 -5913 85 ) (-1176 -5897 85 ) (-1172 -5897 85 ) 
4 415 (-1172 -5913 67 ) (-1176 -5913 67 ) (-1176 -5897 67 ) (-1172 -5897 67 ) 
4 415 (-1176 -5897 67 ) (-1176 -5897 83 ) (-1172 -5897 83 ) (-1172 -5897 67 ) 
4 415 (-1172 -5913 67 ) (-1172 -5913 83 ) (-1176 -5913 83 ) (-1176 -5913 67 ) 
4 415 (-1172 -5897 83 ) (-1176 -5897 83 ) (-1176 -5913 83 ) (-1172 -5913 83 ) 
4 416 (-1172 -5913 47 ) (-1176 -5913 47 ) (-1176 -5897 47 ) (-1172 -5897 47 ) 
4 416 (-1172 -5913 47 ) (-1172 -5913 63 ) (-1176 -5913 63 ) (-1176 -5913 47 ) 
4 416 (-1176 -5897 47 ) (-1176 -5897 63 ) (-1172 -5897 63 ) (-1172 -5897 47 ) 
4 416 (-1172 -5897 63 ) (-1176 -5897 63 ) (-1176 -5913 63 ) (-1172 -5913 63 ) 
4 417 (-1174 -5952 138 ) (-1176 -5952 138 ) (-1176 -5952 16 ) (-1174 -5952 16 ) 
4 417 (-1174 -5952 16 ) (-1176 -5952 16 ) (-1176 -5920 16 ) (-1174 -5920 16 ) 
4 417 (-1174 -5920 134 ) (-1176 -5920 134 ) (-1176 -5920 138 ) (-1174 -5920 138 ) 
4 417 (-1174 -5920 111 ) (-1176 -5920 111 ) (-1176 -5920 134 ) (-1174 -5920 134 ) 
4 417 (-1174 -5920 108 ) (-1176 -5920 108 ) (-1176 -5920 111 ) (-1174 -5920 111 ) 
4 417 (-1176 -5920 108 ) (-1174 -5920 108 ) (-1174 -5920 16 ) (-1176 -5920 16 ) 
4 417 (-1174 -5952 138 ) (-1174 -5952 16 ) (-1174 -5920 16 ) (-1174 -5920 138 ) 
4 418 (-1907 -5231 89 ) (-1907 -5231 94 ) (-1907 -5223 94 ) (-1907 -5223 89 ) 
4 418 (-1907 -5218 16 ) (-1907 -5223 16 ) (-1907 -5223 89 ) (-1907 -5218 89 ) 
4 418 (-1907 -5223 89 ) (-1907 -5223 94 ) (-1907 -5218 94 ) (-1907 -5218 89 ) 
4 418 (-1907 -5218 89 ) (-1907 -5218 94 ) (-1907 -5181 94 ) (-1907 -5181 89 ) 
4 418 (-1907 -5176 16 ) (-1907 -5181 16 ) (-1907 -5181 89 ) (-1907 -5176 89 ) 
4 418 (-1907 -5181 89 ) (-1907 -5181 94 ) (-1907 -5176 94 ) (-1907 -5176 89 ) 
4 418 (-1907 -5176 89 ) (-1907 -5176 94 ) (-1907 -5169 94 ) (-1907 -5169 89 ) 
4 418 (-1632 -5120 140 ) (-1907 -5120 140 ) (-1907 -5292 140 ) (-1632 -5292 140 ) 
4 418 (-1907 -5120 16 ) (-1632 -5120 16 ) (-1632 -5292 16 ) (-1907 -5292 16 ) 
4 418 (-1632 -5120 140 ) (-1632 -5292 140 ) (-1632 -5292 16 ) (-1632 -5120 16 ) 
4 419 (-1907 -5312 96 ) (-1907 -5312 16 ) (-1776 -5312 16 ) (-1776 -5312 96 ) 
4 419 (-1712 -5312 16 ) (-1620 -5312 16 ) (-1620 -5312 96 ) (-1712 -5312 96 ) 
4 419 (-1907 -5312 140 ) (-1907 -5312 96 ) (-1620 -5312 96 ) (-1620 -5312 140 ) 
4 419 (-1620 -5292 140 ) (-1620 -5312 140 ) (-1620 -5312 16 ) (-1620 -5292 16 ) 
4 419 (-1620 -5292 16 ) (-1620 -5312 16 ) (-1907 -5312 16 ) (-1907 -5292 16 ) 
4 419 (-1632 -5292 140 ) (-1620 -5292 140 ) (-1620 -5292 16 ) (-1632 -5292 16 ) 
4 419 (-1620 -5312 140 ) (-1620 -5292 140 ) (-1907 -5292 140 ) (-1907 -5312 140 ) 
4 420 (-1908 -5312 96 ) (-1908 -5312 94 ) (-1907 -5312 94 ) (-1907 -5312 96 ) 
4 420 (-1908 -5312 140 ) (-1908 -5312 96 ) (-1907 -5312 96 ) (-1907 -5312 140 ) 
4 420 (-1907 -5223 94 ) (-1907 -5231 94 ) (-1908 -5231 94 ) (-1908 -5223 94 ) 
4 420 (-1907 -5218 94 ) (-1907 -5223 94 ) (-1908 -5223 94 ) (-1908 -5218 94 ) 
4 420 (-1907 -5181 94 ) (-1907 -5218 94 ) (-1908 -5218 94 ) (-1908 -5181 94 ) 
4 420 (-1907 -5176 94 ) (-1907 -5181 94 ) (-1908 -5181 94 ) (-1908 -5176 94 ) 
4 420 (-1907 -5169 94 ) (-1907 -5176 94 ) (-1908 -5176 94 ) (-1908 -5169 94 ) 
4 420 (-1907 -5312 140 ) (-1907 -5120 140 ) (-1908 -5120 140 ) (-1908 -5312 140 ) 
4 421 (-1910 -5312 96 ) (-1910 -5312 94 ) (-1908 -5312 94 ) (-1908 -5312 96 ) 
4 421 (-1910 -5312 140 ) (-1910 -5312 96 ) (-1908 -5312 96 ) (-1908 -5312 140 ) 
4 421 (-1908 -5312 168 ) (-1910 -5312 168 ) (-1910 -5312 140 ) (-1908 -5312 140 ) 
4 421 (-1910 -5231 94 ) (-1910 -5223 94 ) (-1908 -5223 94 ) (-1908 -5231 94 ) 
4 421 (-1910 -5223 94 ) (-1910 -5218 94 ) (-1908 -5218 94 ) (-1908 -5223 94 ) 
4 421 (-1910 -5218 94 ) (-1910 -5181 94 ) (-1908 -5181 94 ) (-1908 -5218 94 ) 
4 421 (-1910 -5181 94 ) (-1910 -5176 94 ) (-1908 -5176 94 ) (-1908 -5181 94 ) 
4 421 (-1910 -5176 94 ) (-1910 -5169 94 ) (-1908 -5169 94 ) (-1908 -5176 94 ) 
4 421 (-1910 -5120 94 ) (-1910 -5312 94 ) (-1910 -5312 168 ) (-1910 -5120 168 ) 
4 421 (-1908 -5120 140 ) (-1908 -5120 168 ) (-1908 -5312 168 ) (-1908 -5312 140 ) 
4 421 (-1910 -5312 168 ) (-1908 -5312 168 ) (-1908 -5120 168 ) (-1910 -5120 168 ) 
4 422 (-1920 -5231 94 ) (-1920 -5223 94 ) (-1916 -5223 94 ) (-1916 -5231 94 ) 
4 422 (-1920 -5223 94 ) (-1920 -5218 94 ) (-1916 -5218 94 ) (-1916 -5223 94 ) 
4 422 (-1920 -5218 94 ) (-1920 -5181 94 ) (-1916 -5181 94 ) (-1916 -5218 94 ) 
4 422 (-1920 -5181 94 ) (-1920 -5176 94 ) (-1916 -5176 94 ) (-1916 -5181 94 ) 
4 422 (-1920 -5176 94 ) (-1920 -5169 94 ) (-1916 -5169 94 ) (-1916 -5176 94 ) 
4 422 (-1916 -5312 168 ) (-1916 -5120 168 ) (-1920 -5120 168 ) (-1920 -5312 168 ) 
4 422 (-1916 -5120 168 ) (-1916 -5312 168 ) (-1916 -5312 94 ) (-1916 -5120 94 ) 
4 423 (-1907 -5169 89 ) (-1907 -5169 94 ) (-1910 -5169 94 ) (-1910 -5169 89 ) 
4 423 (-1910 -5120 16 ) (-1910 -5169 16 ) (-1910 -5169 94 ) (-1910 -5120 94 ) 
4 423 (-1910 -5120 16 ) (-1907 -5120 16 ) (-1907 -5169 16 ) (-1910 -5169 16 ) 
4 424 (-1916 -5169 94 ) (-1920 -5169 94 ) (-1920 -5169 89 ) (-1916 -5169 89 ) 
4 424 (-1920 -5169 16 ) (-1920 -5120 16 ) (-1916 -5120 16 ) (-1916 -5169 16 ) 
4 424 (-1916 -5120 94 ) (-1916 -5169 94 ) (-1916 -5169 16 ) (-1916 -5120 16 ) 
4 425 (-1907 -5176 16 ) (-1907 -5176 89 ) (-1910 -5176 89 ) (-1910 -5176 16 ) 
4 425 (-1910 -5169 89 ) (-1910 -5169 16 ) (-1910 -5176 16 ) (-1910 -5176 89 ) 
4 425 (-1910 -5169 16 ) (-1907 -5169 16 ) (-1907 -5176 16 ) (-1910 -5176 16 ) 
4 425 (-1907 -5169 89 ) (-1910 -5169 89 ) (-1910 -5176 89 ) (-1907 -5176 89 ) 
4 426 (-1920 -5176 89 ) (-1920 -5176 16 ) (-1916 -5176 16 ) (-1916 -5176 89 ) 
4 426 (-1920 -5176 16 ) (-1920 -5169 16 ) (-1916 -5169 16 ) (-1916 -5176 16 ) 
4 426 (-1920 -5176 89 ) (-1916 -5176 89 ) (-1916 -5169 89 ) (-1920 -5169 89 ) 
4 426 (-1916 -5169 16 ) (-1916 -5169 89 ) (-1916 -5176 89 ) (-1916 -5176 16 ) 
4 427 (-1907 -5218 16 ) (-1907 -5218 89 ) (-1920 -5218 89 ) (-1920 -5218 16 ) 
4 427 (-1920 -5218 16 ) (-1920 -5181 16 ) (-1907 -5181 16 ) (-1907 -5218 16 ) 
4 427 (-1920 -5181 16 ) (-1920 -5181 89 ) (-1907 -5181 89 ) (-1907 -5181 16 ) 
4 427 (-1907 -5181 89 ) (-1920 -5181 89 ) (-1920 -5218 89 ) (-1907 -5218 89 ) 
4 428 (-1910 -5223 89 ) (-1910 -5223 16 ) (-1910 -5231 16 ) (-1910 -5231 89 ) 
4 428 (-1910 -5223 16 ) (-1907 -5223 16 ) (-1907 -5231 16 ) (-1910 -5231 16 ) 
4 428 (-1910 -5223 16 ) (-1910 -5223 89 ) (-1907 -5223 89 ) (-1907 -5223 16 ) 
4 428 (-1907 -5223 89 ) (-1910 -5223 89 ) (-1910 -5231 89 ) (-1907 -5231 89 ) 
4 429 (-1910 -5312 16 ) (-1907 -5312 16 ) (-1907 -5312 94 ) (-1910 -5312 94 ) 
4 429 (-1910 -5231 16 ) (-1910 -5312 16 ) (-1910 -5312 94 ) (-1910 -5231 94 ) 
4 429 (-1907 -5231 94 ) (-1907 -5231 89 ) (-1910 -5231 89 ) (-1910 -5231 94 ) 
4 429 (-1907 -5231 16 ) (-1907 -5312 16 ) (-1910 -5312 16 ) (-1910 -5231 16 ) 
4 430 (-1916 -5223 16 ) (-1920 -5223 16 ) (-1920 -5223 89 ) (-1916 -5223 89 ) 
4 430 (-1920 -5231 16 ) (-1920 -5223 16 ) (-1916 -5223 16 ) (-1916 -5231 16 ) 
4 430 (-1916 -5231 89 ) (-1916 -5231 16 ) (-1916 -5223 16 ) (-1916 -5223 89 ) 
4 430 (-1920 -5231 89 ) (-1916 -5231 89 ) (-1916 -5223 89 ) (-1920 -5223 89 ) 
4 431 (-1920 -5312 16 ) (-1920 -5231 16 ) (-1916 -5231 16 ) (-1916 -5312 16 ) 
4 431 (-1916 -5231 89 ) (-1920 -5231 89 ) (-1920 -5231 94 ) (-1916 -5231 94 ) 
4 431 (-1916 -5312 94 ) (-1916 -5312 16 ) (-1916 -5231 16 ) (-1916 -5231 94 ) 
4 432 (-1712 -5312 16 ) (-1712 -5312 96 ) (-1712 -5320 96 ) (-1712 -5320 16 ) 
4 432 (-1712 -5312 96 ) (-1776 -5312 96 ) (-1776 -5320 96 ) (-1712 -5320 96 ) 
4 432 (-1776 -5312 16 ) (-1712 -5312 16 ) (-1712 -5320 16 ) (-1776 -5320 16 ) 
4 432 (-1776 -5320 16 ) (-1776 -5320 96 ) (-1776 -5312 96 ) (-1776 -5312 16 ) 
4 433 (-1684 -5320 16 ) (-1684 -5320 140 ) (-1684 -5471 140 ) (-1684 -5471 16 ) 
4 433 (-1796 -5471 16 ) (-1684 -5471 16 ) (-1684 -5471 140 ) (-1796 -5471 140 ) 
4 433 (-1796 -5320 96 ) (-1776 -5320 96 ) (-1776 -5320 16 ) (-1796 -5320 16 ) 
4 433 (-1712 -5320 96 ) (-1684 -5320 96 ) (-1684 -5320 16 ) (-1712 -5320 16 ) 
4 433 (-1796 -5320 140 ) (-1684 -5320 140 ) (-1684 -5320 96 ) (-1796 -5320 96 ) 
4 433 (-1684 -5471 16 ) (-1796 -5471 16 ) (-1796 -5320 16 ) (-1684 -5320 16 ) 
4 433 (-1684 -5320 140 ) (-1796 -5320 140 ) (-1796 -5471 140 ) (-1684 -5471 140 ) 
4 433 (-1796 -5471 16 ) (-1796 -5471 140 ) (-1796 -5320 140 ) (-1796 -5320 16 ) 
4 434 (-1916 -5320 140 ) (-1916 -5471 140 ) (-1916 -5471 16 ) (-1916 -5320 16 ) 
4 434 (-1916 -5320 140 ) (-1916 -5320 168 ) (-1916 -5471 168 ) (-1916 -5471 140 ) 
4 434 (-1916 -5471 168 ) (-1916 -5792 168 ) (-1916 -5792 16 ) (-1916 -5471 16 ) 
4 434 (-1916 -5320 96 ) (-1916 -5320 16 ) (-1916 -5312 16 ) (-1916 -5312 96 ) 
4 434 (-1916 -5320 140 ) (-1916 -5320 96 ) (-1916 -5312 96 ) (-1916 -5312 140 ) 
4 434 (-1916 -5320 168 ) (-1916 -5320 140 ) (-1916 -5312 140 ) (-1916 -5312 168 ) 
4 434 (-1916 -5792 168 ) (-1916 -5312 168 ) (-1920 -5312 168 ) (-1920 -5792 168 ) 
4 434 (-1920 -5792 16 ) (-1920 -5312 16 ) (-1916 -5312 16 ) (-1916 -5792 16 ) 
4 435 (-1920 -5952 16 ) (-1176 -5952 16 ) (-1176 -5952 168 ) (-1920 -5952 168 ) 
4 435 (-1176 -5792 16 ) (-1916 -5792 16 ) (-1916 -5792 168 ) (-1176 -5792 168 ) 
4 435 (-1176 -5792 168 ) (-1920 -5792 168 ) (-1920 -5952 168 ) (-1176 -5952 168 ) 
4 435 (-1176 -5952 16 ) (-1920 -5952 16 ) (-1920 -5792 16 ) (-1176 -5792 16 ) 
4 435 (-1176 -5920 134 ) (-1176 -5824 134 ) (-1176 -5824 138 ) (-1176 -5920 138 ) 
4 435 (-1176 -5824 134 ) (-1176 -5829 134 ) (-1176 -5829 16 ) (-1176 -5824 16 ) 
4 435 (-1176 -5913 111 ) (-1176 -5913 134 ) (-1176 -5920 134 ) (-1176 -5920 111 ) 
4 435 (-1176 -5850 111 ) (-1176 -5845 111 ) (-1176 -5845 134 ) (-1176 -5850 134 ) 
4 435 (-1176 -5897 111 ) (-1176 -5892 111 ) (-1176 -5892 134 ) (-1176 -5897 134 ) 
4 435 (-1176 -5872 111 ) (-1176 -5869 111 ) (-1176 -5869 134 ) (-1176 -5872 134 ) 
4 435 (-1176 -5845 108 ) (-1176 -5829 108 ) (-1176 -5829 111 ) (-1176 -5845 111 ) 
4 435 (-1176 -5897 108 ) (-1176 -5892 108 ) (-1176 -5892 111 ) (-1176 -5897 111 ) 
4 435 (-1176 -5850 108 ) (-1176 -5845 108 ) (-1176 -5845 111 ) (-1176 -5850 111 ) 
4 435 (-1176 -5892 108 ) (-1176 -5850 108 ) (-1176 -5850 111 ) (-1176 -5892 111 ) 
4 435 (-1176 -5913 108 ) (-1176 -5897 108 ) (-1176 -5897 111 ) (-1176 -5913 111 ) 
4 435 (-1176 -5913 108 ) (-1176 -5913 111 ) (-1176 -5920 111 ) (-1176 -5920 108 ) 
4 435 (-1176 -5829 107 ) (-1176 -5829 108 ) (-1176 -5845 108 ) (-1176 -5845 107 ) 
4 435 (-1176 -5829 47 ) (-1176 -5845 47 ) (-1176 -5845 16 ) (-1176 -5829 16 ) 
4 435 (-1176 -5829 83 ) (-1176 -5829 85 ) (-1176 -5845 85 ) (-1176 -5845 83 ) 
4 435 (-1176 -5829 63 ) (-1176 -5829 67 ) (-1176 -5845 67 ) (-1176 -5845 63 ) 
4 435 (-1176 -5892 108 ) (-1176 -5897 108 ) (-1176 -5897 16 ) (-1176 -5892 16 ) 
4 435 (-1176 -5845 108 ) (-1176 -5850 108 ) (-1176 -5850 16 ) (-1176 -5845 16 ) 
4 435 (-1176 -5913 108 ) (-1176 -5920 108 ) (-1176 -5920 16 ) (-1176 -5913 16 ) 
4 435 (-1176 -5897 107 ) (-1176 -5897 108 ) (-1176 -5913 108 ) (-1176 -5913 107 ) 
4 435 (-1176 -5897 47 ) (-1176 -5913 47 ) (-1176 -5913 16 ) (-1176 -5897 16 ) 
4 435 (-1176 -5897 83 ) (-1176 -5897 85 ) (-1176 -5913 85 ) (-1176 -5913 83 ) 
4 435 (-1176 -5897 63 ) (-1176 -5897 67 ) (-1176 -5913 67 ) (-1176 -5913 63 ) 
4 436 (-2048 -5952 168 ) (-2048 -5952 16 ) (-1920 -5952 16 ) (-1920 -5952 168 ) 
4 436 (-1920 -5952 16 ) (-2048 -5952 16 ) (-2048 -5120 16 ) (-1920 -5120 16 ) 
4 436 (-1920 -5169 89 ) (-1920 -5169 94 ) (-1920 -5176 94 ) (-1920 -5176 89 ) 
4 436 (-1920 -5176 89 ) (-1920 -5176 94 ) (-1920 -5181 94 ) (-1920 -5181 89 ) 
4 436 (-1920 -5176 89 ) (-1920 -5181 89 ) (-1920 -5181 16 ) (-1920 -5176 16 ) 
4 436 (-1920 -5181 89 ) (-1920 -5181 94 ) (-1920 -5218 94 ) (-1920 -5218 89 ) 
4 436 (-1920 -5218 89 ) (-1920 -5218 94 ) (-1920 -5223 94 ) (-1920 -5223 89 ) 
4 436 (-1920 -5218 89 ) (-1920 -5223 89 ) (-1920 -5223 16 ) (-1920 -5218 16 ) 
4 436 (-1920 -5223 89 ) (-1920 -5223 94 ) (-1920 -5231 94 ) (-1920 -5231 89 ) 
4 436 (-2048 -5952 168 ) (-1920 -5952 168 ) (-1920 -5120 168 ) (-2048 -5120 168 ) 
4 437 (-1167 -5984 0 ) (-1167 -5801.932129 0 ) (-1167 -5801.932129 -4 ) (-1167 -5984 -4 ) 
4 437 (-1092 -5804.474609 0 ) (-1092 -5804.474609 -4 ) (-1167 -5801.932129 -4 ) (-1167 -5801.932129 0 ) 
4 437 (-1092 -6144 0 ) (-1092 -6144 -4 ) (-1092 -5804.484375 -4 ) (-1092 -5804.484375 0 ) 
4 438 (-1167 -5801.932129 -16 ) (-1167 -5984 -16 ) (-1167 -5984 -4 ) (-1167 -5801.932129 -4 ) 
4 438 (-1024 -5806.779297 -4 ) (-1092 -5804.474121 -4 ) (-1092 -6144 -4 ) (-1024 -6144 -4 ) 
4 438 (-1024 -5806.779785 -16 ) (-1167 -5801.932129 -16 ) (-1167 -5801.932129 -4 ) (-1024 -5806.779785 -4 ) 
4 439 (-1168 -6104 0 ) (-1168 -5984 0 ) (-1168 -5984 -16 ) (-1168 -6104 -16 ) 
4 439 (-1168 -6144 -16 ) (-1168 -6144 0 ) (-1168 -6104 0 ) (-1168 -6104 -16 ) 
4 439 (-1167 -5984 0 ) (-1167 -5984 -16 ) (-1168 -5984 -16 ) (-1168 -5984 0 ) 
4 440 (-1168 -5919 -32 ) (-1168 -6104 -32 ) (-1168 -6104 -16 ) (-1168 -5919 -16 ) 
4 440 (-1168 -6104 -32 ) (-1168 -6144 -32 ) (-1168 -6144 -16 ) (-1168 -6104 -16 ) 
4 440 (-1168 -5120 -32 ) (-1168 -5822 -32 ) (-1168 -5822 -16 ) (-1168 -5120 -16 ) 
4 440 (-1167 -5984 -16 ) (-1167 -5120 -16 ) (-1168 -5120 -16 ) (-1168 -5984 -16 ) 
4 440 (-1024 -5806.779297 -16 ) (-1024 -5120 -16 ) (-1167 -5120 -16 ) (-1167 -5801.932129 -16 ) 
4 441 (-1172 -5984 -16 ) (-1172 -6104 -16 ) (-1172 -6104 0 ) (-1172 -5984 0 ) 
4 441 (-1172 -6104 0 ) (-1172 -6104 -16 ) (-1170 -6104 -16 ) (-1170 -6104 0 ) 
4 441 (-1170 -5984 0 ) (-1170 -5984 -16 ) (-1172 -5984 -16 ) (-1172 -5984 0 ) 
4 441 (-1170 -6104 0 ) (-1170 -6104 -16 ) (-1170 -5984 -16 ) (-1170 -5984 0 ) 
4 442 (-1172 -5822 -16 ) (-1172 -5120 -16 ) (-1184 -5120 -16 ) (-1184 -5822 -16 ) 
4 442 (-1184 -5822 -16 ) (-1184 -5120 -16 ) (-1184 -5120 -32 ) (-1184 -5822 -32 ) 
4 442 (-1172 -5120 -16 ) (-1172 -5822 -16 ) (-1172 -5822 -32 ) (-1172 -5120 -32 ) 
4 443 (-1170 -5822 -16 ) (-1170 -5919 -16 ) (-1168 -5919 -16 ) (-1168 -5822 -16 ) 
4 443 (-1170 -5822 -16 ) (-1168 -5822 -16 ) (-1168 -5822 -32 ) (-1170 -5822 -32 ) 
4 443 (-1170 -5919 -16 ) (-1170 -5919 -32 ) (-1168 -5919 -32 ) (-1168 -5919 -16 ) 
4 444 (-1170 -5919 -16 ) (-1170 -6104 -16 ) (-1170 -6104 -32 ) (-1170 -5919 -32 ) 
4 444 (-1184 -6104 -32 ) (-1170 -6104 -32 ) (-1170 -6104 -16 ) (-1184 -6104 -16 ) 
4 444 (-1172 -5822 -16 ) (-1170 -5822 -16 ) (-1170 -5822 -32 ) (-1172 -5822 -32 ) 
4 444 (-1184 -6104 -16 ) (-1184 -5822 -16 ) (-1184 -5822 -32 ) (-1184 -6104 -32 ) 
4 444 (-1172 -5822 -16 ) (-1172 -5984 -16 ) (-1170 -5984 -16 ) (-1170 -5822 -16 ) 
4 444 (-1172 -6104 -16 ) (-1172 -5822 -16 ) (-1184 -5822 -16 ) (-1184 -6104 -16 ) 
4 445 (-1184 -6144 -96 ) (-1184 -6144 -32 ) (-1184 -5120 -32 ) (-1184 -5120 -96 ) 
4 445 (-1172 -5822 -32 ) (-1168 -5822 -32 ) (-1168 -5120 -32 ) (-1172 -5120 -32 ) 
4 445 (-1168 -6104 -32 ) (-1184 -6104 -32 ) (-1184 -6144 -32 ) (-1168 -6144 -32 ) 
4 445 (-1170 -5919 -32 ) (-1170 -6104 -32 ) (-1168 -6104 -32 ) (-1168 -5919 -32 ) 
4 445 (-1024 -6144 -96 ) (-1184 -6144 -96 ) (-1184 -5120 -96 ) (-1024 -5120 -96 ) 
4 446 (-1168 -6592 20 ) (-1168 -6592 528 ) (-1168 -6144 528 ) (-1168 -6144 20 ) 
4 446 (-1168 -6592 528 ) (-1024 -6592 528 ) (-1024 -6144 528 ) (-1168 -6144 528 ) 
4 446 (-1024 -6592 20 ) (-1168 -6592 20 ) (-1168 -6144 20 ) (-1024 -6144 20 ) 
4 447 (-1168 -6144 0 ) (-1168 -6592 0 ) (-1168 -6592 16 ) (-1168 -6144 16 ) 
4 447 (-1092 -6144 16 ) (-1168 -6144 16 ) (-1168 -6592 16 ) (-1092 -6592 16 ) 
4 447 (-1092 -6144 16 ) (-1092 -6592 16 ) (-1092 -6592 0 ) (-1092 -6144 0 ) 
4 448 (-1168 -6592 0 ) (-1168 -6672 0 ) (-1168 -6672 528 ) (-1168 -6592 528 ) 
4 448 (-1168 -6592 528 ) (-1168 -6688 528 ) (-1024 -6688 528 ) (-1024 -6592 528 ) 
4 448 (-1024 -6592 20 ) (-1024 -6592 16 ) (-1168 -6592 16 ) (-1168 -6592 20 ) 
4 448 (-1092 -6592 16 ) (-1024 -6592 16 ) (-1024 -6592 0 ) (-1092 -6592 0 ) 
4 448 (-1168 -6688 528 ) (-1168 -6688 0 ) (-1024 -6688 0 ) (-1024 -6688 528 ) 
4 449 (-1172 -6672 0 ) (-1172 -6688 0 ) (-1172 -6688 528 ) (-1172 -6672 528 ) 
4 449 (-1172 -6672 528 ) (-1172 -6688 528 ) (-1168 -6688 528 ) (-1168 -6672 528 ) 
4 449 (-1172 -6688 0 ) (-1168 -6688 0 ) (-1168 -6688 528 ) (-1172 -6688 528 ) 
4 449 (-1168 -6672 528 ) (-1168 -6672 0 ) (-1172 -6672 0 ) (-1172 -6672 528 ) 
4 450 (-1024 -6688 -4 ) (-1024 -6688 0 ) (-1092 -6688 0 ) (-1092 -6688 -4 ) 
4 450 (-1024 -6592 0 ) (-1024 -6592 -4 ) (-1092 -6592 -4 ) (-1092 -6592 0 ) 
4 451 (-1168 -6672 0 ) (-1168 -6144 0 ) (-1168 -6144 -4 ) (-1168 -6672 -4 ) 
4 451 (-1092 -6144 0 ) (-1092 -6592 0 ) (-1092 -6592 -4 ) (-1092 -6144 -4 ) 
4 451 (-1092 -6688 0 ) (-1168 -6688 0 ) (-1168 -6688 -4 ) (-1092 -6688 -4 ) 
4 452 (-1168 -6672 -4 ) (-1168 -6144 -4 ) (-1168 -6144 -32 ) (-1168 -6672 -32 ) 
4 452 (-1024 -6592 -4 ) (-1024 -6144 -4 ) (-1092 -6144 -4 ) (-1092 -6592 -4 ) 
4 452 (-1168 -6144 -96 ) (-1024 -6144 -96 ) (-1024 -6688 -96 ) (-1168 -6688 -96 ) 
4 452 (-1168 -6688 -96 ) (-1024 -6688 -96 ) (-1024 -6688 -4 ) (-1168 -6688 -4 ) 
4 453 (-1172 -6688 -16 ) (-1172 -6688 0 ) (-1172 -6672 0 ) (-1172 -6672 -16 ) 
4 453 (-1172 -6688 -32 ) (-1168 -6688 -32 ) (-1168 -6688 0 ) (-1172 -6688 0 ) 
4 453 (-1168 -6672 0 ) (-1168 -6672 -32 ) (-1172 -6672 -32 ) (-1172 -6672 0 ) 
4 454 (-1184 -6688 -16 ) (-1184 -6688 -32 ) (-1172 -6688 -32 ) (-1172 -6688 -16 ) 
4 454 (-1184 -6688 -32 ) (-1184 -6688 -16 ) (-1184 -6672 -16 ) (-1184 -6672 -32 ) 
4 454 (-1172 -6672 -16 ) (-1172 -6672 -32 ) (-1184 -6672 -32 ) (-1184 -6672 -16 ) 
4 454 (-1184 -6688 -16 ) (-1172 -6688 -16 ) (-1172 -6672 -16 ) (-1184 -6672 -16 ) 
4 455 (-1172 -6672 -32 ) (-1172 -6144 -32 ) (-1184 -6144 -32 ) (-1184 -6672 -32 ) 
4 455 (-1172 -6144 -32 ) (-1172 -6672 -32 ) (-1168 -6672 -32 ) (-1168 -6144 -32 ) 
4 455 (-1184 -6144 -96 ) (-1184 -6688 -96 ) (-1184 -6688 -32 ) (-1184 -6144 -32 ) 
4 455 (-1184 -6144 -96 ) (-1168 -6144 -96 ) (-1168 -6688 -96 ) (-1184 -6688 -96 ) 
4 455 (-1184 -6688 -32 ) (-1184 -6688 -96 ) (-1168 -6688 -96 ) (-1168 -6688 -32 ) 
4 456 (-2084 -4832 16 ) (-2084 -5120 16 ) (-2084 -5120 168 ) (-2084 -4832 168 ) 
4 456 (-2084 -4672 168 ) (-2048 -4672 168 ) (-2048 -4672 16 ) (-2084 -4672 16 ) 
4 456 (-2048 -4672 168 ) (-2084 -4672 168 ) (-2084 -5120 168 ) (-2048 -5120 168 ) 
4 456 (-2048 -5120 16 ) (-2084 -5120 16 ) (-2084 -4672 16 ) (-2048 -4672 16 ) 
4 457 (-2696 -4793 16 ) (-2696 -4799 16 ) (-2696 -4799 138 ) (-2696 -4793 138 ) 
4 457 (-2696 -4777 16 ) (-2696 -4793 16 ) (-2696 -4793 47 ) (-2696 -4777 47 ) 
4 457 (-2696 -4793 63 ) (-2696 -4793 67 ) (-2696 -4777 67 ) (-2696 -4777 63 ) 
4 457 (-2696 -4793 83 ) (-2696 -4793 85 ) (-2696 -4777 85 ) (-2696 -4777 83 ) 
4 457 (-2696 -4793 107 ) (-2696 -4793 111 ) (-2696 -4777 111 ) (-2696 -4777 107 ) 
4 457 (-2696 -4793 134 ) (-2696 -4793 138 ) (-2696 -4777 138 ) (-2696 -4777 134 ) 
4 457 (-2696 -4725 16 ) (-2696 -4730 16 ) (-2696 -4730 108 ) (-2696 -4725 108 ) 
4 457 (-2696 -4709 16 ) (-2696 -4725 16 ) (-2696 -4725 47 ) (-2696 -4709 47 ) 
4 457 (-2696 -4725 63 ) (-2696 -4725 67 ) (-2696 -4709 67 ) (-2696 -4709 63 ) 
4 457 (-2696 -4725 83 ) (-2696 -4725 85 ) (-2696 -4709 85 ) (-2696 -4709 83 ) 
4 457 (-2696 -4725 107 ) (-2696 -4725 108 ) (-2696 -4709 108 ) (-2696 -4709 107 ) 
4 457 (-2696 -4704 16 ) (-2696 -4709 16 ) (-2696 -4709 108 ) (-2696 -4704 108 ) 
4 457 (-2696 -4752 134 ) (-2696 -4749 134 ) (-2696 -4749 111 ) (-2696 -4752 111 ) 
4 457 (-2696 -4772 108 ) (-2696 -4772 111 ) (-2696 -4749 111 ) (-2696 -4749 108 ) 
4 457 (-2696 -4730 111 ) (-2696 -4730 108 ) (-2696 -4749 108 ) (-2696 -4749 111 ) 
4 457 (-2696 -4709 111 ) (-2696 -4709 108 ) (-2696 -4725 108 ) (-2696 -4725 111 ) 
4 457 (-2696 -4709 134 ) (-2696 -4704 134 ) (-2696 -4704 108 ) (-2696 -4709 108 ) 
4 457 (-2696 -4730 134 ) (-2696 -4725 134 ) (-2696 -4725 108 ) (-2696 -4730 108 ) 
4 457 (-2696 -4772 134 ) (-2696 -4772 138 ) (-2696 -4704 138 ) (-2696 -4704 134 ) 
4 457 (-2696 -4772 16 ) (-2696 -4777 16 ) (-2696 -4777 138 ) (-2696 -4772 138 ) 
4 457 (-2696 -4832 16 ) (-2696 -4672 16 ) (-2084 -4672 16 ) (-2084 -4832 16 ) 
4 457 (-2084 -4832 168 ) (-2084 -4672 168 ) (-2696 -4672 168 ) (-2696 -4832 168 ) 
4 457 (-2696 -4672 168 ) (-2084 -4672 168 ) (-2084 -4672 16 ) (-2696 -4672 16 ) 
4 457 (-2696 -4832 16 ) (-2084 -4832 16 ) (-2084 -4832 168 ) (-2696 -4832 168 ) 
4 458 (-2696 -4793 138 ) (-2696 -4799 138 ) (-2697 -4799 138 ) (-2697 -4793 138 ) 
4 458 (-2696 -4777 138 ) (-2696 -4793 138 ) (-2697 -4793 138 ) (-2697 -4777 138 ) 
4 458 (-2696 -4704 138 ) (-2696 -4772 138 ) (-2697 -4772 138 ) (-2697 -4704 138 ) 
4 458 (-2696 -4772 138 ) (-2696 -4777 138 ) (-2697 -4777 138 ) (-2697 -4772 138 ) 
4 458 (-2696 -4672 138 ) (-2697 -4672 138 ) (-2697 -4672 168 ) (-2696 -4672 168 ) 
4 458 (-2697 -4672 138 ) (-2697 -4832 138 ) (-2697 -4832 168 ) (-2697 -4672 168 ) 
4 458 (-2696 -4832 168 ) (-2696 -4672 168 ) (-2697 -4672 168 ) (-2697 -4832 168 ) 
4 458 (-2696 -4832 168 ) (-2697 -4832 168 ) (-2697 -4832 138 ) (-2696 -4832 138 ) 
4 459 (-2704 -4800 138 ) (-2704 -4793 138 ) (-2702 -4793 138 ) (-2702 -4800 138 ) 
4 459 (-2704 -4793 138 ) (-2704 -4777 138 ) (-2702 -4777 138 ) (-2702 -4793 138 ) 
4 459 (-2704 -4772 138 ) (-2704 -4704 138 ) (-2702 -4704 138 ) (-2702 -4772 138 ) 
4 459 (-2704 -4777 138 ) (-2704 -4772 138 ) (-2702 -4772 138 ) (-2702 -4777 138 ) 
4 459 (-2702 -5120 272 ) (-2702 -4238 272 ) (-2704 -4238 272 ) (-2704 -5120 272 ) 
4 459 (-2702 -4238 272 ) (-2702 -5120 272 ) (-2702 -5120 138 ) (-2702 -4238 138 ) 
4 459 (-2704 -4238 272 ) (-2702 -4238 272 ) (-2702 -4238 138 ) (-2704 -4238 138 ) 
4 460 (-2702 -4238 138 ) (-2702 -4672 138 ) (-2702 -4672 16 ) (-2702 -4238 16 ) 
4 460 (-2704 -4672 16 ) (-2704 -4238 16 ) (-2702 -4238 16 ) (-2702 -4672 16 ) 
4 460 (-2704 -4238 138 ) (-2702 -4238 138 ) (-2702 -4238 16 ) (-2704 -4238 16 ) 
4 461 (-2697 -4672 138 ) (-2697 -4672 134 ) (-2697 -4704 134 ) (-2697 -4704 138 ) 
4 461 (-2697 -4672 134 ) (-2697 -4672 138 ) (-2696 -4672 138 ) (-2696 -4672 134 ) 
4 461 (-2697 -4704 138 ) (-2697 -4704 134 ) (-2696 -4704 134 ) (-2696 -4704 138 ) 
4 462 (-2702 -4704 138 ) (-2702 -4704 134 ) (-2702 -4672 134 ) (-2702 -4672 138 ) 
4 462 (-2704 -4704 134 ) (-2702 -4704 134 ) (-2702 -4704 138 ) (-2704 -4704 138 ) 
4 463 (-2697 -4672 108 ) (-2697 -4704 108 ) (-2697 -4704 134 ) (-2697 -4672 134 ) 
4 463 (-2697 -4672 108 ) (-2697 -4672 134 ) (-2696 -4672 134 ) (-2696 -4672 108 ) 
4 463 (-2697 -4704 134 ) (-2697 -4704 108 ) (-2696 -4704 108 ) (-2696 -4704 134 ) 
4 464 (-2702 -4672 134 ) (-2702 -4704 134 ) (-2702 -4704 108 ) (-2702 -4672 108 ) 
4 464 (-2704 -4704 108 ) (-2702 -4704 108 ) (-2702 -4704 134 ) (-2704 -4704 134 ) 
4 465 (-2702 -4725 134 ) (-2702 -4709 134 ) (-2704 -4709 134 ) (-2704 -4725 134 ) 
4 465 (-2696 -4725 134 ) (-2696 -4709 134 ) (-2697 -4709 134 ) (-2697 -4725 134 ) 
4 465 (-2697 -4725 134 ) (-2697 -4709 134 ) (-2702 -4709 134 ) (-2702 -4725 134 ) 
4 465 (-2696 -4725 111 ) (-2696 -4725 134 ) (-2704 -4725 134 ) (-2704 -4725 111 ) 
4 465 (-2697 -4709 111 ) (-2697 -4709 134 ) (-2696 -4709 134 ) (-2696 -4709 111 ) 
4 465 (-2702 -4709 111 ) (-2702 -4709 134 ) (-2697 -4709 134 ) (-2697 -4709 111 ) 
4 465 (-2704 -4709 111 ) (-2704 -4709 134 ) (-2702 -4709 134 ) (-2702 -4709 111 ) 
4 465 (-2696 -4725 111 ) (-2704 -4725 111 ) (-2704 -4709 111 ) (-2696 -4709 111 ) 
4 466 (-2696 -4749 111 ) (-2696 -4749 134 ) (-2704 -4749 134 ) (-2704 -4749 111 ) 
4 466 (-2702 -4749 134 ) (-2702 -4730 134 ) (-2704 -4730 134 ) (-2704 -4749 134 ) 
4 466 (-2696 -4749 134 ) (-2696 -4730 134 ) (-2697 -4730 134 ) (-2697 -4749 134 ) 
4 466 (-2697 -4749 134 ) (-2697 -4730 134 ) (-2702 -4730 134 ) (-2702 -4749 134 ) 
4 466 (-2704 -4730 111 ) (-2704 -4730 134 ) (-2696 -4730 134 ) (-2696 -4730 111 ) 
4 466 (-2696 -4749 111 ) (-2704 -4749 111 ) (-2704 -4730 111 ) (-2696 -4730 111 ) 
4 467 (-2696 -4772 111 ) (-2704 -4772 111 ) (-2704 -4752 111 ) (-2696 -4752 111 ) 
4 467 (-2702 -4752 134 ) (-2704 -4752 134 ) (-2704 -4772 134 ) (-2702 -4772 134 ) 
4 467 (-2696 -4752 134 ) (-2697 -4752 134 ) (-2697 -4772 134 ) (-2696 -4772 134 ) 
4 467 (-2697 -4752 134 ) (-2702 -4752 134 ) (-2702 -4772 134 ) (-2697 -4772 134 ) 
4 467 (-2696 -4772 111 ) (-2696 -4772 134 ) (-2704 -4772 134 ) (-2704 -4772 111 ) 
4 467 (-2704 -4752 134 ) (-2696 -4752 134 ) (-2696 -4752 111 ) (-2704 -4752 111 ) 
4 468 (-2697 -4704 108 ) (-2697 -4672 108 ) (-2697 -4672 16 ) (-2697 -4704 16 ) 
4 468 (-2697 -4672 16 ) (-2696 -4672 16 ) (-2696 -4704 16 ) (-2697 -4704 16 ) 
4 468 (-2697 -4672 108 ) (-2696 -4672 108 ) (-2696 -4672 16 ) (-2697 -4672 16 ) 
4 468 (-2697 -4704 108 ) (-2697 -4704 16 ) (-2696 -4704 16 ) (-2696 -4704 108 ) 
4 469 (-2702 -4704 16 ) (-2702 -4672 16 ) (-2702 -4672 108 ) (-2702 -4704 108 ) 
4 469 (-2704 -4704 16 ) (-2704 -4672 16 ) (-2702 -4672 16 ) (-2702 -4704 16 ) 
4 469 (-2704 -4704 16 ) (-2702 -4704 16 ) (-2702 -4704 108 ) (-2704 -4704 108 ) 
4 470 (-2696 -4725 85 ) (-2696 -4725 107 ) (-2704 -4725 107 ) (-2704 -4725 85 ) 
4 470 (-2697 -4709 85 ) (-2697 -4709 107 ) (-2696 -4709 107 ) (-2696 -4709 85 ) 
4 470 (-2702 -4709 85 ) (-2702 -4709 107 ) (-2697 -4709 107 ) (-2697 -4709 85 ) 
4 470 (-2704 -4709 85 ) (-2704 -4709 107 ) (-2702 -4709 107 ) (-2702 -4709 85 ) 
4 470 (-2696 -4709 107 ) (-2704 -4709 107 ) (-2704 -4725 107 ) (-2696 -4725 107 ) 
4 470 (-2696 -4725 85 ) (-2704 -4725 85 ) (-2704 -4709 85 ) (-2696 -4709 85 ) 
4 471 (-2696 -4725 67 ) (-2696 -4725 83 ) (-2704 -4725 83 ) (-2704 -4725 67 ) 
4 471 (-2696 -4725 67 ) (-2704 -4725 67 ) (-2704 -4709 67 ) (-2696 -4709 67 ) 
4 471 (-2697 -4709 67 ) (-2697 -4709 83 ) (-2696 -4709 83 ) (-2696 -4709 67 ) 
4 471 (-2702 -4709 67 ) (-2702 -4709 83 ) (-2697 -4709 83 ) (-2697 -4709 67 ) 
4 471 (-2704 -4709 67 ) (-2704 -4709 83 ) (-2702 -4709 83 ) (-2702 -4709 67 ) 
4 471 (-2696 -4709 83 ) (-2704 -4709 83 ) (-2704 -4725 83 ) (-2696 -4725 83 ) 
4 472 (-2696 -4725 47 ) (-2696 -4725 63 ) (-2704 -4725 63 ) (-2704 -4725 47 ) 
4 472 (-2696 -4709 63 ) (-2704 -4709 63 ) (-2704 -4725 63 ) (-2696 -4725 63 ) 
4 472 (-2697 -4709 47 ) (-2697 -4709 63 ) (-2696 -4709 63 ) (-2696 -4709 47 ) 
4 472 (-2702 -4709 47 ) (-2702 -4709 63 ) (-2697 -4709 63 ) (-2697 -4709 47 ) 
4 472 (-2704 -4709 47 ) (-2704 -4709 63 ) (-2702 -4709 63 ) (-2702 -4709 47 ) 
4 472 (-2696 -4725 47 ) (-2704 -4725 47 ) (-2704 -4709 47 ) (-2696 -4709 47 ) 
4 473 (-2696 -4749 108 ) (-2704 -4749 108 ) (-2704 -4772 108 ) (-2696 -4772 108 ) 
4 473 (-2696 -4749 108 ) (-2696 -4730 108 ) (-2704 -4730 108 ) (-2704 -4749 108 ) 
4 473 (-2704 -4772 16 ) (-2704 -4730 16 ) (-2696 -4730 16 ) (-2696 -4772 16 ) 
4 473 (-2704 -4772 16 ) (-2696 -4772 16 ) (-2696 -4772 108 ) (-2704 -4772 108 ) 
4 473 (-2704 -4730 108 ) (-2696 -4730 108 ) (-2696 -4730 16 ) (-2704 -4730 16 ) 
4 474 (-2702 -4793 134 ) (-2704 -4793 134 ) (-2704 -4793 111 ) (-2702 -4793 111 ) 
4 474 (-2697 -4793 134 ) (-2702 -4793 134 ) (-2702 -4793 111 ) (-2697 -4793 111 ) 
4 474 (-2696 -4793 111 ) (-2696 -4793 134 ) (-2697 -4793 134 ) (-2697 -4793 111 ) 
4 474 (-2704 -4777 111 ) (-2704 -4777 134 ) (-2696 -4777 134 ) (-2696 -4777 111 ) 
4 474 (-2696 -4777 134 ) (-2704 -4777 134 ) (-2704 -4793 134 ) (-2696 -4793 134 ) 
4 474 (-2696 -4793 111 ) (-2704 -4793 111 ) (-2704 -4777 111 ) (-2696 -4777 111 ) 
4 475 (-2702 -4793 107 ) (-2704 -4793 107 ) (-2704 -4793 85 ) (-2702 -4793 85 ) 
4 475 (-2697 -4793 107 ) (-2702 -4793 107 ) (-2702 -4793 85 ) (-2697 -4793 85 ) 
4 475 (-2696 -4793 85 ) (-2696 -4793 107 ) (-2697 -4793 107 ) (-2697 -4793 85 ) 
4 475 (-2696 -4793 85 ) (-2704 -4793 85 ) (-2704 -4777 85 ) (-2696 -4777 85 ) 
4 475 (-2704 -4777 85 ) (-2704 -4777 107 ) (-2696 -4777 107 ) (-2696 -4777 85 ) 
4 475 (-2696 -4777 107 ) (-2704 -4777 107 ) (-2704 -4793 107 ) (-2696 -4793 107 ) 
4 476 (-2702 -4793 83 ) (-2704 -4793 83 ) (-2704 -4793 67 ) (-2702 -4793 67 ) 
4 476 (-2697 -4793 83 ) (-2702 -4793 83 ) (-2702 -4793 67 ) (-2697 -4793 67 ) 
4 476 (-2696 -4793 67 ) (-2696 -4793 83 ) (-2697 -4793 83 ) (-2697 -4793 67 ) 
4 476 (-2696 -4793 67 ) (-2704 -4793 67 ) (-2704 -4777 67 ) (-2696 -4777 67 ) 
4 476 (-2696 -4777 83 ) (-2704 -4777 83 ) (-2704 -4793 83 ) (-2696 -4793 83 ) 
4 476 (-2704 -4777 67 ) (-2704 -4777 83 ) (-2696 -4777 83 ) (-2696 -4777 67 ) 
4 477 (-2702 -4793 63 ) (-2704 -4793 63 ) (-2704 -4793 47 ) (-2702 -4793 47 ) 
4 477 (-2697 -4793 63 ) (-2702 -4793 63 ) (-2702 -4793 47 ) (-2697 -4793 47 ) 
4 477 (-2696 -4793 47 ) (-2696 -4793 63 ) (-2697 -4793 63 ) (-2697 -4793 47 ) 
4 477 (-2696 -4777 63 ) (-2704 -4777 63 ) (-2704 -4793 63 ) (-2696 -4793 63 ) 
4 477 (-2704 -4777 47 ) (-2704 -4777 63 ) (-2696 -4777 63 ) (-2696 -4777 47 ) 
4 477 (-2696 -4793 47 ) (-2704 -4793 47 ) (-2704 -4777 47 ) (-2696 -4777 47 ) 
4 478 (-2697 -4832 16 ) (-2696 -4832 16 ) (-2696 -4832 138 ) (-2697 -4832 138 ) 
4 478 (-2697 -4799 16 ) (-2697 -4832 16 ) (-2697 -4832 138 ) (-2697 -4799 138 ) 
4 478 (-2696 -4799 16 ) (-2696 -4832 16 ) (-2697 -4832 16 ) (-2697 -4799 16 ) 
4 478 (-2696 -4799 138 ) (-2696 -4799 16 ) (-2697 -4799 16 ) (-2697 -4799 138 ) 
4 479 (-2702 -4800 138 ) (-2702 -4832 138 ) (-2702 -4832 16 ) (-2702 -4800 16 ) 
4 479 (-2704 -4832 16 ) (-2704 -4800 16 ) (-2702 -4800 16 ) (-2702 -4832 16 ) 
4 479 (-2704 -4800 138 ) (-2702 -4800 138 ) (-2702 -4800 16 ) (-2704 -4800 16 ) 
4 480 (-2704 -5120 16 ) (-2704 -4832 16 ) (-2702 -4832 16 ) (-2702 -5120 16 ) 
4 480 (-2702 -5120 138 ) (-2702 -5120 16 ) (-2702 -4832 16 ) (-2702 -4832 138 ) 
4 481 (-3036 -4436 16 ) (-3012 -4436 16 ) (-3012 -4436 80 ) (-3036 -4436 72 ) 
6 481 (-3012 -4436 16 ) (-2972 -4436 16 ) (-2972 -4436 104 ) (-2980 -4436 112 ) (-3004 -4436 112 ) (-3012 -4436 104 ) 
4 481 (-2972 -4436 16 ) (-2948 -4436 16 ) (-2948 -4436 72 ) (-2972 -4436 80 ) 
4 481 (-2704 -4436 16 ) (-3072 -4436 16 ) (-3072 -4238 16 ) (-2704 -4238 16 ) 
4 481 (-2704 -4238 272 ) (-3072 -4238 272 ) (-3072 -4436 272 ) (-2704 -4436 272 ) 
4 481 (-3072 -4238 272 ) (-2704 -4238 272 ) (-2704 -4238 16 ) (-3072 -4238 16 ) 
4 482 (-2980 -4644 112 ) (-3004 -4644 112 ) (-3004 -4436 112 ) (-2980 -4436 112 ) 
4 482 (-2704 -4436 272 ) (-3072 -4436 272 ) (-3072 -4644 272 ) (-2704 -4644 272 ) 
4 483 (-2948 -4436 16 ) (-2948 -4644 16 ) (-2948 -4644 72 ) (-2948 -4436 72 ) 
4 483 (-2704 -4644 16 ) (-2948 -4644 16 ) (-2948 -4436 16 ) (-2704 -4436 16 ) 
4 484 (-2972 -4644 80 ) (-2972 -4644 104 ) (-2972 -4436 104 ) (-2972 -4436 80 ) 
4 484 (-2972 -4644 79.997337 ) (-2972 -4436 79.997337 ) (-2948 -4436 71.997192 ) (-2948 -4644 71.997192 ) 
4 485 (-2972 -4436 104 ) (-2972 -4644 104 ) (-2980 -4644 112 ) (-2980 -4436 112 ) 
4 486 (-3012 -4644 104 ) (-3012 -4436 104 ) (-3004 -4436 112 ) (-3004 -4644 112 ) 
4 487 (-3012 -4436 80 ) (-3012 -4436 104 ) (-3012 -4644 104 ) (-3012 -4644 80 ) 
4 487 (-3036 -4644 72.004066 ) (-3036 -4436 72.004066 ) (-3012 -4436 80.003731 ) (-3012 -4644 80.003731 ) 
4 488 (-3036 -4436 72 ) (-3036 -4644 72 ) (-3036 -4644 16 ) (-3036 -4436 16 ) 
4 488 (-3036 -4644 16 ) (-3072 -4644 16 ) (-3072 -4436 16 ) (-3036 -4436 16 ) 
4 489 (-3036 -4852 16 ) (-3012 -4852 16 ) (-3012 -4852 80 ) (-3036 -4852 72 ) 
6 489 (-3012 -4852 16 ) (-2972 -4852 16 ) (-2972 -4852 104 ) (-2980 -4852 112 ) (-3004 -4852 112 ) (-3012 -4852 104 ) 
4 489 (-2972 -4852 16 ) (-2948 -4852 16 ) (-2948 -4852 72 ) (-2972 -4852 80 ) 
4 489 (-2704 -4852 16 ) (-3072 -4852 16 ) (-3072 -4644 16 ) (-2704 -4644 16 ) 
4 489 (-2704 -4793 138 ) (-2704 -4800 138 ) (-2704 -4800 16 ) (-2704 -4793 16 ) 
4 489 (-2704 -4777 47 ) (-2704 -4793 47 ) (-2704 -4793 16 ) (-2704 -4777 16 ) 
4 489 (-2704 -4777 63 ) (-2704 -4777 67 ) (-2704 -4793 67 ) (-2704 -4793 63 ) 
4 489 (-2704 -4777 83 ) (-2704 -4777 85 ) (-2704 -4793 85 ) (-2704 -4793 83 ) 
4 489 (-2704 -4777 107 ) (-2704 -4777 111 ) (-2704 -4793 111 ) (-2704 -4793 107 ) 
4 489 (-2704 -4777 134 ) (-2704 -4777 138 ) (-2704 -4793 138 ) (-2704 -4793 134 ) 
4 489 (-2704 -4725 108 ) (-2704 -4730 108 ) (-2704 -4730 16 ) (-2704 -4725 16 ) 
4 489 (-2704 -4709 47 ) (-2704 -4725 47 ) (-2704 -4725 16 ) (-2704 -4709 16 ) 
4 489 (-2704 -4709 63 ) (-2704 -4709 67 ) (-2704 -4725 67 ) (-2704 -4725 63 ) 
4 489 (-2704 -4709 83 ) (-2704 -4709 85 ) (-2704 -4725 85 ) (-2704 -4725 83 ) 
4 489 (-2704 -4709 107 ) (-2704 -4709 108 ) (-2704 -4725 108 ) (-2704 -4725 107 ) 
4 489 (-2704 -4704 108 ) (-2704 -4709 108 ) (-2704 -4709 16 ) (-2704 -4704 16 ) 
4 489 (-2704 -4752 111 ) (-2704 -4749 111 ) (-2704 -4749 134 ) (-2704 -4752 134 ) 
4 489 (-2704 -4749 108 ) (-2704 -4749 111 ) (-2704 -4772 111 ) (-2704 -4772 108 ) 
4 489 (-2704 -4749 111 ) (-2704 -4749 108 ) (-2704 -4730 108 ) (-2704 -4730 111 ) 
4 489 (-2704 -4725 111 ) (-2704 -4725 108 ) (-2704 -4709 108 ) (-2704 -4709 111 ) 
4 489 (-2704 -4709 108 ) (-2704 -4704 108 ) (-2704 -4704 134 ) (-2704 -4709 134 ) 
4 489 (-2704 -4730 108 ) (-2704 -4725 108 ) (-2704 -4725 134 ) (-2704 -4730 134 ) 
4 489 (-2704 -4704 134 ) (-2704 -4704 138 ) (-2704 -4772 138 ) (-2704 -4772 134 ) 
4 489 (-2704 -4772 138 ) (-2704 -4777 138 ) (-2704 -4777 16 ) (-2704 -4772 16 ) 
4 489 (-2972 -4644 80 ) (-2948 -4644 72 ) (-2948 -4644 16 ) (-2972 -4644 16 ) 
6 489 (-3012 -4644 104 ) (-3004 -4644 112 ) (-2980 -4644 112 ) (-2972 -4644 104 ) (-2972 -4644 16 ) (-3012 -4644 16 ) 
4 489 (-3036 -4644 72 ) (-3012 -4644 80 ) (-3012 -4644 16 ) (-3036 -4644 16 ) 
4 489 (-2704 -4644 272 ) (-3072 -4644 272 ) (-3072 -4852 272 ) (-2704 -4852 272 ) 
4 490 (-2980 -5060 112 ) (-3004 -5060 112 ) (-3004 -4852 112 ) (-2980 -4852 112 ) 
4 490 (-2704 -4852 272 ) (-3072 -4852 272 ) (-3072 -5060 272 ) (-2704 -5060 272 ) 
4 491 (-2948 -4852 16 ) (-2948 -5060 16 ) (-2948 -5060 72 ) (-2948 -4852 72 ) 
4 491 (-2704 -5060 16 ) (-2948 -5060 16 ) (-2948 -4852 16 ) (-2704 -4852 16 ) 
4 492 (-2972 -5060 80 ) (-2972 -5060 104 ) (-2972 -4852 104 ) (-2972 -4852 80 ) 
4 492 (-2972 -5060 79.996536 ) (-2972 -4852 79.996536 ) (-2948 -4852 71.997757 ) (-2948 -5060 71.997757 ) 
4 493 (-2972 -4852 104 ) (-2972 -5060 104 ) (-2980 -5060 112 ) (-2980 -4852 112 ) 
4 494 (-3012 -5060 104 ) (-3012 -4852 104 ) (-3004 -4852 112 ) (-3004 -5060 112 ) 
4 495 (-3012 -4852 80 ) (-3012 -4852 104 ) (-3012 -5060 104 ) (-3012 -5060 80 ) 
4 495 (-3036 -5060 72.004066 ) (-3036 -4852 72.004066 ) (-3012 -4852 80.003731 ) (-3012 -5060 80.003731 ) 
4 496 (-3036 -4852 72 ) (-3036 -5060 72 ) (-3036 -5060 16 ) (-3036 -4852 16 ) 
4 496 (-3036 -5060 16 ) (-3072 -5060 16 ) (-3072 -4852 16 ) (-3036 -4852 16 ) 
4 497 (-3072 -5060 16 ) (-2704 -5060 16 ) (-2704 -5120 16 ) (-3072 -5120 16 ) 
4 497 (-3036 -5060 72 ) (-3012 -5060 80 ) (-3012 -5060 16 ) (-3036 -5060 16 ) 
6 497 (-3012 -5060 104 ) (-3004 -5060 112 ) (-2980 -5060 112 ) (-2972 -5060 104 ) (-2972 -5060 16 ) (-3012 -5060 16 ) 
4 497 (-2972 -5060 80 ) (-2948 -5060 72 ) (-2948 -5060 16 ) (-2972 -5060 16 ) 
4 497 (-3072 -5120 272 ) (-2704 -5120 272 ) (-2704 -5060 272 ) (-3072 -5060 272 ) 
4 498 (-2084 -5248 16 ) (-2084 -5504 16 ) (-2084 -5504 168 ) (-2084 -5248 168 ) 
4 498 (-2084 -5504 16 ) (-2084 -5952 16 ) (-2084 -5952 168 ) (-2084 -5504 168 ) 
4 498 (-2084 -5238 16 ) (-2084 -5248 16 ) (-2084 -5248 144 ) (-2084 -5238 144 ) 
4 498 (-2084 -5248 144 ) (-2084 -5248 168 ) (-2084 -5238 168 ) (-2084 -5238 144 ) 
4 498 (-2084 -5120 168 ) (-2084 -5120 16 ) (-2084 -5238 16 ) (-2084 -5238 168 ) 
4 498 (-2084 -5120 16 ) (-2048 -5120 16 ) (-2048 -5952 16 ) (-2084 -5952 16 ) 
4 498 (-2084 -5952 16 ) (-2048 -5952 16 ) (-2048 -5952 168 ) (-2084 -5952 168 ) 
4 498 (-2048 -5120 168 ) (-2084 -5120 168 ) (-2084 -5952 168 ) (-2048 -5952 168 ) 
4 499 (-2785 -5238 112 ) (-2785 -5238 144 ) (-2879 -5238 144 ) (-2879 -5238 112 ) 
4 499 (-3072 -5238 144 ) (-3072 -5238 16 ) (-2879 -5238 16 ) (-2879 -5238 144 ) 
4 499 (-2785 -5238 16 ) (-2702 -5238 16 ) (-2702 -5238 144 ) (-2785 -5238 144 ) 
4 499 (-3072 -5238 240 ) (-3072 -5238 144 ) (-2784 -5238 144 ) (-2784 -5238 240 ) 
4 499 (-3072 -5238 272 ) (-3072 -5238 240 ) (-2702 -5238 240 ) (-2702 -5238 272 ) 
4 499 (-2702 -5238 272 ) (-2702 -5238 16 ) (-2702 -5120 16 ) (-2702 -5120 272 ) 
4 499 (-3072 -5238 16 ) (-3072 -5120 16 ) (-2702 -5120 16 ) (-2702 -5238 16 ) 
4 499 (-3072 -5238 272 ) (-2702 -5238 272 ) (-2702 -5120 272 ) (-3072 -5120 272 ) 
4 500 (-2702 -5248 144 ) (-2784 -5248 144 ) (-2784 -5238 144 ) (-2702 -5238 144 ) 
4 500 (-2784 -5248 240 ) (-2702 -5248 240 ) (-2702 -5238 240 ) (-2784 -5238 240 ) 
4 500 (-2702 -5248 240 ) (-2702 -5248 144 ) (-2702 -5238 144 ) (-2702 -5238 240 ) 
4 500 (-2784 -5238 144 ) (-2784 -5248 144 ) (-2784 -5248 240 ) (-2784 -5238 240 ) 
4 501 (-2879 -5248 16 ) (-2879 -5248 112 ) (-2879 -5238 112 ) (-2879 -5238 16 ) 
4 501 (-2879 -5238 16 ) (-2785 -5238 16 ) (-2785 -5248 16 ) (-2879 -5248 16 ) 
4 501 (-2785 -5238 16 ) (-2785 -5238 112 ) (-2785 -5248 112 ) (-2785 -5248 16 ) 
4 501 (-2785 -5248 112 ) (-2785 -5238 112 ) (-2879 -5238 112 ) (-2879 -5248 112 ) 
4 502 (-2768 -5314 240 ) (-2800 -5314 240 ) (-2800 -5314 144 ) (-2768 -5314 144 ) 
4 502 (-2688 -5314 240 ) (-2688 -5248 240 ) (-2880 -5248 240 ) (-2880 -5314 240 ) 
4 502 (-2880 -5248 240 ) (-2784 -5248 240 ) (-2784 -5248 144 ) (-2880 -5248 144 ) 
4 502 (-2702 -5248 240 ) (-2688 -5248 240 ) (-2688 -5248 144 ) (-2702 -5248 144 ) 
4 502 (-2880 -5248 240 ) (-2880 -5248 144 ) (-2880 -5314 144 ) (-2880 -5314 240 ) 
4 502 (-2688 -5314 144 ) (-2688 -5248 144 ) (-2688 -5248 240 ) (-2688 -5314 240 ) 
4 502 (-2688 -5314 144 ) (-2880 -5314 144 ) (-2880 -5248 144 ) (-2688 -5248 144 ) 
4 503 (-2785 -5314 120 ) (-2800 -5314 120 ) (-2800 -5314 84 ) (-2785 -5314 84 ) 
4 503 (-2800 -5314 84 ) (-2800 -5314 16 ) (-2785 -5314 16 ) (-2785 -5314 84 ) 
4 503 (-2879 -5248 112 ) (-2879 -5248 120 ) (-2785 -5248 120 ) (-2785 -5248 112 ) 
4 503 (-2880 -5248 120 ) (-2879 -5248 120 ) (-2879 -5248 16 ) (-2880 -5248 16 ) 
4 503 (-2880 -5248 16 ) (-2785 -5248 16 ) (-2785 -5314 16 ) (-2880 -5314 16 ) 
4 503 (-2880 -5248 120 ) (-2880 -5248 16 ) (-2880 -5314 16 ) (-2880 -5314 120 ) 
4 503 (-2785 -5248 120 ) (-2880 -5248 120 ) (-2880 -5314 120 ) (-2785 -5314 120 ) 
4 503 (-2785 -5248 16 ) (-2785 -5248 120 ) (-2785 -5314 120 ) (-2785 -5314 16 ) 
4 504 (-2768 -5330 144 ) (-2768 -5314 144 ) (-2688 -5314 144 ) (-2688 -5330 144 ) 
4 504 (-2768 -5314 240 ) (-2768 -5314 144 ) (-2768 -5410 144 ) (-2768 -5410 240 ) 
4 504 (-2768 -5410 240 ) (-2688 -5410 240 ) (-2688 -5314 240 ) (-2768 -5314 240 ) 
4 504 (-2688 -5410 144 ) (-2688 -5314 144 ) (-2688 -5314 240 ) (-2688 -5410 240 ) 
4 505 (-2768 -5346 132 ) (-2768 -5330 132 ) (-2688 -5330 132 ) (-2688 -5346 132 ) 
4 505 (-2768 -5394 132 ) (-2768 -5394 144 ) (-2768 -5330 144 ) (-2768 -5330 132 ) 
4 505 (-2688 -5330 132 ) (-2688 -5330 144 ) (-2688 -5394 144 ) (-2688 -5394 132 ) 
4 505 (-2688 -5330 132 ) (-2768 -5330 132 ) (-2768 -5330 144 ) (-2688 -5330 144 ) 
4 506 (-2768 -5362 120 ) (-2768 -5346 120 ) (-2688 -5346 120 ) (-2688 -5362 120 ) 
4 506 (-2768 -5378 132 ) (-2768 -5346 132 ) (-2768 -5346 120 ) (-2768 -5378 120 ) 
4 506 (-2688 -5378 120 ) (-2688 -5346 120 ) (-2688 -5346 132 ) (-2688 -5378 132 ) 
4 506 (-2768 -5346 120 ) (-2768 -5346 132 ) (-2688 -5346 132 ) (-2688 -5346 120 ) 
4 507 (-2688 -5362 120 ) (-2688 -5378 120 ) (-2688 -5378 108 ) (-2688 -5362 108 ) 
4 507 (-2768 -5362 108 ) (-2768 -5378 108 ) (-2768 -5378 120 ) (-2768 -5362 120 ) 
4 507 (-2688 -5378 108 ) (-2768 -5378 108 ) (-2768 -5362 108 ) (-2688 -5362 108 ) 
4 507 (-2768 -5362 120 ) (-2688 -5362 120 ) (-2688 -5362 108 ) (-2768 -5362 108 ) 
4 508 (-2768 -5378 108 ) (-2688 -5378 108 ) (-2688 -5378 96 ) (-2768 -5378 96 ) 
4 508 (-2688 -5378 96 ) (-2688 -5378 132 ) (-2688 -5394 132 ) (-2688 -5394 96 ) 
4 508 (-2768 -5394 96 ) (-2768 -5394 132 ) (-2768 -5378 132 ) (-2768 -5378 96 ) 
4 508 (-2688 -5394 96 ) (-2768 -5394 96 ) (-2768 -5378 96 ) (-2688 -5378 96 ) 
4 509 (-2688 -5394 96 ) (-2688 -5394 84 ) (-2768 -5394 84 ) (-2768 -5394 96 ) 
4 509 (-2688 -5410 84 ) (-2768 -5410 84 ) (-2768 -5394 84 ) (-2688 -5394 84 ) 
4 509 (-2688 -5394 144 ) (-2688 -5410 144 ) (-2688 -5410 84 ) (-2688 -5394 84 ) 
4 509 (-2768 -5394 84 ) (-2768 -5410 84 ) (-2768 -5410 144 ) (-2768 -5394 144 ) 
4 510 (-2880 -5410 84 ) (-2880 -5410 72 ) (-2800 -5410 72 ) (-2800 -5410 84 ) 
4 510 (-2800 -5394 72 ) (-2800 -5410 72 ) (-2880 -5410 72 ) (-2880 -5394 72 ) 
4 510 (-2800 -5314 120 ) (-2880 -5314 120 ) (-2880 -5314 144 ) (-2800 -5314 144 ) 
4 510 (-2800 -5410 240 ) (-2800 -5314 240 ) (-2880 -5314 240 ) (-2880 -5410 240 ) 
4 510 (-2880 -5410 72 ) (-2880 -5410 240 ) (-2880 -5314 240 ) (-2880 -5314 72 ) 
4 510 (-2800 -5410 84 ) (-2800 -5410 72 ) (-2800 -5314 72 ) (-2800 -5314 84 ) 
4 510 (-2800 -5410 240 ) (-2800 -5410 84 ) (-2800 -5314 84 ) (-2800 -5314 240 ) 
4 511 (-2800 -5330 16 ) (-2800 -5330 24 ) (-2880 -5330 24 ) (-2880 -5330 16 ) 
4 511 (-2800 -5330 72 ) (-2800 -5330 16 ) (-2800 -5314 16 ) (-2800 -5314 72 ) 
4 511 (-2880 -5314 16 ) (-2880 -5330 16 ) (-2880 -5330 72 ) (-2880 -5314 72 ) 
4 511 (-2880 -5330 16 ) (-2880 -5314 16 ) (-2800 -5314 16 ) (-2800 -5330 16 ) 
4 512 (-2800 -5394 60 ) (-2880 -5394 60 ) (-2880 -5378 60 ) (-2800 -5378 60 ) 
4 512 (-2880 -5394 60 ) (-2880 -5394 72 ) (-2880 -5330 72 ) (-2880 -5330 60 ) 
4 512 (-2800 -5330 60 ) (-2800 -5330 72 ) (-2800 -5394 72 ) (-2800 -5394 60 ) 
4 512 (-2800 -5394 60 ) (-2800 -5394 72 ) (-2880 -5394 72 ) (-2880 -5394 60 ) 
4 513 (-2880 -5346 24 ) (-2800 -5346 24 ) (-2800 -5346 36 ) (-2880 -5346 36 ) 
4 513 (-2800 -5346 24 ) (-2800 -5330 24 ) (-2800 -5330 60 ) (-2800 -5346 60 ) 
4 513 (-2880 -5346 60 ) (-2880 -5330 60 ) (-2880 -5330 24 ) (-2880 -5346 24 ) 
4 513 (-2880 -5346 24 ) (-2880 -5330 24 ) (-2800 -5330 24 ) (-2800 -5346 24 ) 
4 514 (-2800 -5378 48 ) (-2880 -5378 48 ) (-2880 -5362 48 ) (-2800 -5362 48 ) 
4 514 (-2880 -5378 60 ) (-2880 -5346 60 ) (-2880 -5346 48 ) (-2880 -5378 48 ) 
4 514 (-2800 -5378 48 ) (-2800 -5346 48 ) (-2800 -5346 60 ) (-2800 -5378 60 ) 
4 514 (-2800 -5378 48 ) (-2800 -5378 60 ) (-2880 -5378 60 ) (-2880 -5378 48 ) 
4 515 (-2800 -5362 48 ) (-2800 -5362 36 ) (-2800 -5346 36 ) (-2800 -5346 48 ) 
4 515 (-2880 -5346 48 ) (-2880 -5346 36 ) (-2880 -5362 36 ) (-2880 -5362 48 ) 
4 515 (-2880 -5362 36 ) (-2880 -5346 36 ) (-2800 -5346 36 ) (-2800 -5362 36 ) 
4 515 (-2880 -5362 36 ) (-2800 -5362 36 ) (-2800 -5362 48 ) (-2880 -5362 48 ) 
4 516 (-2688 -5410 240 ) (-2880 -5410 240 ) (-2880 -5504 240 ) (-2688 -5504 240 ) 
4 516 (-2688 -5504 84 ) (-2688 -5504 240 ) (-2880 -5504 240 ) (-2880 -5504 84 ) 
4 516 (-2880 -5504 84 ) (-2880 -5504 240 ) (-2880 -5410 240 ) (-2880 -5410 84 ) 
4 516 (-2688 -5410 84 ) (-2688 -5410 240 ) (-2688 -5504 240 ) (-2688 -5504 84 ) 
4 516 (-2768 -5410 84 ) (-2800 -5410 84 ) (-2800 -5410 240 ) (-2768 -5410 240 ) 
4 516 (-2880 -5504 84 ) (-2880 -5410 84 ) (-2688 -5410 84 ) (-2688 -5504 84 ) 
4 517 (-4028 -4436 16 ) (-4004 -4436 16 ) (-4004 -4436 80 ) (-4028 -4436 72 ) 
6 517 (-4004 -4436 16 ) (-3964 -4436 16 ) (-3964 -4436 104 ) (-3972 -4436 112 ) (-3996 -4436 112 ) (-4004 -4436 104 ) 
4 517 (-3964 -4436 16 ) (-3940 -4436 16 ) (-3940 -4436 72 ) (-3964 -4436 80 ) 
4 517 (-3836 -4436 16 ) (-3812 -4436 16 ) (-3812 -4436 80 ) (-3836 -4436 72 ) 
6 517 (-3812 -4436 16 ) (-3772 -4436 16 ) (-3772 -4436 104 ) (-3780 -4436 112 ) (-3804 -4436 112 ) (-3812 -4436 104 ) 
4 517 (-3772 -4436 16 ) (-3748 -4436 16 ) (-3748 -4436 72 ) (-3772 -4436 80 ) 
4 517 (-3580 -4436 16 ) (-3556 -4436 16 ) (-3556 -4436 80 ) (-3580 -4436 72 ) 
6 517 (-3556 -4436 16 ) (-3516 -4436 16 ) (-3516 -4436 104 ) (-3524 -4436 112 ) (-3548 -4436 112 ) (-3556 -4436 104 ) 
4 517 (-3516 -4436 16 ) (-3492 -4436 16 ) (-3492 -4436 72 ) (-3516 -4436 80 ) 
4 517 (-3452 -4436 16 ) (-3428 -4436 16 ) (-3428 -4436 80 ) (-3452 -4436 72 ) 
6 517 (-3428 -4436 16 ) (-3388 -4436 16 ) (-3388 -4436 104 ) (-3396 -4436 112 ) (-3420 -4436 112 ) (-3428 -4436 104 ) 
4 517 (-3388 -4436 16 ) (-3364 -4436 16 ) (-3364 -4436 72 ) (-3388 -4436 80 ) 
4 517 (-3324 -4436 16 ) (-3300 -4436 16 ) (-3300 -4436 80 ) (-3324 -4436 72 ) 
6 517 (-3300 -4436 16 ) (-3260 -4436 16 ) (-3260 -4436 104 ) (-3268 -4436 112 ) (-3292 -4436 112 ) (-3300 -4436 104 ) 
4 517 (-3260 -4436 16 ) (-3236 -4436 16 ) (-3236 -4436 72 ) (-3260 -4436 80 ) 
4 517 (-3072 -4436 16 ) (-4096 -4436 16 ) (-4096 -4238 16 ) (-3072 -4238 16 ) 
4 517 (-3072 -4238 272 ) (-4096 -4238 272 ) (-4096 -4436 272 ) (-3072 -4436 272 ) 
4 517 (-4096 -4238 272 ) (-3072 -4238 272 ) (-3072 -4238 16 ) (-4096 -4238 16 ) 
4 518 (-3972 -4644 112 ) (-3996 -4644 112 ) (-3996 -4436 112 ) (-3972 -4436 112 ) 
4 518 (-3780 -4644 112 ) (-3804 -4644 112 ) (-3804 -4436 112 ) (-3780 -4436 112 ) 
4 518 (-3524 -4644 112 ) (-3548 -4644 112 ) (-3548 -4436 112 ) (-3524 -4436 112 ) 
4 518 (-3396 -4644 112 ) (-3420 -4644 112 ) (-3420 -4436 112 ) (-3396 -4436 112 ) 
4 518 (-3268 -4644 112 ) (-3292 -4644 112 ) (-3292 -4436 112 ) (-3268 -4436 112 ) 
4 518 (-3072 -4436 272 ) (-4096 -4436 272 ) (-4096 -4644 272 ) (-3072 -4644 272 ) 
4 519 (-3236 -4436 16 ) (-3236 -4644 16 ) (-3236 -4644 72 ) (-3236 -4436 72 ) 
4 519 (-3072 -4644 16 ) (-3236 -4644 16 ) (-3236 -4436 16 ) (-3072 -4436 16 ) 
4 520 (-3260 -4644 80 ) (-3260 -4644 104 ) (-3260 -4436 104 ) (-3260 -4436 80 ) 
4 520 (-3260 -4644 79.998825 ) (-3260 -4436 79.998825 ) (-3236 -4436 72 ) (-3236 -4644 72 ) 
4 521 (-3260 -4436 104.002411 ) (-3260 -4644 104.002419 ) (-3267.997803 -4644 112 ) (-3267.997803 -4436 112 ) 
4 522 (-3300 -4644 104 ) (-3300 -4436 104 ) (-3292 -4436 112 ) (-3292 -4644 112 ) 
4 523 (-3300 -4436 80 ) (-3300 -4436 104 ) (-3300 -4644 104 ) (-3300 -4644 80 ) 
4 523 (-3324 -4644 72 ) (-3324 -4436 72 ) (-3300 -4436 80 ) (-3300 -4644 80 ) 
4 524 (-3364 -4436 16 ) (-3364 -4644 16 ) (-3364 -4644 72 ) (-3364 -4436 72 ) 
4 524 (-3324 -4644 16 ) (-3364 -4644 16 ) (-3364 -4436 16 ) (-3324 -4436 16 ) 
4 524 (-3324 -4436 72 ) (-3324 -4644 72 ) (-3324 -4644 16 ) (-3324 -4436 16 ) 
4 525 (-3388 -4644 80 ) (-3388 -4644 104 ) (-3388 -4436 104 ) (-3388 -4436 80 ) 
4 525 (-3388 -4644 80.001740 ) (-3388 -4436 80.001740 ) (-3364 -4436 72 ) (-3364 -4644 72 ) 
4 526 (-3388 -4436 104 ) (-3388 -4644 104 ) (-3396 -4644 112 ) (-3396 -4436 112 ) 
4 527 (-3428 -4644 104 ) (-3428 -4436 104 ) (-3420 -4436 112 ) (-3420 -4644 112 ) 
4 528 (-3428 -4436 80 ) (-3428 -4436 104 ) (-3428 -4644 104 ) (-3428 -4644 80 ) 
4 528 (-3452 -4644 71.997597 ) (-3452 -4436 71.997597 ) (-3428 -4436 79.996773 ) (-3428 -4644 79.996773 ) 
4 529 (-3492 -4436 16 ) (-3492 -4644 16 ) (-3492 -4644 72 ) (-3492 -4436 72 ) 
4 529 (-3452 -4436 72 ) (-3452 -4644 72 ) (-3452 -4644 16 ) (-3452 -4436 16 ) 
4 529 (-3452 -4644 16 ) (-3492 -4644 16 ) (-3492 -4436 16 ) (-3452 -4436 16 ) 
4 530 (-3516 -4644 80 ) (-3516 -4644 104 ) (-3516 -4436 104 ) (-3516 -4436 80 ) 
4 530 (-3516 -4644 79.997551 ) (-3516 -4436 79.997551 ) (-3492 -4436 71.997696 ) (-3492 -4644 71.997696 ) 
4 531 (-3516 -4436 104 ) (-3516 -4644 104 ) (-3524 -4644 112 ) (-3524 -4436 112 ) 
4 532 (-3556 -4644 104 ) (-3556 -4436 104 ) (-3548 -4436 112 ) (-3548 -4644 112 ) 
4 533 (-3556 -4436 80 ) (-3556 -4436 104 ) (-3556 -4644 104 ) (-3556 -4644 80 ) 
4 533 (-3580 -4644 72 ) (-3580 -4436 72 ) (-3556 -4436 80 ) (-3556 -4644 80 ) 
4 534 (-3748 -4436 16 ) (-3748 -4644 16 ) (-3748 -4644 72 ) (-3748 -4436 72 ) 
4 534 (-3580 -4436 72 ) (-3580 -4644 72 ) (-3580 -4644 16 ) (-3580 -4436 16 ) 
4 534 (-3580 -4644 16 ) (-3748 -4644 16 ) (-3748 -4436 16 ) (-3580 -4436 16 ) 
4 535 (-3772 -4644 80 ) (-3772 -4644 104 ) (-3772 -4436 104 ) (-3772 -4436 80 ) 
4 535 (-3772 -4644 79.998215 ) (-3772 -4436 79.998215 ) (-3748 -4436 71.997894 ) (-3748 -4644 71.997894 ) 
4 536 (-3772 -4436 104 ) (-3772 -4644 104 ) (-3780 -4644 112 ) (-3780 -4436 112 ) 
4 537 (-3812 -4644 104.001152 ) (-3812 -4436 104.001152 ) (-3804 -4436 112 ) (-3804 -4644 112 ) 
4 538 (-3812 -4436 80 ) (-3812 -4436 104 ) (-3812 -4644 104 ) (-3812 -4644 80 ) 
4 538 (-3836 -4644 72.003815 ) (-3836 -4436 72.003815 ) (-3812 -4436 80.002853 ) (-3812 -4644 80.002853 ) 
4 539 (-3940 -4436 16 ) (-3940 -4644 16 ) (-3940 -4644 72 ) (-3940 -4436 72 ) 
4 539 (-3836 -4436 72 ) (-3836 -4644 72 ) (-3836 -4644 16 ) (-3836 -4436 16 ) 
4 539 (-3836 -4644 16 ) (-3940 -4644 16 ) (-3940 -4436 16 ) (-3836 -4436 16 ) 
4 540 (-3964 -4644 80 ) (-3964 -4644 104 ) (-3964 -4436 104 ) (-3964 -4436 80 ) 
4 540 (-3964 -4644 80 ) (-3964 -4436 80 ) (-3940 -4436 72.001389 ) (-3940 -4644 72.001389 ) 
4 541 (-3964 -4436 104 ) (-3964 -4644 104 ) (-3972 -4644 112 ) (-3972 -4436 112 ) 
4 542 (-4004 -4644 104 ) (-4004 -4436 104 ) (-3996 -4436 112 ) (-3996 -4644 112 ) 
4 543 (-4004 -4436 80 ) (-4004 -4436 104 ) (-4004 -4644 104 ) (-4004 -4644 80 ) 
4 543 (-4028 -4644 71.997070 ) (-4028 -4436 71.997070 ) (-4004 -4436 79.997635 ) (-4004 -4644 79.997635 ) 
4 544 (-4028 -4436 72 ) (-4028 -4644 72 ) (-4028 -4644 16 ) (-4028 -4436 16 ) 
4 544 (-4028 -4644 16 ) (-4096 -4644 16 ) (-4096 -4436 16 ) (-4028 -4436 16 ) 
4 545 (-4028 -4852 16 ) (-4004 -4852 16 ) (-4004 -4852 80 ) (-4028 -4852 72 ) 
6 545 (-4004 -4852 16 ) (-3964 -4852 16 ) (-3964 -4852 104 ) (-3972 -4852 112 ) (-3996 -4852 112 ) (-4004 -4852 104 ) 
4 545 (-3964 -4852 16 ) (-3940 -4852 16 ) (-3940 -4852 72 ) (-3964 -4852 80 ) 
4 545 (-3836 -4852 16 ) (-3812 -4852 16 ) (-3812 -4852 80 ) (-3836 -4852 72 ) 
6 545 (-3812 -4852 16 ) (-3772 -4852 16 ) (-3772 -4852 104 ) (-3780 -4852 112 ) (-3804 -4852 112 ) (-3812 -4852 104 ) 
4 545 (-3772 -4852 16 ) (-3748 -4852 16 ) (-3748 -4852 72 ) (-3772 -4852 80 ) 
4 545 (-3580 -4852 16 ) (-3556 -4852 16 ) (-3556 -4852 80 ) (-3580 -4852 72 ) 
6 545 (-3556 -4852 16 ) (-3516 -4852 16 ) (-3516 -4852 104 ) (-3524 -4852 112 ) (-3548 -4852 112 ) (-3556 -4852 104 ) 
4 545 (-3516 -4852 16 ) (-3492 -4852 16 ) (-3492 -4852 72 ) (-3516 -4852 80 ) 
4 545 (-3452 -4852 16 ) (-3428 -4852 16 ) (-3428 -4852 80 ) (-3452 -4852 72 ) 
6 545 (-3428 -4852 16 ) (-3388 -4852 16 ) (-3388 -4852 104 ) (-3396 -4852 112 ) (-3420 -4852 112 ) (-3428 -4852 104 ) 
4 545 (-3388 -4852 16 ) (-3364 -4852 16 ) (-3364 -4852 72 ) (-3388 -4852 80 ) 
4 545 (-3324 -4852 16 ) (-3300 -4852 16 ) (-3300 -4852 80 ) (-3324 -4852 72 ) 
6 545 (-3300 -4852 16 ) (-3260 -4852 16 ) (-3260 -4852 104 ) (-3268 -4852 112 ) (-3292 -4852 112 ) (-3300 -4852 104 ) 
4 545 (-3260 -4852 16 ) (-3236 -4852 16 ) (-3236 -4852 72 ) (-3260 -4852 80 ) 
4 545 (-3072 -4852 16 ) (-4096 -4852 16 ) (-4096 -4644 16 ) (-3072 -4644 16 ) 
4 545 (-3260 -4644 80 ) (-3236 -4644 72 ) (-3236 -4644 16 ) (-3260 -4644 16 ) 
6 545 (-3300 -4644 104 ) (-3292 -4644 112 ) (-3268 -4644 112 ) (-3260 -4644 104 ) (-3260 -4644 16 ) (-3300 -4644 16 ) 
4 545 (-3324 -4644 72 ) (-3300 -4644 80 ) (-3300 -4644 16 ) (-3324 -4644 16 ) 
4 545 (-3388 -4644 80 ) (-3364 -4644 72 ) (-3364 -4644 16 ) (-3388 -4644 16 ) 
6 545 (-3428 -4644 104 ) (-3420 -4644 112 ) (-3396 -4644 112 ) (-3388 -4644 104 ) (-3388 -4644 16 ) (-3428 -4644 16 ) 
4 545 (-3452 -4644 72 ) (-3428 -4644 80 ) (-3428 -4644 16 ) (-3452 -4644 16 ) 
4 545 (-3516 -4644 80 ) (-3492 -4644 72 ) (-3492 -4644 16 ) (-3516 -4644 16 ) 
6 545 (-3556 -4644 104 ) (-3548 -4644 112 ) (-3524 -4644 112 ) (-3516 -4644 104 ) (-3516 -4644 16 ) (-3556 -4644 16 ) 
4 545 (-3580 -4644 72 ) (-3556 -4644 80 ) (-3556 -4644 16 ) (-3580 -4644 16 ) 
4 545 (-3772 -4644 80 ) (-3748 -4644 72 ) (-3748 -4644 16 ) (-3772 -4644 16 ) 
6 545 (-3812 -4644 104 ) (-3804 -4644 112 ) (-3780 -4644 112 ) (-3772 -4644 104 ) (-3772 -4644 16 ) (-3812 -4644 16 ) 
4 545 (-3836 -4644 72 ) (-3812 -4644 80 ) (-3812 -4644 16 ) (-3836 -4644 16 ) 
4 545 (-3964 -4644 80 ) (-3940 -4644 72 ) (-3940 -4644 16 ) (-3964 -4644 16 ) 
6 545 (-4004 -4644 104 ) (-3996 -4644 112 ) (-3972 -4644 112 ) (-3964 -4644 104 ) (-3964 -4644 16 ) (-4004 -4644 16 ) 
4 545 (-4028 -4644 72 ) (-4004 -4644 80 ) (-4004 -4644 16 ) (-4028 -4644 16 ) 
4 545 (-3072 -4644 272 ) (-4096 -4644 272 ) (-4096 -4852 272 ) (-3072 -4852 272 ) 
4 546 (-3972 -5060 112 ) (-3996 -5060 112 ) (-3996 -4852 112 ) (-3972 -4852 112 ) 
4 546 (-3780 -5060 112 ) (-3804 -5060 112 ) (-3804 -4852 112 ) (-3780 -4852 112 ) 
4 546 (-3524 -5060 112 ) (-3548 -5060 112 ) (-3548 -4852 112 ) (-3524 -4852 112 ) 
4 546 (-3396 -5060 112 ) (-3420 -5060 112 ) (-3420 -4852 112 ) (-3396 -4852 112 ) 
4 546 (-3268 -5060 112 ) (-3292 -5060 112 ) (-3292 -4852 112 ) (-3268 -4852 112 ) 
4 546 (-3072 -4852 272 ) (-4096 -4852 272 ) (-4096 -5060 272 ) (-3072 -5060 272 ) 
4 547 (-3236 -4852 16 ) (-3236 -5060 16 ) (-3236 -5060 72 ) (-3236 -4852 72 ) 
4 547 (-3072 -5060 16 ) (-3236 -5060 16 ) (-3236 -4852 16 ) (-3072 -4852 16 ) 
4 548 (-3260 -5060 80 ) (-3260 -5060 104 ) (-3260 -4852 104 ) (-3260 -4852 80 ) 
4 548 (-3260 -5060 79.998825 ) (-3260 -4852 79.998825 ) (-3236 -4852 72 ) (-3236 -5060 72 ) 
4 549 (-3260 -4852 104.002426 ) (-3260 -5060 104.002434 ) (-3267.997803 -5060 112 ) (-3267.997803 -4852 112 ) 
4 550 (-3300 -5060 104 ) (-3300 -4852 104 ) (-3292 -4852 112 ) (-3292 -5060 112 ) 
4 551 (-3300 -4852 80 ) (-3300 -4852 104 ) (-3300 -5060 104 ) (-3300 -5060 80 ) 
4 551 (-3324 -5060 72 ) (-3324 -4852 72 ) (-3300 -4852 80 ) (-3300 -5060 80 ) 
4 552 (-3364 -4852 16 ) (-3364 -5060 16 ) (-3364 -5060 72 ) (-3364 -4852 72 ) 
4 552 (-3324 -5060 16 ) (-3364 -5060 16 ) (-3364 -4852 16 ) (-3324 -4852 16 ) 
4 552 (-3324 -4852 72 ) (-3324 -5060 72 ) (-3324 -5060 16 ) (-3324 -4852 16 ) 
4 553 (-3388 -5060 80 ) (-3388 -5060 104 ) (-3388 -4852 104 ) (-3388 -4852 80 ) 
4 553 (-3388 -5060 80.003494 ) (-3388 -4852 80.003494 ) (-3364 -4852 72.002159 ) (-3364 -5060 72.002159 ) 
4 554 (-3388 -4852 104 ) (-3388 -5060 104 ) (-3396 -5060 112 ) (-3396 -4852 112 ) 
4 555 (-3428 -5060 104 ) (-3428 -4852 104 ) (-3420 -4852 112 ) (-3420 -5060 112 ) 
4 556 (-3428 -4852 80 ) (-3428 -4852 104 ) (-3428 -5060 104 ) (-3428 -5060 80 ) 
4 556 (-3452 -5060 71.997597 ) (-3452 -4852 71.997597 ) (-3428 -4852 79.996773 ) (-3428 -5060 79.996773 ) 
4 557 (-3492 -4852 16 ) (-3492 -5060 16 ) (-3492 -5060 72 ) (-3492 -4852 72 ) 
4 557 (-3452 -4852 72 ) (-3452 -5060 72 ) (-3452 -5060 16 ) (-3452 -4852 16 ) 
4 557 (-3452 -5060 16 ) (-3492 -5060 16 ) (-3492 -4852 16 ) (-3452 -4852 16 ) 
4 558 (-3516 -5060 80 ) (-3516 -5060 104 ) (-3516 -4852 104 ) (-3516 -4852 80 ) 
4 558 (-3516 -5060 79.997551 ) (-3516 -4852 79.997551 ) (-3492 -4852 71.997696 ) (-3492 -5060 71.997696 ) 
4 559 (-3516 -4852 104 ) (-3516 -5060 104 ) (-3524 -5060 112 ) (-3524 -4852 112 ) 
4 560 (-3556 -5060 104 ) (-3556 -4852 104 ) (-3548 -4852 112 ) (-3548 -5060 112 ) 
4 561 (-3556 -4852 80 ) (-3556 -4852 104 ) (-3556 -5060 104 ) (-3556 -5060 80 ) 
4 561 (-3580 -5060 72 ) (-3580 -4852 72 ) (-3556 -4852 80 ) (-3556 -5060 80 ) 
4 562 (-3748 -4852 16 ) (-3748 -5060 16 ) (-3748 -5060 72 ) (-3748 -4852 72 ) 
4 562 (-3580 -4852 72 ) (-3580 -5060 72 ) (-3580 -5060 16 ) (-3580 -4852 16 ) 
4 562 (-3580 -5060 16 ) (-3748 -5060 16 ) (-3748 -4852 16 ) (-3580 -4852 16 ) 
4 563 (-3772 -5060 80 ) (-3772 -5060 104 ) (-3772 -4852 104 ) (-3772 -4852 80 ) 
4 563 (-3772 -5060 79.998215 ) (-3772 -4852 79.998215 ) (-3748 -4852 71.997894 ) (-3748 -5060 71.997894 ) 
4 564 (-3772 -4852 104 ) (-3772 -5060 104 ) (-3780 -5060 112 ) (-3780 -4852 112 ) 
4 565 (-3812 -5060 104.001144 ) (-3812 -4852 104.001144 ) (-3804 -4852 112 ) (-3804 -5060 112 ) 
4 566 (-3812 -4852 80 ) (-3812 -4852 104 ) (-3812 -5060 104 ) (-3812 -5060 80 ) 
4 566 (-3836 -5060 72.003815 ) (-3836 -4852 72.003815 ) (-3812 -4852 80.002853 ) (-3812 -5060 80.002853 ) 
4 567 (-3940 -4852 16 ) (-3940 -5060 16 ) (-3940 -5060 72 ) (-3940 -4852 72 ) 
4 567 (-3836 -4852 72 ) (-3836 -5060 72 ) (-3836 -5060 16 ) (-3836 -4852 16 ) 
4 567 (-3836 -5060 16 ) (-3940 -5060 16 ) (-3940 -4852 16 ) (-3836 -4852 16 ) 
4 568 (-3964 -5060 80 ) (-3964 -5060 104 ) (-3964 -4852 104 ) (-3964 -4852 80 ) 
4 568 (-3964 -5060 80 ) (-3964 -4852 80 ) (-3940 -4852 72.001389 ) (-3940 -5060 72.001389 ) 
4 569 (-3964 -4852 104 ) (-3964 -5060 104 ) (-3972 -5060 112 ) (-3972 -4852 112 ) 
4 570 (-4004 -5060 104 ) (-4004 -4852 104 ) (-3996 -4852 112 ) (-3996 -5060 112 ) 
4 571 (-4004 -4852 80 ) (-4004 -4852 104 ) (-4004 -5060 104 ) (-4004 -5060 80 ) 
4 571 (-4028 -5060 71.997070 ) (-4028 -4852 71.997070 ) (-4004 -4852 79.997635 ) (-4004 -5060 79.997635 ) 
4 572 (-4028 -4852 72 ) (-4028 -5060 72 ) (-4028 -5060 16 ) (-4028 -4852 16 ) 
4 572 (-4028 -5060 16 ) (-4096 -5060 16 ) (-4096 -4852 16 ) (-4028 -4852 16 ) 
4 573 (-3072 -5120 16 ) (-4096 -5120 16 ) (-4096 -5060 16 ) (-3072 -5060 16 ) 
4 573 (-4028 -5060 72 ) (-4004 -5060 80 ) (-4004 -5060 16 ) (-4028 -5060 16 ) 
6 573 (-4004 -5060 104 ) (-3996 -5060 112 ) (-3972 -5060 112 ) (-3964 -5060 104 ) (-3964 -5060 16 ) (-4004 -5060 16 ) 
4 573 (-3964 -5060 80 ) (-3940 -5060 72 ) (-3940 -5060 16 ) (-3964 -5060 16 ) 
4 573 (-3836 -5060 72 ) (-3812 -5060 80 ) (-3812 -5060 16 ) (-3836 -5060 16 ) 
6 573 (-3812 -5060 104 ) (-3804 -5060 112 ) (-3780 -5060 112 ) (-3772 -5060 104 ) (-3772 -5060 16 ) (-3812 -5060 16 ) 
4 573 (-3772 -5060 80 ) (-3748 -5060 72 ) (-3748 -5060 16 ) (-3772 -5060 16 ) 
4 573 (-3580 -5060 72 ) (-3556 -5060 80 ) (-3556 -5060 16 ) (-3580 -5060 16 ) 
6 573 (-3556 -5060 104 ) (-3548 -5060 112 ) (-3524 -5060 112 ) (-3516 -5060 104 ) (-3516 -5060 16 ) (-3556 -5060 16 ) 
4 573 (-3516 -5060 80 ) (-3492 -5060 72 ) (-3492 -5060 16 ) (-3516 -5060 16 ) 
4 573 (-3452 -5060 72 ) (-3428 -5060 80 ) (-3428 -5060 16 ) (-3452 -5060 16 ) 
6 573 (-3428 -5060 104 ) (-3420 -5060 112 ) (-3396 -5060 112 ) (-3388 -5060 104 ) (-3388 -5060 16 ) (-3428 -5060 16 ) 
4 573 (-3388 -5060 80 ) (-3364 -5060 72 ) (-3364 -5060 16 ) (-3388 -5060 16 ) 
4 573 (-3324 -5060 72 ) (-3300 -5060 80 ) (-3300 -5060 16 ) (-3324 -5060 16 ) 
6 573 (-3300 -5060 104 ) (-3292 -5060 112 ) (-3268 -5060 112 ) (-3260 -5060 104 ) (-3260 -5060 16 ) (-3300 -5060 16 ) 
4 573 (-3260 -5060 80 ) (-3236 -5060 72 ) (-3236 -5060 16 ) (-3260 -5060 16 ) 
4 573 (-3072 -5060 272 ) (-4096 -5060 272 ) (-4096 -5120 272 ) (-3072 -5120 272 ) 
4 574 (-3072 -5238 16 ) (-4096 -5238 16 ) (-4096 -5120 16 ) (-3072 -5120 16 ) 
4 574 (-4096 -5238 272 ) (-4096 -5238 16 ) (-3072 -5238 16 ) (-3072 -5238 272 ) 
4 574 (-3072 -5120 272 ) (-4096 -5120 272 ) (-4096 -5238 272 ) (-3072 -5238 272 ) 
4 575 (-4096 -4238 272 ) (-4288 -4238 272 ) (-4288 -5120 272 ) (-4096 -5120 272 ) 
4 575 (-4288 -4238 16 ) (-4288 -5120 16 ) (-4288 -5120 272 ) (-4288 -4238 272 ) 
4 575 (-4096 -5120 16 ) (-4288 -5120 16 ) (-4288 -4238 16 ) (-4096 -4238 16 ) 
4 575 (-4288 -4238 272 ) (-4096 -4238 272 ) (-4096 -4238 16 ) (-4288 -4238 16 ) 
4 576 (-4096 -5120 272 ) (-4288 -5120 272 ) (-4288 -5238 272 ) (-4096 -5238 272 ) 
4 576 (-4288 -5120 16 ) (-4096 -5120 16 ) (-4096 -5238 16 ) (-4288 -5238 16 ) 
4 576 (-4288 -5238 16 ) (-4096 -5238 16 ) (-4096 -5238 272 ) (-4288 -5238 272 ) 
4 576 (-4288 -5120 16 ) (-4288 -5238 16 ) (-4288 -5238 272 ) (-4288 -5120 272 ) 
