PRT1
188
514
857
4 0 62 0 (680 0 368 ) (680 0 600 ) (152 0 600 ) (152 0 368 ) 
4 0 44 0 (152 0 368 ) (152 0 600 ) (152 164 600 ) (152 164 368 ) 
4 0 8 0 (152 164 600 ) (152 280 600 ) (152 280 368 ) (152 164 368 ) 
4 0 5 0 (152 280 600 ) (152 712 600 ) (152 712 368 ) (152 280 368 ) 
4 0 4 0 (152 0 368 ) (152 32 368 ) (160 32 368 ) (160 0 368 ) 
4 0 2 0 (152 416 368 ) (152 712 368 ) (160 712 368 ) (160 416 368 ) 
4 0 1 0 (160 712 368 ) (680 712 368 ) (680 0 368 ) (160 0 368 ) 
4 1 62 0 (160 0 128 ) (680 0 128 ) (680 0 368 ) (160 0 368 ) 
4 1 60 0 (680 0 128 ) (160 0 128 ) (160 64 128 ) (680 64 128 ) 
4 1 58 0 (464 384 128 ) (680 384 128 ) (680 64 128 ) (464 64 128 ) 
4 1 57 0 (160 384 128 ) (160 712 128 ) (680 712 128 ) (680 384 128 ) 
4 1 4 0 (160 32 128 ) (160 0 128 ) (160 0 368 ) (160 32 368 ) 
4 1 3 0 (160 288 128 ) (160 160 128 ) (160 160 272 ) (160 288 272 ) 
4 1 2 0 (160 712 128 ) (160 416 128 ) (160 416 368 ) (160 712 368 ) 
4 2 57 0 (152 416 128 ) (152 712 128 ) (160 712 128 ) (160 416 128 ) 
4 2 6 0 (152 712 128 ) (152 416 128 ) (152 416 368 ) (152 712 368 ) 
4 3 45 0 (152 164 128 ) (152 160 128 ) (152 160 272 ) (152 164 272 ) 
4 3 43 0 (152 180 128 ) (152 168 128 ) (152 168 144 ) (152 180 144 ) 
4 3 42 0 (152 168 148 ) (152 168 176 ) (152 180 176 ) (152 180 148 ) 
4 3 41 0 (152 196 128 ) (152 184 128 ) (152 184 144 ) (152 196 144 ) 
4 3 40 0 (152 212 128 ) (152 200 128 ) (152 200 144 ) (152 212 144 ) 
4 3 39 0 (152 184 148 ) (152 184 176 ) (152 196 176 ) (152 196 148 ) 
4 3 38 0 (152 200 176 ) (152 212 176 ) (152 212 148 ) (152 200 148 ) 
4 3 37 0 (152 168 180 ) (152 168 208 ) (152 180 208 ) (152 180 180 ) 
4 3 36 0 (152 168 212 ) (152 168 240 ) (152 180 240 ) (152 180 212 ) 
4 3 35 0 (152 196 180 ) (152 184 180 ) (152 184 208 ) (152 196 208 ) 
4 3 34 0 (152 184 240 ) (152 196 240 ) (152 196 212 ) (152 184 212 ) 
4 3 32 0 (152 200 240 ) (152 212 240 ) (152 212 212 ) (152 200 212 ) 
4 3 33 0 (152 212 208 ) (152 212 180 ) (152 200 180 ) (152 200 208 ) 
4 3 31 0 (152 228 128 ) (152 216 128 ) (152 216 144 ) (152 228 144 ) 
4 3 30 0 (152 216 148 ) (152 216 176 ) (152 228 176 ) (152 228 148 ) 
4 3 28 0 (152 232 148 ) (152 232 176 ) (152 244 176 ) (152 244 148 ) 
4 3 29 0 (152 244 128 ) (152 232 128 ) (152 232 144 ) (152 244 144 ) 
4 3 27 0 (152 216 208 ) (152 228 208 ) (152 228 180 ) (152 216 180 ) 
4 3 26 0 (152 216 240 ) (152 228 240 ) (152 228 212 ) (152 216 212 ) 
4 3 25 0 (152 244 208 ) (152 244 180 ) (152 232 180 ) (152 232 208 ) 
4 3 24 0 (152 232 240 ) (152 244 240 ) (152 244 212 ) (152 232 212 ) 
4 3 23 0 (152 168 244 ) (152 168 272 ) (152 180 272 ) (152 180 244 ) 
4 3 21 0 (152 200 272 ) (152 212 272 ) (152 212 244 ) (152 200 244 ) 
4 3 22 0 (152 184 272 ) (152 196 272 ) (152 196 244 ) (152 184 244 ) 
4 3 20 0 (152 216 272 ) (152 228 272 ) (152 228 244 ) (152 216 244 ) 
4 3 19 0 (152 232 272 ) (152 244 272 ) (152 244 244 ) (152 232 244 ) 
4 3 18 0 (152 260 128 ) (152 248 128 ) (152 248 144 ) (152 260 144 ) 
4 3 17 0 (152 248 176 ) (152 260 176 ) (152 260 148 ) (152 248 148 ) 
4 3 16 0 (152 248 208 ) (152 260 208 ) (152 260 180 ) (152 248 180 ) 
4 3 15 0 (152 248 240 ) (152 260 240 ) (152 260 212 ) (152 248 212 ) 
4 3 14 0 (152 248 272 ) (152 260 272 ) (152 260 244 ) (152 248 244 ) 
4 3 13 0 (152 276 128 ) (152 264 128 ) (152 264 144 ) (152 276 144 ) 
4 3 12 0 (152 264 148 ) (152 264 176 ) (152 276 176 ) (152 276 148 ) 
4 3 10 0 (152 264 212 ) (152 264 240 ) (152 276 240 ) (152 276 212 ) 
4 3 11 0 (152 264 180 ) (152 264 208 ) (152 276 208 ) (152 276 180 ) 
4 3 9 0 (152 264 244 ) (152 264 272 ) (152 276 272 ) (152 276 244 ) 
4 3 7 0 (152 288 128 ) (152 280 128 ) (152 280 272 ) (152 288 272 ) 
4 4 62 0 (152 0 128 ) (160 0 128 ) (160 0 368 ) (152 0 368 ) 
4 4 60 0 (160 0 128 ) (152 0 128 ) (152 32 128 ) (160 32 128 ) 
4 4 46 0 (152 32 128 ) (152 0 128 ) (152 0 368 ) (152 32 368 ) 
4 5 47 0 (148 280 368 ) (148 280 600 ) (148 712 600 ) (148 712 368 ) 
4 5 8 0 (148 280 600 ) (148 280 368 ) (152 280 368 ) (152 280 600 ) 
4 5 6 0 (148 416 368 ) (148 712 368 ) (152 712 368 ) (152 416 368 ) 
4 6 57 0 (148 416 128 ) (148 712 128 ) (152 712 128 ) (152 416 128 ) 
4 6 48 0 (148 712 128 ) (148 416 128 ) (148 416 368 ) (148 712 368 ) 
4 7 49 0 (148 288 128 ) (148 280 128 ) (148 280 272 ) (148 288 272 ) 
4 8 47 0 (148 164 368 ) (148 164 600 ) (148 280 600 ) (148 280 368 ) 
4 8 44 0 (148 164 600 ) (148 164 368 ) (152 164 368 ) (152 164 600 ) 
4 9 49 0 (148 264 244 ) (148 264 272 ) (148 276 272 ) (148 276 244 ) 
4 10 49 0 (148 264 212 ) (148 264 240 ) (148 276 240 ) (148 276 212 ) 
4 11 49 0 (148 264 180 ) (148 264 208 ) (148 276 208 ) (148 276 180 ) 
4 12 49 0 (148 264 148 ) (148 264 176 ) (148 276 176 ) (148 276 148 ) 
4 13 49 0 (148 276 128 ) (148 264 128 ) (148 264 144 ) (148 276 144 ) 
4 14 49 0 (148 248 272 ) (148 260 272 ) (148 260 244 ) (148 248 244 ) 
4 15 49 0 (148 248 240 ) (148 260 240 ) (148 260 212 ) (148 248 212 ) 
4 16 49 0 (148 248 208 ) (148 260 208 ) (148 260 180 ) (148 248 180 ) 
4 17 49 0 (148 248 176 ) (148 260 176 ) (148 260 148 ) (148 248 148 ) 
4 18 49 0 (148 260 128 ) (148 248 128 ) (148 248 144 ) (148 260 144 ) 
4 19 49 0 (148 232 272 ) (148 244 272 ) (148 244 244 ) (148 232 244 ) 
4 20 49 0 (148 216 272 ) (148 228 272 ) (148 228 244 ) (148 216 244 ) 
4 21 49 0 (148 200 272 ) (148 212 272 ) (148 212 244 ) (148 200 244 ) 
4 22 49 0 (148 184 272 ) (148 196 272 ) (148 196 244 ) (148 184 244 ) 
4 23 49 0 (148 168 244 ) (148 168 272 ) (148 180 272 ) (148 180 244 ) 
4 24 49 0 (148 232 240 ) (148 244 240 ) (148 244 212 ) (148 232 212 ) 
4 25 49 0 (148 244 208 ) (148 244 180 ) (148 232 180 ) (148 232 208 ) 
4 26 49 0 (148 216 240 ) (148 228 240 ) (148 228 212 ) (148 216 212 ) 
4 27 49 0 (148 216 208 ) (148 228 208 ) (148 228 180 ) (148 216 180 ) 
4 28 49 0 (148 232 148 ) (148 232 176 ) (148 244 176 ) (148 244 148 ) 
4 29 49 0 (148 244 128 ) (148 232 128 ) (148 232 144 ) (148 244 144 ) 
4 30 49 0 (148 216 148 ) (148 216 176 ) (148 228 176 ) (148 228 148 ) 
4 31 49 0 (148 228 128 ) (148 216 128 ) (148 216 144 ) (148 228 144 ) 
4 32 49 0 (148 200 240 ) (148 212 240 ) (148 212 212 ) (148 200 212 ) 
4 33 49 0 (148 212 208 ) (148 212 180 ) (148 200 180 ) (148 200 208 ) 
4 34 49 0 (148 184 240 ) (148 196 240 ) (148 196 212 ) (148 184 212 ) 
4 35 49 0 (148 196 180 ) (148 184 180 ) (148 184 208 ) (148 196 208 ) 
4 36 49 0 (148 168 212 ) (148 168 240 ) (148 180 240 ) (148 180 212 ) 
4 37 49 0 (148 168 180 ) (148 168 208 ) (148 180 208 ) (148 180 180 ) 
4 38 49 0 (148 200 176 ) (148 212 176 ) (148 212 148 ) (148 200 148 ) 
4 39 49 0 (148 184 148 ) (148 184 176 ) (148 196 176 ) (148 196 148 ) 
4 40 49 0 (148 212 128 ) (148 200 128 ) (148 200 144 ) (148 212 144 ) 
4 41 49 0 (148 196 128 ) (148 184 128 ) (148 184 144 ) (148 196 144 ) 
4 42 49 0 (148 168 148 ) (148 168 176 ) (148 180 176 ) (148 180 148 ) 
4 43 49 0 (148 180 128 ) (148 168 128 ) (148 168 144 ) (148 180 144 ) 
4 44 62 0 (152 0 368 ) (152 0 600 ) (148 0 600 ) (148 0 368 ) 
4 44 47 0 (148 0 368 ) (148 0 600 ) (148 164 600 ) (148 164 368 ) 
4 44 46 0 (148 0 368 ) (148 32 368 ) (152 32 368 ) (152 0 368 ) 
4 45 49 0 (148 164 128 ) (148 160 128 ) (148 160 272 ) (148 164 272 ) 
4 46 62 0 (148 0 128 ) (152 0 128 ) (152 0 368 ) (148 0 368 ) 
4 46 60 0 (152 0 128 ) (148 0 128 ) (148 32 128 ) (152 32 128 ) 
4 46 50 0 (148 32 128 ) (148 0 128 ) (148 0 368 ) (148 32 368 ) 
4 47 62 0 (148 0 368 ) (148 0 600 ) (144 0 600 ) (144 0 368 ) 
4 47 52 0 (144 384 384 ) (144 712 384 ) (144 712 368 ) (144 384 368 ) 
4 47 53 0 (144 0 368 ) (144 0 384 ) (144 64 384 ) (144 64 368 ) 
4 47 51 0 (144 0 384 ) (144 0 600 ) (144 712 600 ) (144 712 384 ) 
4 47 50 0 (144 0 368 ) (144 32 368 ) (148 32 368 ) (148 0 368 ) 
4 47 48 0 (144 416 368 ) (144 712 368 ) (148 712 368 ) (148 416 368 ) 
4 48 57 0 (144 416 128 ) (144 712 128 ) (148 712 128 ) (148 416 128 ) 
4 48 54 0 (144 712 128 ) (144 416 128 ) (144 416 320 ) (144 712 320 ) 
4 48 52 0 (144 416 320 ) (144 416 368 ) (144 712 368 ) (144 712 320 ) 
4 49 55 0 (144 288 128 ) (144 160 128 ) (144 160 272 ) (144 288 272 ) 
4 50 62 0 (144 0 128 ) (148 0 128 ) (148 0 368 ) (144 0 368 ) 
4 50 60 0 (148 0 128 ) (144 0 128 ) (144 32 128 ) (148 32 128 ) 
4 50 56 0 (144 32 128 ) (144 0 128 ) (144 0 320 ) (144 32 320 ) 
4 50 53 0 (144 0 320 ) (144 0 368 ) (144 32 368 ) (144 32 320 ) 
4 51 66 0 (0 0 384 ) (0 0 600 ) (0 712 600 ) (0 712 384 ) 
4 51 62 0 (0 0 600 ) (0 0 384 ) (144 0 384 ) (144 0 600 ) 
4 51 52 0 (0 712 384 ) (144 712 384 ) (144 384 384 ) (0 384 384 ) 
4 51 53 0 (144 64 384 ) (144 0 384 ) (0 0 384 ) (0 64 384 ) 
4 52 67 0 (0 384 384 ) (0 712 384 ) (0 712 320 ) (0 384 320 ) 
4 52 54 0 (144 712 320 ) (144 416 320 ) (0 416 320 ) (0 712 320 ) 
4 53 68 0 (0 0 320 ) (0 0 384 ) (0 64 384 ) (0 64 320 ) 
4 53 62 0 (0 0 384 ) (0 0 320 ) (144 0 320 ) (144 0 384 ) 
4 53 56 0 (144 32 320 ) (144 0 320 ) (0 0 320 ) (0 32 320 ) 
4 54 69 0 (0 416 320 ) (0 712 320 ) (0 712 128 ) (0 416 128 ) 
4 54 57 0 (0 416 128 ) (0 712 128 ) (144 712 128 ) (144 416 128 ) 
4 55 70 0 (0 64 320 ) (0 384 320 ) (0 384 128 ) (0 64 128 ) 
4 56 71 0 (0 0 128 ) (0 0 320 ) (0 32 320 ) (0 32 128 ) 
4 56 62 0 (0 0 320 ) (0 0 128 ) (144 0 128 ) (144 0 320 ) 
4 56 60 0 (144 0 128 ) (0 0 128 ) (0 32 128 ) (144 32 128 ) 
4 57 72 0 (0 384 128 ) (0 712 128 ) (0 712 64 ) (0 384 64 ) 
4 57 73 0 (0 712 64 ) (0 712 0 ) (0 384 0 ) (0 384 64 ) 
4 57 61 0 (0 384 0 ) (0 712 0 ) (680 712 0 ) (680 384 0 ) 
4 57 59 0 (0 384 0 ) (680 384 0 ) (680 384 64 ) (0 384 64 ) 
4 57 58 0 (680 384 64 ) (680 384 128 ) (464 384 128 ) (464 384 64 ) 
4 58 60 0 (680 64 128 ) (464 64 128 ) (464 64 64 ) (680 64 64 ) 
4 58 59 0 (680 64 64 ) (464 64 64 ) (464 384 64 ) (680 384 64 ) 
4 59 73 0 (0 384 64 ) (0 384 0 ) (0 64 0 ) (0 64 64 ) 
4 59 61 0 (0 64 0 ) (0 384 0 ) (680 384 0 ) (680 64 0 ) 
4 59 60 0 (0 64 0 ) (680 64 0 ) (680 64 64 ) (0 64 64 ) 
4 60 74 0 (0 0 0 ) (0 0 128 ) (0 64 128 ) (0 64 0 ) 
4 60 62 0 (0 0 128 ) (0 0 0 ) (680 0 0 ) (680 0 128 ) 
4 60 61 0 (680 0 0 ) (0 0 0 ) (0 64 0 ) (680 64 0 ) 
4 61 92 0 (0 0 -96 ) (0 0 0 ) (0 712 0 ) (0 712 -96 ) 
4 61 63 0 (0 0 0 ) (0 0 -96 ) (680 0 -96 ) (680 0 0 ) 
4 62 106 0 (0 -944 128 ) (0 0 128 ) (0 0 64 ) (0 -944 64 ) 
4 62 110 0 (0 -1024 64 ) (0 -1024 128 ) (0 -944 128 ) (0 -944 64 ) 
4 62 111 0 (0 -1024 0 ) (0 -1024 64 ) (0 0 64 ) (0 0 0 ) 
4 62 104 0 (0 -1024 128 ) (0 -1024 320 ) (0 -944 320 ) (0 -944 128 ) 
4 62 98 0 (0 -944 320 ) (0 0 320 ) (0 0 128 ) (0 -944 128 ) 
4 62 94 0 (0 -1024 320 ) (0 -1024 384 ) (0 0 384 ) (0 0 320 ) 
4 62 93 0 (0 -1024 384 ) (0 -1024 600 ) (0 0 600 ) (0 0 384 ) 
4 62 64 0 (0 -1024 600 ) (0 -1024 0 ) (680 -1024 0 ) (680 -1024 600 ) 
4 62 63 0 (680 -1024 0 ) (0 -1024 0 ) (0 0 0 ) (680 0 0 ) 
4 63 112 0 (0 -1024 -96 ) (0 -1024 0 ) (0 0 0 ) (0 0 -96 ) 
4 63 65 0 (0 -1024 0 ) (0 -1024 -96 ) (680 -1024 -96 ) (680 -1024 0 ) 
4 64 113 0 (0 -1024 600 ) (0 -1024 0 ) (0 -1064 0 ) (0 -1064 600 ) 
4 64 65 0 (0 -1064 0 ) (0 -1024 0 ) (680 -1024 0 ) (680 -1064 0 ) 
4 65 114 0 (0 -1064 -96 ) (0 -1064 0 ) (0 -1024 0 ) (0 -1024 -96 ) 
4 66 93 0 (0 0 384 ) (0 0 600 ) (-144 0 600 ) (-144 0 384 ) 
3 66 80 0 (-144 0 384 ) (-144 0 476.799988 ) (-144 58 384 ) 
5 66 76 0 (-144 0 476.799988 ) (-144 0 600 ) (-144 624 600 ) (-144 624 384 ) (-144 58 384 ) 
4 66 75 0 (-144 624 600 ) (-144 712 600 ) (-144 712 384 ) (-144 624 384 ) 
4 66 67 0 (-144 384 384 ) (-144 712 384 ) (0 712 384 ) (0 384 384 ) 
4 66 68 0 (0 0 384 ) (-144 0 384 ) (-144 64 384 ) (0 64 384 ) 
4 67 75 0 (-144 624 384 ) (-144 712 384 ) (-144 712 320 ) (-144 624 320 ) 
4 67 69 0 (-144 416 320 ) (-144 712 320 ) (0 712 320 ) (0 416 320 ) 
4 68 94 0 (0 0 320 ) (0 0 384 ) (-144 0 384 ) (-144 0 320 ) 
4 68 71 0 (0 0 320 ) (-128 0 320 ) (-128 32 320 ) (0 32 320 ) 
4 69 75 0 (-144 624 320 ) (-144 712 320 ) (-144 712 128 ) (-144 624 128 ) 
4 69 72 0 (-144 416 128 ) (-144 712 128 ) (0 712 128 ) (0 416 128 ) 
5 70 79 0 (-144 146.064514 243.096771 ) (-144 185.777771 179.555557 ) (-144 177.523804 163.047623 ) (-144 116 176 ) (-144 112 192 ) 
4 70 78 0 (-144 194.666672 128 ) (-144 128 128 ) (-144 116 176 ) (-144 183.396225 161.811325 ) 
4 70 77 0 (-144 176 195.199997 ) (-144 162.782608 216.347824 ) (-144 167.111099 216.888901 ) (-144 183.111115 200.888885 ) 
4 71 98 0 (0 0 128 ) (0 0 320 ) (-128 0 320 ) (-128 0 128 ) 
4 71 74 0 (0 0 128 ) (-128 0 128 ) (-128 32 128 ) (0 32 128 ) 
4 72 75 0 (-144 624 128 ) (-144 712 128 ) (-144 712 64 ) (-144 624 64 ) 
4 72 73 0 (-144 384 64 ) (-144 712 64 ) (0 712 64 ) (0 384 64 ) 
4 73 92 0 (-144 64 0 ) (-144 712 0 ) (0 712 0 ) (0 64 0 ) 
4 73 81 0 (-144 624 0 ) (-144 64 0 ) (-144 64 64 ) (-144 624 64 ) 
4 73 75 0 (-144 712 0 ) (-144 624 0 ) (-144 624 64 ) (-144 712 64 ) 
4 73 74 0 (-144 64 64 ) (-144 64 0 ) (0 64 0 ) (0 64 64 ) 
4 74 106 0 (0 0 64 ) (0 0 128 ) (-144 0 128 ) (-144 0 64 ) 
4 74 111 0 (-144 0 0 ) (0 0 0 ) (0 0 64 ) (-144 0 64 ) 
4 74 92 0 (0 0 0 ) (-144 0 0 ) (-144 64 0 ) (0 64 0 ) 
4 74 81 0 (-144 64 0 ) (-144 0 0 ) (-144 0 64 ) (-144 64 64 ) 
4 75 92 0 (-160 624 0 ) (-160 712 0 ) (-144 712 0 ) (-144 624 0 ) 
4 75 82 0 (-160 712 0 ) (-160 624 0 ) (-160 624 600 ) (-160 712 600 ) 
4 75 81 0 (-160 624 64 ) (-160 624 0 ) (-144 624 0 ) (-144 624 64 ) 
4 75 76 0 (-160 624 600 ) (-160 624 384 ) (-144 624 384 ) (-144 624 600 ) 
4 76 93 0 (-144 0 476.799957 ) (-144 0 600 ) (-160 0 600 ) (-160 0 476.799957 ) 
5 76 83 0 (-160 0 476.799957 ) (-160 0 600 ) (-160 624 600 ) (-160 624 384 ) (-160 58 384 ) 
4 76 80 0 (-160 0 476.797638 ) (-160 57.998116 384 ) (-144 57.996967 384 ) (-144 0 476.795135 ) 
4 77 86 0 (-160 176 195.199982 ) (-160 162.782578 216.347824 ) (-160 167.111084 216.888885 ) (-160 183.111099 200.888870 ) 
4 77 79 0 (-160 162.780182 216.347534 ) (-160 175.998199 195.198547 ) (-144 175.998001 195.198380 ) (-144 162.779800 216.347488 ) 
4 78 86 0 (-160 194.666656 128 ) (-160 128 128 ) (-160 116 176 ) (-160 183.396225 161.811325 ) 
4 78 79 0 (-160 177.524597 163.049179 ) (-160 116 176.001602 ) (-144 116 176.001602 ) (-144 177.524597 163.049179 ) 
5 79 86 0 (-160 146.064499 243.096756 ) (-160 185.777756 179.555527 ) (-160 177.523819 163.047623 ) (-160 116 176 ) (-160 112 192 ) 
4 80 93 0 (-144 0 384 ) (-144 0 476.799957 ) (-160 0 476.799957 ) (-160 0 384 ) 
3 80 83 0 (-160 0 384 ) (-160 0 476.799957 ) (-160 58 384 ) 
4 81 111 0 (-160 0 0 ) (-144 0 0 ) (-144 0 64 ) (-160 0 64 ) 
4 81 92 0 (-144 0 0 ) (-160 0 0 ) (-160 624 0 ) (-144 624 0 ) 
4 81 91 0 (-160 624 0 ) (-160 0 0 ) (-160 0 64 ) (-160 624 64 ) 
4 82 119 0 (-1024 624 64 ) (-1024 624 128 ) (-1024 712 128 ) (-1024 712 64 ) 
4 82 121 0 (-1024 712 0 ) (-1024 624 0 ) (-1024 624 64 ) (-1024 712 64 ) 
4 82 115 0 (-1024 624 128 ) (-1024 624 600 ) (-1024 712 600 ) (-1024 712 128 ) 
4 82 92 0 (-1024 624 0 ) (-1024 712 0 ) (-160 712 0 ) (-160 624 0 ) 
4 82 90 0 (-1024 624 128 ) (-1024 624 64 ) (-272 624 64 ) (-272 624 128 ) 
4 82 91 0 (-1024 624 64 ) (-1024 624 0 ) (-160 624 0 ) (-160 624 64 ) 
4 82 85 0 (-1024 624 320 ) (-1024 624 128 ) (-304 624 128 ) (-304 624 320 ) 
4 82 84 0 (-1024 624 384 ) (-1024 624 320 ) (-272 624 320 ) (-272 624 384 ) 
4 82 83 0 (-1024 624 600 ) (-1024 624 384 ) (-160 624 384 ) (-160 624 600 ) 
4 83 115 0 (-1024 0 384 ) (-1024 0 600 ) (-1024 624 600 ) (-1024 624 384 ) 
4 83 93 0 (-1024 0 600 ) (-1024 0 384 ) (-160 0 384 ) (-160 0 600 ) 
4 83 84 0 (-1024 624 384 ) (-272 624 384 ) (-272 0 384 ) (-1024 0 384 ) 
4 84 115 0 (-1024 0 320 ) (-1024 0 384 ) (-1024 624 384 ) (-1024 624 320 ) 
4 84 96 0 (-1024 0 384 ) (-1024 0 320 ) (-944 0 320 ) (-944 0 384 ) 
4 84 95 0 (-944 0 320 ) (-272 0 320 ) (-272 0 384 ) (-944 0 384 ) 
4 84 88 0 (-944 48 320 ) (-944 608 320 ) (-912 608 320 ) (-912 48 320 ) 
4 84 87 0 (-304 0 320 ) (-912 0 320 ) (-912 608 320 ) (-304 608 320 ) 
4 84 89 0 (-944 0 320 ) (-1024 0 320 ) (-1024 608 320 ) (-944 608 320 ) 
4 84 85 0 (-1024 624 320 ) (-304 624 320 ) (-304 608 320 ) (-1024 608 320 ) 
4 85 115 0 (-1024 608 320 ) (-1024 624 320 ) (-1024 624 128 ) (-1024 608 128 ) 
4 85 90 0 (-1024 624 128 ) (-304 624 128 ) (-304 608 128 ) (-1024 608 128 ) 
4 85 88 0 (-944 608 128 ) (-912 608 128 ) (-912 608 320 ) (-944 608 320 ) 
4 85 87 0 (-912 608 128 ) (-304 608 128 ) (-304 608 320 ) (-912 608 320 ) 
4 85 89 0 (-1024 608 128 ) (-944 608 128 ) (-944 608 320 ) (-1024 608 320 ) 
4 86 99 0 (-272 0 128 ) (-160 0 128 ) (-160 0 320 ) (-272 0 320 ) 
4 87 100 0 (-912 0 128 ) (-304 0 128 ) (-304 0 320 ) (-912 0 320 ) 
4 87 90 0 (-304 0 128 ) (-912 0 128 ) (-912 608 128 ) (-304 608 128 ) 
4 87 88 0 (-912 608 320 ) (-912 608 128 ) (-912 48 128 ) (-912 48 320 ) 
4 88 90 0 (-944 48 128 ) (-944 608 128 ) (-912 608 128 ) (-912 48 128 ) 
4 88 89 0 (-944 608 320 ) (-944 608 128 ) (-944 48 128 ) (-944 48 320 ) 
4 89 115 0 (-1024 0 128 ) (-1024 0 320 ) (-1024 608 320 ) (-1024 608 128 ) 
4 89 102 0 (-1024 0 320 ) (-1024 0 128 ) (-944 0 128 ) (-944 0 320 ) 
4 89 90 0 (-944 0 128 ) (-1024 0 128 ) (-1024 608 128 ) (-944 608 128 ) 
4 90 119 0 (-1024 0 64 ) (-1024 0 128 ) (-1024 624 128 ) (-1024 624 64 ) 
4 90 108 0 (-1024 0 128 ) (-1024 0 64 ) (-944 0 64 ) (-944 0 128 ) 
4 90 107 0 (-944 0 64 ) (-272 0 64 ) (-272 0 128 ) (-944 0 128 ) 
4 90 91 0 (-1024 624 64 ) (-272 624 64 ) (-272 0 64 ) (-1024 0 64 ) 
4 91 121 0 (-1024 624 0 ) (-1024 0 0 ) (-1024 0 64 ) (-1024 624 64 ) 
4 91 111 0 (-1024 0 64 ) (-1024 0 0 ) (-160 0 0 ) (-160 0 64 ) 
4 91 92 0 (-160 0 0 ) (-1024 0 0 ) (-1024 624 0 ) (-160 624 0 ) 
4 92 123 0 (-1024 0 -96 ) (-1024 0 0 ) (-1024 712 0 ) (-1024 712 -96 ) 
4 92 112 0 (-1024 0 0 ) (-1024 0 -96 ) (0 0 -96 ) (0 0 0 ) 
4 93 124 0 (-1024 -1024 384 ) (-1024 -1024 600 ) (-1024 0 600 ) (-1024 0 384 ) 
4 93 113 0 (-1024 -1024 600 ) (-1024 -1024 384 ) (0 -1024 384 ) (0 -1024 600 ) 
4 93 96 0 (-1024 -16 384 ) (-1024 0 384 ) (-944 0 384 ) (-944 -16 384 ) 
4 93 95 0 (-944 0 384 ) (-272 0 384 ) (-272 -816 384 ) (-944 -816 384 ) 
4 93 97 0 (-144 -1024 384 ) (-1024 -1024 384 ) (-1024 -944 384 ) (-144 -944 384 ) 
4 93 94 0 (0 -1024 384 ) (-144 -1024 384 ) (-144 0 384 ) (0 0 384 ) 
4 94 113 0 (-144 -1024 320 ) (0 -1024 320 ) (0 -1024 384 ) (-144 -1024 384 ) 
4 94 104 0 (0 -1024 320 ) (-144 -1024 320 ) (-144 -944 320 ) (0 -944 320 ) 
4 94 98 0 (-128 0 320 ) (0 0 320 ) (0 -944 320 ) (-128 -944 320 ) 
4 94 97 0 (-144 -944 320 ) (-144 -1024 320 ) (-144 -1024 384 ) (-144 -944 384 ) 
4 95 100 0 (-912 0 320 ) (-304 0 320 ) (-304 -784 320 ) (-912 -784 320 ) 
4 95 96 0 (-944 0 320 ) (-944 -16 320 ) (-944 -16 384 ) (-944 0 384 ) 
4 96 125 0 (-1024 -16 384 ) (-1024 0 384 ) (-1024 0 320 ) (-1024 -16 320 ) 
4 96 102 0 (-1024 -16 320 ) (-1024 0 320 ) (-944 0 320 ) (-944 -16 320 ) 
4 97 126 0 (-1024 -1024 320 ) (-1024 -1024 384 ) (-1024 -944 384 ) (-1024 -944 320 ) 
4 97 113 0 (-1024 -1024 384 ) (-1024 -1024 320 ) (-144 -1024 320 ) (-144 -1024 384 ) 
4 97 105 0 (-160 -1024 320 ) (-1024 -1024 320 ) (-1024 -976 320 ) (-160 -976 320 ) 
4 97 104 0 (-144 -1024 320 ) (-160 -1024 320 ) (-160 -944 320 ) (-144 -944 320 ) 
4 98 106 0 (-128 0 128 ) (0 0 128 ) (0 -944 128 ) (-128 -944 128 ) 
4 98 104 0 (-128 -944 128 ) (0 -944 128 ) (0 -944 320 ) (-128 -944 320 ) 
4 99 101 0 (-272 -816 128 ) (-272 -944 128 ) (-272 -944 320 ) (-272 -816 320 ) 
4 100 107 0 (-912 0 128 ) (-304 0 128 ) (-304 -784 128 ) (-912 -784 128 ) 
4 101 103 0 (-944 -816 128 ) (-944 -944 128 ) (-944 -944 320 ) (-944 -816 320 ) 
4 102 127 0 (-1024 -224 320 ) (-1024 0 320 ) (-1024 0 128 ) (-1024 -224 128 ) 
4 102 108 0 (-1024 -208 128 ) (-1024 0 128 ) (-944 0 128 ) (-944 -208 128 ) 
4 103 128 0 (-1024 -944 320 ) (-1024 -240 320 ) (-1024 -240 128 ) (-1024 -944 128 ) 
4 104 113 0 (-160 -1024 128 ) (0 -1024 128 ) (0 -1024 320 ) (-160 -1024 320 ) 
4 104 110 0 (0 -1024 128 ) (-160 -1024 128 ) (-160 -944 128 ) (0 -944 128 ) 
4 104 105 0 (-160 -976 128 ) (-160 -1024 128 ) (-160 -1024 320 ) (-160 -976 320 ) 
4 105 131 0 (-1024 -1024 128 ) (-1024 -1024 320 ) (-1024 -976 320 ) (-1024 -976 128 ) 
4 105 113 0 (-1024 -1024 320 ) (-1024 -1024 128 ) (-160 -1024 128 ) (-160 -1024 320 ) 
4 105 110 0 (-160 -1024 128 ) (-1024 -1024 128 ) (-1024 -976 128 ) (-160 -976 128 ) 
4 106 109 0 (-144 -816 64 ) (-144 -944 64 ) (-144 -944 128 ) (-144 -816 128 ) 
4 106 110 0 (-144 -944 64 ) (0 -944 64 ) (0 -944 128 ) (-144 -944 128 ) 
4 106 111 0 (-144 0 64 ) (0 0 64 ) (0 -944 64 ) (-144 -944 64 ) 
4 107 108 0 (-944 0 64 ) (-944 -208 64 ) (-944 -208 128 ) (-944 0 128 ) 
4 107 111 0 (-944 0 64 ) (-272 0 64 ) (-272 -816 64 ) (-944 -816 64 ) 
4 108 129 0 (-1024 -208 128 ) (-1024 0 128 ) (-1024 0 64 ) (-1024 -208 64 ) 
4 108 111 0 (-1024 -208 64 ) (-1024 0 64 ) (-944 0 64 ) (-944 -208 64 ) 
4 109 110 0 (-160 -944 64 ) (-144 -944 64 ) (-144 -944 128 ) (-160 -944 128 ) 
4 109 111 0 (-160 -816 64 ) (-144 -816 64 ) (-144 -944 64 ) (-160 -944 64 ) 
4 110 132 0 (-1024 -1024 64 ) (-1024 -1024 128 ) (-1024 -944 128 ) (-1024 -944 64 ) 
4 110 113 0 (-1024 -1024 128 ) (-1024 -1024 64 ) (0 -1024 64 ) (0 -1024 128 ) 
4 110 111 0 (0 -1024 64 ) (-1024 -1024 64 ) (-1024 -944 64 ) (0 -944 64 ) 
4 111 132 0 (-1024 -1024 0 ) (-1024 -1024 64 ) (-1024 -944 64 ) (-1024 -944 0 ) 
4 111 130 0 (-1024 -944 64 ) (-1024 -208 64 ) (-1024 -208 0 ) (-1024 -944 0 ) 
4 111 129 0 (-1024 -208 64 ) (-1024 0 64 ) (-1024 0 0 ) (-1024 -208 0 ) 
4 111 113 0 (-1024 -1024 64 ) (-1024 -1024 0 ) (0 -1024 0 ) (0 -1024 64 ) 
4 111 112 0 (0 -1024 0 ) (-1024 -1024 0 ) (-1024 0 0 ) (0 0 0 ) 
4 112 179 0 (-1024 -1024 -96 ) (-1024 -1024 0 ) (-1024 0 0 ) (-1024 0 -96 ) 
4 112 114 0 (-1024 -1024 0 ) (-1024 -1024 -96 ) (0 -1024 -96 ) (0 -1024 0 ) 
4 113 180 0 (-1024 -1024 600 ) (-1024 -1024 0 ) (-1024 -1064 0 ) (-1024 -1064 600 ) 
4 113 114 0 (-1024 -1064 0 ) (-1024 -1024 0 ) (0 -1024 0 ) (0 -1064 0 ) 
4 114 181 0 (-1024 -1064 -96 ) (-1024 -1064 0 ) (-1024 -1024 0 ) (-1024 -1024 -96 ) 
4 115 127 0 (-1072 0 128 ) (-1024 0 128 ) (-1024 0 320 ) (-1072 0 320 ) 
4 115 125 0 (-1024 0 320 ) (-1024 0 384 ) (-1072 0 384 ) (-1072 0 320 ) 
4 115 124 0 (-1024 0 384 ) (-1024 0 600 ) (-1072 0 600 ) (-1072 0 384 ) 
4 115 119 0 (-1024 0 128 ) (-1072 0 128 ) (-1072 712 128 ) (-1024 712 128 ) 
4 115 117 0 (-1072 712 128 ) (-1072 48 128 ) (-1072 48 320 ) (-1072 712 320 ) 
4 115 116 0 (-1072 0 320 ) (-1072 0 600 ) (-1072 712 600 ) (-1072 712 320 ) 
4 116 134 0 (-1072 0 320 ) (-1072 0 336 ) (-1104 0 336 ) (-1104 0 320 ) 
4 116 133 0 (-1072 0 336 ) (-1072 0 600 ) (-1104 0 600 ) (-1104 0 336 ) 
4 116 118 0 (-1104 0 320 ) (-1104 0 600 ) (-1104 712 600 ) (-1104 712 320 ) 
4 116 117 0 (-1104 48 320 ) (-1104 712 320 ) (-1072 712 320 ) (-1072 48 320 ) 
4 117 119 0 (-1104 48 128 ) (-1104 712 128 ) (-1072 712 128 ) (-1072 48 128 ) 
4 117 118 0 (-1104 712 128 ) (-1104 48 128 ) (-1104 48 320 ) (-1104 712 320 ) 
4 118 182 0 (-2048 0 128 ) (-2048 0 600 ) (-2048 712 600 ) (-2048 712 128 ) 
4 118 170 0 (-1408 0 128 ) (-1404 0 128 ) (-1404 0 368 ) (-1408 0 368 ) 
4 118 173 0 (-2048 0 368 ) (-2048 0 128 ) (-1408 0 128 ) (-1408 0 368 ) 
4 118 167 0 (-1404 0 128 ) (-1400 0 128 ) (-1400 0 232 ) (-1404 0 232 ) 
4 118 149 0 (-1400 0 232 ) (-1400 0 368 ) (-1404 0 368 ) (-1404 0 232 ) 
4 118 146 0 (-1400 0 128 ) (-1392 0 128 ) (-1392 0 368 ) (-1400 0 368 ) 
4 118 142 0 (-1392 0 128 ) (-1104 0 128 ) (-1104 0 368 ) (-1392 0 368 ) 
4 118 141 0 (-2048 0 600 ) (-2048 0 368 ) (-1104 0 368 ) (-1104 0 600 ) 
4 118 120 0 (-1744 120 128 ) (-1744 712 128 ) (-1408 712 128 ) (-1408 120 128 ) 
4 118 119 0 (-1104 0 128 ) (-1408 0 128 ) (-1408 712 128 ) (-1104 712 128 ) 
4 118 122 0 (-1744 0 128 ) (-2048 0 128 ) (-2048 712 128 ) (-1744 712 128 ) 
4 119 174 0 (-1104 0 128 ) (-1408 0 128 ) (-1408 0 64 ) (-1104 0 64 ) 
4 119 138 0 (-1072 0 128 ) (-1104 0 128 ) (-1104 0 64 ) (-1072 0 64 ) 
4 119 129 0 (-1024 0 64 ) (-1024 0 128 ) (-1072 0 128 ) (-1072 0 64 ) 
4 119 120 0 (-1408 712 128 ) (-1408 712 64 ) (-1408 120 64 ) (-1408 120 128 ) 
4 119 121 0 (-1024 0 64 ) (-1408 0 64 ) (-1408 712 64 ) (-1024 712 64 ) 
4 120 122 0 (-1744 712 128 ) (-1744 712 64 ) (-1744 120 64 ) (-1744 120 128 ) 
4 120 121 0 (-1744 120 64 ) (-1744 712 64 ) (-1408 712 64 ) (-1408 120 64 ) 
4 121 178 0 (-1744 0 0 ) (-1104 0 0 ) (-1104 0 64 ) (-1744 0 64 ) 
4 121 140 0 (-1104 0 0 ) (-1072 0 0 ) (-1072 0 64 ) (-1104 0 64 ) 
4 121 129 0 (-1072 0 0 ) (-1024 0 0 ) (-1024 0 64 ) (-1072 0 64 ) 
4 121 123 0 (-1024 0 0 ) (-1744 0 0 ) (-1744 712 0 ) (-1024 712 0 ) 
4 121 122 0 (-1744 712 64 ) (-1744 712 0 ) (-1744 0 0 ) (-1744 0 64 ) 
4 122 182 0 (-2048 0 0 ) (-2048 0 128 ) (-2048 712 128 ) (-2048 712 0 ) 
4 122 177 0 (-2048 0 128 ) (-2048 0 64 ) (-1744 0 64 ) (-1744 0 128 ) 
4 122 178 0 (-2048 0 64 ) (-2048 0 0 ) (-1744 0 0 ) (-1744 0 64 ) 
4 122 123 0 (-1744 0 0 ) (-2048 0 0 ) (-2048 712 0 ) (-1744 712 0 ) 
4 123 183 0 (-2048 0 -96 ) (-2048 0 0 ) (-2048 712 0 ) (-2048 712 -96 ) 
4 123 179 0 (-2048 0 0 ) (-2048 0 -96 ) (-1024 0 -96 ) (-1024 0 0 ) 
4 124 180 0 (-1024 -1024 384 ) (-1024 -1024 600 ) (-1072 -1024 600 ) (-1072 -1024 384 ) 
4 124 133 0 (-1072 0 600 ) (-1072 0 384 ) (-1072 -1024 384 ) (-1072 -1024 600 ) 
4 124 125 0 (-1072 -16 384 ) (-1072 0 384 ) (-1024 0 384 ) (-1024 -16 384 ) 
4 124 126 0 (-1024 -1024 384 ) (-1072 -1024 384 ) (-1072 -944 384 ) (-1024 -944 384 ) 
4 125 134 0 (-1072 0 336 ) (-1072 0 320 ) (-1072 -16 320 ) (-1072 -16 336 ) 
4 125 133 0 (-1072 0 384 ) (-1072 0 336 ) (-1072 -16 336 ) (-1072 -16 384 ) 
4 125 127 0 (-1072 -16 320 ) (-1072 0 320 ) (-1024 0 320 ) (-1024 -16 320 ) 
4 126 180 0 (-1024 -1024 320 ) (-1024 -1024 384 ) (-1072 -1024 384 ) (-1072 -1024 320 ) 
4 126 135 0 (-1072 -944 320 ) (-1072 -1024 320 ) (-1072 -1024 336 ) (-1072 -944 336 ) 
4 126 133 0 (-1072 -1024 336 ) (-1072 -1024 384 ) (-1072 -944 384 ) (-1072 -944 336 ) 
4 126 131 0 (-1024 -1024 320 ) (-1072 -1024 320 ) (-1072 -976 320 ) (-1024 -976 320 ) 
4 127 129 0 (-1072 -208 128 ) (-1072 0 128 ) (-1024 0 128 ) (-1024 -208 128 ) 
5 128 136 0 (-1072 -240 128 ) (-1072 -318.857147 128 ) (-1072 -296.806702 205.176483 ) (-1072 -284.226410 209.811325 ) (-1072 -264.444427 201.333328 ) 
4 129 179 0 (-1072 -208 0 ) (-1072 0 0 ) (-1024 0 0 ) (-1024 -208 0 ) 
4 129 138 0 (-1072 0 128 ) (-1072 0 64 ) (-1072 -176 64 ) (-1072 -176 128 ) 
4 129 140 0 (-1072 0 64 ) (-1072 0 0 ) (-1072 -208 0 ) (-1072 -208 64 ) 
4 129 130 0 (-1072 -208 64 ) (-1072 -208 0 ) (-1024 -208 0 ) (-1024 -208 64 ) 
4 130 179 0 (-1072 -944 0 ) (-1072 -208 0 ) (-1024 -208 0 ) (-1024 -944 0 ) 
4 130 140 0 (-1072 -208 0 ) (-1072 -944 0 ) (-1072 -944 64 ) (-1072 -208 64 ) 
4 130 132 0 (-1072 -944 64 ) (-1072 -944 0 ) (-1024 -944 0 ) (-1024 -944 64 ) 
4 131 180 0 (-1024 -1024 128 ) (-1024 -1024 320 ) (-1072 -1024 320 ) (-1072 -1024 128 ) 
4 131 137 0 (-1072 -1024 128 ) (-1072 -1024 320 ) (-1072 -976 320 ) (-1072 -976 128 ) 
4 131 132 0 (-1024 -1024 128 ) (-1072 -1024 128 ) (-1072 -976 128 ) (-1024 -976 128 ) 
4 132 180 0 (-1072 -1024 0 ) (-1024 -1024 0 ) (-1024 -1024 128 ) (-1072 -1024 128 ) 
4 132 179 0 (-1024 -1024 0 ) (-1072 -1024 0 ) (-1072 -944 0 ) (-1024 -944 0 ) 
4 132 139 0 (-1072 -1024 64 ) (-1072 -1024 128 ) (-1072 -944 128 ) (-1072 -944 64 ) 
4 132 140 0 (-1072 -944 0 ) (-1072 -1024 0 ) (-1072 -1024 64 ) (-1072 -944 64 ) 
4 133 180 0 (-1072 -1024 336 ) (-1072 -1024 600 ) (-1104 -1024 600 ) (-1104 -1024 336 ) 
4 133 143 0 (-1104 -176 336 ) (-1104 -496 336 ) (-1104 -496 368 ) (-1104 -176 368 ) 
4 133 145 0 (-1104 -496 336 ) (-1104 -1024 336 ) (-1104 -1024 368 ) (-1104 -496 368 ) 
4 133 142 0 (-1104 0 368 ) (-1104 0 336 ) (-1104 -176 336 ) (-1104 -176 368 ) 
4 133 141 0 (-1104 0 600 ) (-1104 0 368 ) (-1104 -1024 368 ) (-1104 -1024 600 ) 
4 133 135 0 (-1104 -1024 336 ) (-1104 -496 336 ) (-1072 -496 336 ) (-1072 -1024 336 ) 
4 133 134 0 (-1104 -176 336 ) (-1104 0 336 ) (-1072 0 336 ) (-1072 -176 336 ) 
4 134 142 0 (-1104 0 336 ) (-1104 0 320 ) (-1104 -176 320 ) (-1104 -176 336 ) 
4 135 180 0 (-1072 -1024 320 ) (-1072 -1024 336 ) (-1104 -1024 336 ) (-1104 -1024 320 ) 
4 135 145 0 (-1104 -496 320 ) (-1104 -1024 320 ) (-1104 -1024 336 ) (-1104 -496 336 ) 
4 135 137 0 (-1104 -1024 320 ) (-1104 -944 320 ) (-1072 -944 320 ) (-1072 -1024 320 ) 
5 136 144 0 (-1104 -240 128 ) (-1104 -318.857178 128 ) (-1104 -296.806732 205.176483 ) (-1104 -284.226440 209.811325 ) (-1104 -264.444458 201.333328 ) 
4 137 180 0 (-1072 -1024 128 ) (-1072 -1024 320 ) (-1104 -1024 320 ) (-1104 -1024 128 ) 
4 137 145 0 (-1104 -944 128 ) (-1104 -1024 128 ) (-1104 -1024 320 ) (-1104 -944 320 ) 
4 137 139 0 (-1104 -1024 128 ) (-1104 -944 128 ) (-1072 -944 128 ) (-1072 -1024 128 ) 
4 138 174 0 (-1104 0 128 ) (-1104 0 64 ) (-1104 -176 64 ) (-1104 -176 128 ) 
4 138 140 0 (-1104 -176 64 ) (-1104 0 64 ) (-1072 0 64 ) (-1072 -176 64 ) 
4 139 180 0 (-1072 -1024 64 ) (-1072 -1024 128 ) (-1104 -1024 128 ) (-1104 -1024 64 ) 
4 139 175 0 (-1104 -496 64 ) (-1104 -832 64 ) (-1104 -832 128 ) (-1104 -496 128 ) 
4 139 176 0 (-1104 -832 64 ) (-1104 -1024 64 ) (-1104 -1024 128 ) (-1104 -832 128 ) 
4 139 140 0 (-1104 -1024 64 ) (-1104 -496 64 ) (-1072 -496 64 ) (-1072 -1024 64 ) 
4 140 180 0 (-1104 -1024 0 ) (-1072 -1024 0 ) (-1072 -1024 64 ) (-1104 -1024 64 ) 
4 140 179 0 (-1072 -1024 0 ) (-1104 -1024 0 ) (-1104 0 0 ) (-1072 0 0 ) 
4 140 178 0 (-1104 0 64 ) (-1104 0 0 ) (-1104 -1024 0 ) (-1104 -1024 64 ) 
4 141 184 0 (-2048 -1024 368 ) (-2048 -1024 600 ) (-2048 0 600 ) (-2048 0 368 ) 
4 141 180 0 (-2048 -1024 600 ) (-2048 -1024 368 ) (-1104 -1024 368 ) (-1104 -1024 600 ) 
4 141 172 0 (-1404 -528 368 ) (-1404 -1024 368 ) (-1408 -1024 368 ) (-1408 -528 368 ) 
4 141 170 0 (-1408 0 368 ) (-1404 0 368 ) (-1404 -144 368 ) (-1408 -144 368 ) 
4 141 173 0 (-2048 0 368 ) (-1408 0 368 ) (-1408 -1024 368 ) (-2048 -1024 368 ) 
4 141 166 0 (-1400 -528 368 ) (-1400 -1024 368 ) (-1404 -1024 368 ) (-1404 -528 368 ) 
4 141 149 0 (-1404 0 368 ) (-1400 0 368 ) (-1400 -144 368 ) (-1404 -144 368 ) 
4 141 148 0 (-1392 -528 368 ) (-1392 -1024 368 ) (-1400 -1024 368 ) (-1400 -528 368 ) 
4 141 146 0 (-1400 0 368 ) (-1392 0 368 ) (-1392 -144 368 ) (-1400 -144 368 ) 
4 141 143 0 (-1104 -176 368 ) (-1104 -496 368 ) (-1392 -496 368 ) (-1392 -176 368 ) 
4 141 145 0 (-1104 -496 368 ) (-1104 -1024 368 ) (-1392 -1024 368 ) (-1392 -496 368 ) 
4 141 142 0 (-1392 0 368 ) (-1104 0 368 ) (-1104 -176 368 ) (-1392 -176 368 ) 
4 142 174 0 (-1392 0 128 ) (-1104 0 128 ) (-1104 -176 128 ) (-1392 -176 128 ) 
4 142 146 0 (-1392 0 128 ) (-1392 -144 128 ) (-1392 -144 368 ) (-1392 0 368 ) 
4 142 143 0 (-1392 -176 368 ) (-1392 -176 336 ) (-1104 -176 336 ) (-1104 -176 368 ) 
4 143 145 0 (-1392 -496 368 ) (-1392 -496 336 ) (-1104 -496 336 ) (-1104 -496 368 ) 
4 144 147 0 (-1392 -272 128 ) (-1392 -400 128 ) (-1392 -400 272 ) (-1392 -272 272 ) 
4 145 180 0 (-1392 -1024 128 ) (-1104 -1024 128 ) (-1104 -1024 368 ) (-1392 -1024 368 ) 
4 145 175 0 (-1104 -496 128 ) (-1104 -832 128 ) (-1392 -832 128 ) (-1392 -496 128 ) 
4 145 176 0 (-1104 -832 128 ) (-1104 -1024 128 ) (-1392 -1024 128 ) (-1392 -832 128 ) 
4 145 148 0 (-1392 -528 128 ) (-1392 -1024 128 ) (-1392 -1024 368 ) (-1392 -528 368 ) 
4 146 174 0 (-1400 0 128 ) (-1392 0 128 ) (-1392 -144 128 ) (-1400 -144 128 ) 
4 146 167 0 (-1400 0 128 ) (-1400 -144 128 ) (-1400 -144 232 ) (-1400 0 232 ) 
4 146 149 0 (-1400 -144 232 ) (-1400 -144 368 ) (-1400 0 368 ) (-1400 0 232 ) 
4 147 168 0 (-1400 -272 128 ) (-1400 -400 128 ) (-1400 -400 232 ) (-1400 -272 232 ) 
4 147 165 0 (-1400 -400 232 ) (-1400 -400 272 ) (-1400 -396 272 ) (-1400 -396 232 ) 
4 147 164 0 (-1400 -380 232 ) (-1400 -392 232 ) (-1400 -392 256 ) (-1400 -380 256 ) 
4 147 163 0 (-1400 -392 272 ) (-1400 -380 272 ) (-1400 -380 260 ) (-1400 -392 260 ) 
4 147 162 0 (-1400 -364 232 ) (-1400 -376 232 ) (-1400 -376 256 ) (-1400 -364 256 ) 
4 147 161 0 (-1400 -348 256 ) (-1400 -348 232 ) (-1400 -360 232 ) (-1400 -360 256 ) 
4 147 160 0 (-1400 -376 272 ) (-1400 -364 272 ) (-1400 -364 260 ) (-1400 -376 260 ) 
4 147 159 0 (-1400 -360 272 ) (-1400 -348 272 ) (-1400 -348 260 ) (-1400 -360 260 ) 
4 147 158 0 (-1400 -332 256 ) (-1400 -332 232 ) (-1400 -344 232 ) (-1400 -344 256 ) 
4 147 157 0 (-1400 -344 272 ) (-1400 -332 272 ) (-1400 -332 260 ) (-1400 -344 260 ) 
4 147 155 0 (-1400 -328 272 ) (-1400 -316 272 ) (-1400 -316 260 ) (-1400 -328 260 ) 
4 147 156 0 (-1400 -316 256 ) (-1400 -316 232 ) (-1400 -328 232 ) (-1400 -328 256 ) 
4 147 154 0 (-1400 -300 232 ) (-1400 -312 232 ) (-1400 -312 256 ) (-1400 -300 256 ) 
4 147 153 0 (-1400 -312 272 ) (-1400 -300 272 ) (-1400 -300 260 ) (-1400 -312 260 ) 
4 147 151 0 (-1400 -296 272 ) (-1400 -284 272 ) (-1400 -284 260 ) (-1400 -296 260 ) 
4 147 152 0 (-1400 -284 256 ) (-1400 -284 232 ) (-1400 -296 232 ) (-1400 -296 256 ) 
4 147 150 0 (-1400 -280 272 ) (-1400 -272 272 ) (-1400 -272 232 ) (-1400 -280 232 ) 
4 148 180 0 (-1400 -1024 128 ) (-1392 -1024 128 ) (-1392 -1024 368 ) (-1400 -1024 368 ) 
4 148 175 0 (-1392 -528 128 ) (-1392 -832 128 ) (-1400 -832 128 ) (-1400 -528 128 ) 
4 148 176 0 (-1392 -832 128 ) (-1392 -1024 128 ) (-1400 -1024 128 ) (-1400 -832 128 ) 
4 148 169 0 (-1400 -528 128 ) (-1400 -1024 128 ) (-1400 -1024 232 ) (-1400 -528 232 ) 
4 148 166 0 (-1400 -1024 232 ) (-1400 -1024 368 ) (-1400 -528 368 ) (-1400 -528 232 ) 
4 149 170 0 (-1404 -144 368 ) (-1404 0 368 ) (-1404 0 232 ) (-1404 -144 232 ) 
4 149 167 0 (-1404 -144 232 ) (-1404 0 232 ) (-1400 0 232 ) (-1400 -144 232 ) 
4 150 171 0 (-1404 -272 272 ) (-1404 -272 232 ) (-1404 -280 232 ) (-1404 -280 272 ) 
4 150 168 0 (-1404 -280 232 ) (-1404 -272 232 ) (-1400 -272 232 ) (-1400 -280 232 ) 
4 151 171 0 (-1404 -296 260 ) (-1404 -296 272 ) (-1404 -284 272 ) (-1404 -284 260 ) 
4 152 171 0 (-1404 -284 232 ) (-1404 -296 232 ) (-1404 -296 256 ) (-1404 -284 256 ) 
4 152 168 0 (-1404 -296 232 ) (-1404 -284 232 ) (-1400 -284 232 ) (-1400 -296 232 ) 
4 153 171 0 (-1404 -312 260 ) (-1404 -312 272 ) (-1404 -300 272 ) (-1404 -300 260 ) 
4 154 171 0 (-1404 -300 232 ) (-1404 -312 232 ) (-1404 -312 256 ) (-1404 -300 256 ) 
4 154 168 0 (-1404 -312 232 ) (-1404 -300 232 ) (-1400 -300 232 ) (-1400 -312 232 ) 
4 155 171 0 (-1404 -328 260 ) (-1404 -328 272 ) (-1404 -316 272 ) (-1404 -316 260 ) 
4 156 171 0 (-1404 -316 232 ) (-1404 -328 232 ) (-1404 -328 256 ) (-1404 -316 256 ) 
4 156 168 0 (-1404 -328 232 ) (-1404 -316 232 ) (-1400 -316 232 ) (-1400 -328 232 ) 
4 157 171 0 (-1404 -344 272 ) (-1404 -332 272 ) (-1404 -332 260 ) (-1404 -344 260 ) 
4 158 171 0 (-1404 -332 232 ) (-1404 -344 232 ) (-1404 -344 256 ) (-1404 -332 256 ) 
4 158 168 0 (-1404 -344 232 ) (-1404 -332 232 ) (-1400 -332 232 ) (-1400 -344 232 ) 
4 159 171 0 (-1404 -360 272 ) (-1404 -348 272 ) (-1404 -348 260 ) (-1404 -360 260 ) 
4 160 171 0 (-1404 -376 260 ) (-1404 -376 272 ) (-1404 -364 272 ) (-1404 -364 260 ) 
4 161 171 0 (-1404 -348 232 ) (-1404 -360 232 ) (-1404 -360 256 ) (-1404 -348 256 ) 
4 161 168 0 (-1404 -360 232 ) (-1404 -348 232 ) (-1400 -348 232 ) (-1400 -360 232 ) 
4 162 171 0 (-1404 -364 232 ) (-1404 -376 232 ) (-1404 -376 256 ) (-1404 -364 256 ) 
4 162 168 0 (-1404 -376 232 ) (-1404 -364 232 ) (-1400 -364 232 ) (-1400 -376 232 ) 
4 163 171 0 (-1404 -392 260 ) (-1404 -392 272 ) (-1404 -380 272 ) (-1404 -380 260 ) 
4 164 171 0 (-1404 -380 232 ) (-1404 -392 232 ) (-1404 -392 256 ) (-1404 -380 256 ) 
4 164 168 0 (-1404 -392 232 ) (-1404 -380 232 ) (-1400 -380 232 ) (-1400 -392 232 ) 
4 165 171 0 (-1404 -396 272 ) (-1404 -396 232 ) (-1404 -400 232 ) (-1404 -400 272 ) 
4 165 168 0 (-1404 -400 232 ) (-1404 -396 232 ) (-1400 -396 232 ) (-1400 -400 232 ) 
4 166 180 0 (-1400 -1024 232 ) (-1400 -1024 368 ) (-1404 -1024 368 ) (-1404 -1024 232 ) 
4 166 172 0 (-1404 -1024 232 ) (-1404 -1024 368 ) (-1404 -528 368 ) (-1404 -528 232 ) 
4 166 169 0 (-1404 -1024 232 ) (-1404 -528 232 ) (-1400 -528 232 ) (-1400 -1024 232 ) 
4 167 174 0 (-1404 0 128 ) (-1400 0 128 ) (-1400 -144 128 ) (-1404 -144 128 ) 
4 167 170 0 (-1404 0 128 ) (-1404 -144 128 ) (-1404 -144 232 ) (-1404 0 232 ) 
4 168 171 0 (-1404 -272 128 ) (-1404 -400 128 ) (-1404 -400 232 ) (-1404 -272 232 ) 
4 169 180 0 (-1404 -1024 128 ) (-1400 -1024 128 ) (-1400 -1024 232 ) (-1404 -1024 232 ) 
4 169 175 0 (-1400 -528 128 ) (-1400 -832 128 ) (-1404 -832 128 ) (-1404 -528 128 ) 
4 169 176 0 (-1400 -832 128 ) (-1400 -1024 128 ) (-1404 -1024 128 ) (-1404 -832 128 ) 
4 169 172 0 (-1404 -528 128 ) (-1404 -1024 128 ) (-1404 -1024 232 ) (-1404 -528 232 ) 
4 170 174 0 (-1408 0 128 ) (-1404 0 128 ) (-1404 -144 128 ) (-1408 -144 128 ) 
4 170 173 0 (-1408 0 128 ) (-1408 -144 128 ) (-1408 -144 368 ) (-1408 0 368 ) 
4 171 173 0 (-1408 -272 128 ) (-1408 -400 128 ) (-1408 -400 272 ) (-1408 -272 272 ) 
4 172 180 0 (-1408 -1024 128 ) (-1404 -1024 128 ) (-1404 -1024 368 ) (-1408 -1024 368 ) 
4 172 175 0 (-1404 -528 128 ) (-1404 -832 128 ) (-1408 -832 128 ) (-1408 -528 128 ) 
4 172 176 0 (-1404 -832 128 ) (-1404 -1024 128 ) (-1408 -1024 128 ) (-1408 -832 128 ) 
4 172 173 0 (-1408 -528 128 ) (-1408 -1024 128 ) (-1408 -1024 368 ) (-1408 -528 368 ) 
4 173 184 0 (-2048 -1024 128 ) (-2048 -1024 368 ) (-2048 0 368 ) (-2048 0 128 ) 
4 173 180 0 (-2048 -1024 368 ) (-2048 -1024 128 ) (-1408 -1024 128 ) (-1408 -1024 368 ) 
4 173 176 0 (-1408 -832 128 ) (-1408 -1024 128 ) (-1744 -1024 128 ) (-1744 -832 128 ) 
4 173 177 0 (-2048 0 128 ) (-1744 0 128 ) (-1744 -1024 128 ) (-2048 -1024 128 ) 
4 174 178 0 (-1408 0 64 ) (-1104 0 64 ) (-1104 -176 64 ) (-1408 -176 64 ) 
4 175 176 0 (-1408 -832 64 ) (-1104 -832 64 ) (-1104 -832 128 ) (-1408 -832 128 ) 
4 175 178 0 (-1104 -496 64 ) (-1104 -832 64 ) (-1408 -832 64 ) (-1408 -496 64 ) 
4 176 180 0 (-1744 -1024 64 ) (-1104 -1024 64 ) (-1104 -1024 128 ) (-1744 -1024 128 ) 
4 176 177 0 (-1744 -832 64 ) (-1744 -1024 64 ) (-1744 -1024 128 ) (-1744 -832 128 ) 
4 176 178 0 (-1104 -832 64 ) (-1104 -1024 64 ) (-1744 -1024 64 ) (-1744 -832 64 ) 
4 177 184 0 (-2048 -1024 64 ) (-2048 -1024 128 ) (-2048 0 128 ) (-2048 0 64 ) 
4 177 180 0 (-2048 -1024 128 ) (-2048 -1024 64 ) (-1744 -1024 64 ) (-1744 -1024 128 ) 
4 177 178 0 (-2048 0 64 ) (-1744 0 64 ) (-1744 -1024 64 ) (-2048 -1024 64 ) 
4 178 184 0 (-2048 -1024 0 ) (-2048 -1024 64 ) (-2048 0 64 ) (-2048 0 0 ) 
4 178 180 0 (-2048 -1024 64 ) (-2048 -1024 0 ) (-1104 -1024 0 ) (-1104 -1024 64 ) 
4 178 179 0 (-1104 -1024 0 ) (-2048 -1024 0 ) (-2048 0 0 ) (-1104 0 0 ) 
4 179 185 0 (-2048 -1024 -96 ) (-2048 -1024 0 ) (-2048 0 0 ) (-2048 0 -96 ) 
4 179 181 0 (-2048 -1024 0 ) (-2048 -1024 -96 ) (-1024 -1024 -96 ) (-1024 -1024 0 ) 
4 180 186 0 (-2048 -1064 600 ) (-2048 -1024 600 ) (-2048 -1024 0 ) (-2048 -1064 0 ) 
4 180 181 0 (-2048 -1064 0 ) (-2048 -1024 0 ) (-1024 -1024 0 ) (-1024 -1064 0 ) 
4 181 187 0 (-2048 -1064 0 ) (-2048 -1024 0 ) (-2048 -1024 -96 ) (-2048 -1064 -96 ) 
4 182 184 0 (-2048 0 0 ) (-2048 0 600 ) (-2104 0 600 ) (-2104 0 0 ) 
4 182 183 0 (-2048 0 0 ) (-2104 0 0 ) (-2104 712 0 ) (-2048 712 0 ) 
4 183 185 0 (-2048 0 -96 ) (-2048 0 0 ) (-2104 0 0 ) (-2104 0 -96 ) 
4 184 186 0 (-2104 -1024 0 ) (-2048 -1024 0 ) (-2048 -1024 600 ) (-2104 -1024 600 ) 
4 184 185 0 (-2048 -1024 0 ) (-2104 -1024 0 ) (-2104 0 0 ) (-2048 0 0 ) 
4 185 187 0 (-2104 -1024 -96 ) (-2048 -1024 -96 ) (-2048 -1024 0 ) (-2104 -1024 0 ) 
4 186 187 0 (-2104 -1024 0 ) (-2048 -1024 0 ) (-2048 -1064 0 ) (-2104 -1064 0 ) 
4 0 (152 32 368 ) (152 160 368 ) (160 160 368 ) (160 32 368 ) 
4 0 (152 160 368 ) (152 416 368 ) (160 416 368 ) (160 160 368 ) 
4 0 (680 712 600 ) (680 712 368 ) (152 712 368 ) (152 712 600 ) 
4 0 (680 712 600 ) (680 0 600 ) (680 0 368 ) (680 712 368 ) 
4 0 (680 0 600 ) (680 712 600 ) (152 712 600 ) (152 0 600 ) 
4 1 (160 64 128 ) (160 384 128 ) (464 384 128 ) (464 64 128 ) 
4 1 (160 160 128 ) (160 32 128 ) (160 32 368 ) (160 160 368 ) 
4 1 (160 416 128 ) (160 288 128 ) (160 288 272 ) (160 416 272 ) 
4 1 (160 160 272 ) (160 160 368 ) (160 416 368 ) (160 416 272 ) 
4 1 (680 712 368 ) (680 0 368 ) (680 0 128 ) (680 712 128 ) 
4 1 (680 712 368 ) (680 712 128 ) (160 712 128 ) (160 712 368 ) 
4 2 (160 416 128 ) (160 416 272 ) (152 416 272 ) (152 416 128 ) 
4 2 (160 416 272 ) (160 416 368 ) (152 416 368 ) (152 416 272 ) 
4 2 (152 712 128 ) (152 712 368 ) (160 712 368 ) (160 712 128 ) 
4 3 (152 160 128 ) (152 288 128 ) (160 288 128 ) (160 160 128 ) 
4 3 (152 184 128 ) (152 180 128 ) (152 180 144 ) (152 184 144 ) 
4 3 (152 168 144 ) (152 168 148 ) (152 180 148 ) (152 180 144 ) 
4 3 (152 184 148 ) (152 184 144 ) (152 180 144 ) (152 180 148 ) 
4 3 (152 180 176 ) (152 184 176 ) (152 184 148 ) (152 180 148 ) 
4 3 (152 200 128 ) (152 196 128 ) (152 196 144 ) (152 200 144 ) 
4 3 (152 184 144 ) (152 184 148 ) (152 196 148 ) (152 196 144 ) 
4 3 (152 196 148 ) (152 200 148 ) (152 200 144 ) (152 196 144 ) 
4 3 (152 196 176 ) (152 200 176 ) (152 200 148 ) (152 196 148 ) 
4 3 (152 212 148 ) (152 212 144 ) (152 200 144 ) (152 200 148 ) 
4 3 (152 168 176 ) (152 168 180 ) (152 180 180 ) (152 180 176 ) 
4 3 (152 180 180 ) (152 184 180 ) (152 184 176 ) (152 180 176 ) 
4 3 (152 180 208 ) (152 184 208 ) (152 184 180 ) (152 180 180 ) 
4 3 (152 168 208 ) (152 168 212 ) (152 180 212 ) (152 180 208 ) 
4 3 (152 180 212 ) (152 184 212 ) (152 184 208 ) (152 180 208 ) 
4 3 (152 180 240 ) (152 184 240 ) (152 184 212 ) (152 180 212 ) 
4 3 (152 196 176 ) (152 184 176 ) (152 184 180 ) (152 196 180 ) 
4 3 (152 200 176 ) (152 196 176 ) (152 196 180 ) (152 200 180 ) 
4 3 (152 212 180 ) (152 212 176 ) (152 200 176 ) (152 200 180 ) 
4 3 (152 200 208 ) (152 200 180 ) (152 196 180 ) (152 196 208 ) 
4 3 (152 196 212 ) (152 196 208 ) (152 184 208 ) (152 184 212 ) 
4 3 (152 200 212 ) (152 200 208 ) (152 196 208 ) (152 196 212 ) 
4 3 (152 196 240 ) (152 200 240 ) (152 200 212 ) (152 196 212 ) 
4 3 (152 212 212 ) (152 212 208 ) (152 200 208 ) (152 200 212 ) 
4 3 (152 168 240 ) (152 168 244 ) (152 180 244 ) (152 180 240 ) 
4 3 (152 180 244 ) (152 184 244 ) (152 184 240 ) (152 180 240 ) 
4 3 (152 184 244 ) (152 196 244 ) (152 196 240 ) (152 184 240 ) 
4 3 (152 196 244 ) (152 200 244 ) (152 200 240 ) (152 196 240 ) 
4 3 (152 200 244 ) (152 212 244 ) (152 212 240 ) (152 200 240 ) 
4 3 (152 216 128 ) (152 212 128 ) (152 212 144 ) (152 216 144 ) 
4 3 (152 212 144 ) (152 212 148 ) (152 216 148 ) (152 216 144 ) 
4 3 (152 212 148 ) (152 212 176 ) (152 216 176 ) (152 216 148 ) 
4 3 (152 232 128 ) (152 228 128 ) (152 228 144 ) (152 232 144 ) 
4 3 (152 216 144 ) (152 216 148 ) (152 228 148 ) (152 228 144 ) 
4 3 (152 228 148 ) (152 232 148 ) (152 232 144 ) (152 228 144 ) 
4 3 (152 228 176 ) (152 232 176 ) (152 232 148 ) (152 228 148 ) 
4 3 (152 232 144 ) (152 232 148 ) (152 244 148 ) (152 244 144 ) 
4 3 (152 212 176 ) (152 212 180 ) (152 216 180 ) (152 216 176 ) 
4 3 (152 216 180 ) (152 228 180 ) (152 228 176 ) (152 216 176 ) 
4 3 (152 228 180 ) (152 232 180 ) (152 232 176 ) (152 228 176 ) 
4 3 (152 212 180 ) (152 212 208 ) (152 216 208 ) (152 216 180 ) 
4 3 (152 212 208 ) (152 212 212 ) (152 216 212 ) (152 216 208 ) 
4 3 (152 216 212 ) (152 228 212 ) (152 228 208 ) (152 216 208 ) 
4 3 (152 212 212 ) (152 212 240 ) (152 216 240 ) (152 216 212 ) 
4 3 (152 232 212 ) (152 232 208 ) (152 228 208 ) (152 228 212 ) 
4 3 (152 228 240 ) (152 232 240 ) (152 232 212 ) (152 228 212 ) 
4 3 (152 232 208 ) (152 232 180 ) (152 228 180 ) (152 228 208 ) 
4 3 (152 244 212 ) (152 244 208 ) (152 232 208 ) (152 232 212 ) 
4 3 (152 244 180 ) (152 244 176 ) (152 232 176 ) (152 232 180 ) 
4 3 (152 216 244 ) (152 228 244 ) (152 228 240 ) (152 216 240 ) 
4 3 (152 228 244 ) (152 232 244 ) (152 232 240 ) (152 228 240 ) 
4 3 (152 232 244 ) (152 244 244 ) (152 244 240 ) (152 232 240 ) 
4 3 (152 212 240 ) (152 212 244 ) (152 216 244 ) (152 216 240 ) 
4 3 (152 180 272 ) (152 184 272 ) (152 184 244 ) (152 180 244 ) 
4 3 (152 196 272 ) (152 200 272 ) (152 200 244 ) (152 196 244 ) 
4 3 (152 228 272 ) (152 232 272 ) (152 232 244 ) (152 228 244 ) 
4 3 (152 212 272 ) (152 216 272 ) (152 216 244 ) (152 212 244 ) 
4 3 (152 248 128 ) (152 244 128 ) (152 244 144 ) (152 248 144 ) 
4 3 (152 244 144 ) (152 244 148 ) (152 248 148 ) (152 248 144 ) 
4 3 (152 248 148 ) (152 260 148 ) (152 260 144 ) (152 248 144 ) 
4 3 (152 244 148 ) (152 244 176 ) (152 248 176 ) (152 248 148 ) 
4 3 (152 260 144 ) (152 260 148 ) (152 264 148 ) (152 264 144 ) 
4 3 (152 260 148 ) (152 260 176 ) (152 264 176 ) (152 264 148 ) 
4 3 (152 264 128 ) (152 260 128 ) (152 260 144 ) (152 264 144 ) 
4 3 (152 244 176 ) (152 244 180 ) (152 248 180 ) (152 248 176 ) 
4 3 (152 248 180 ) (152 260 180 ) (152 260 176 ) (152 248 176 ) 
4 3 (152 260 180 ) (152 264 180 ) (152 264 176 ) (152 260 176 ) 
4 3 (152 244 180 ) (152 244 208 ) (152 248 208 ) (152 248 180 ) 
4 3 (152 244 208 ) (152 244 212 ) (152 248 212 ) (152 248 208 ) 
4 3 (152 248 212 ) (152 260 212 ) (152 260 208 ) (152 248 208 ) 
4 3 (152 244 212 ) (152 244 240 ) (152 248 240 ) (152 248 212 ) 
4 3 (152 264 212 ) (152 264 208 ) (152 260 208 ) (152 260 212 ) 
4 3 (152 260 240 ) (152 264 240 ) (152 264 212 ) (152 260 212 ) 
4 3 (152 264 208 ) (152 264 180 ) (152 260 180 ) (152 260 208 ) 
4 3 (152 248 244 ) (152 260 244 ) (152 260 240 ) (152 248 240 ) 
4 3 (152 260 244 ) (152 264 244 ) (152 264 240 ) (152 260 240 ) 
4 3 (152 244 240 ) (152 244 244 ) (152 248 244 ) (152 248 240 ) 
4 3 (152 260 272 ) (152 264 272 ) (152 264 244 ) (152 260 244 ) 
4 3 (152 244 244 ) (152 244 272 ) (152 248 272 ) (152 248 244 ) 
4 3 (152 264 144 ) (152 264 148 ) (152 276 148 ) (152 276 144 ) 
4 3 (152 264 208 ) (152 264 212 ) (152 276 212 ) (152 276 208 ) 
4 3 (152 264 240 ) (152 264 244 ) (152 276 244 ) (152 276 240 ) 
4 3 (152 264 176 ) (152 264 180 ) (152 276 180 ) (152 276 176 ) 
4 3 (152 168 128 ) (152 164 128 ) (152 164 272 ) (152 168 272 ) 
4 3 (152 280 128 ) (152 276 128 ) (152 276 272 ) (152 280 272 ) 
4 3 (160 160 128 ) (160 160 272 ) (152 160 272 ) (152 160 128 ) 
4 3 (160 288 272 ) (152 288 272 ) (152 160 272 ) (160 160 272 ) 
4 3 (152 288 128 ) (152 288 272 ) (160 288 272 ) (160 288 128 ) 
4 4 (152 32 128 ) (152 32 368 ) (160 32 368 ) (160 32 128 ) 
4 5 (152 280 368 ) (148 280 368 ) (148 288 368 ) (152 288 368 ) 
4 5 (148 288 368 ) (148 416 368 ) (152 416 368 ) (152 288 368 ) 
4 5 (152 712 600 ) (152 712 368 ) (148 712 368 ) (148 712 600 ) 
4 5 (152 712 600 ) (148 712 600 ) (148 280 600 ) (152 280 600 ) 
4 6 (152 712 368 ) (152 712 128 ) (148 712 128 ) (148 712 368 ) 
4 6 (152 416 128 ) (152 416 368 ) (148 416 368 ) (148 416 128 ) 
4 7 (148 280 128 ) (148 288 128 ) (152 288 128 ) (152 280 128 ) 
4 7 (148 280 272 ) (148 280 128 ) (152 280 128 ) (152 280 272 ) 
4 7 (148 288 128 ) (148 288 272 ) (152 288 272 ) (152 288 128 ) 
4 7 (152 288 272 ) (148 288 272 ) (148 280 272 ) (152 280 272 ) 
4 8 (152 164 368 ) (148 164 368 ) (148 280 368 ) (152 280 368 ) 
4 8 (152 280 600 ) (148 280 600 ) (148 164 600 ) (152 164 600 ) 
4 9 (152 264 244 ) (152 264 272 ) (148 264 272 ) (148 264 244 ) 
4 9 (152 264 244 ) (148 264 244 ) (148 276 244 ) (152 276 244 ) 
4 9 (152 264 272 ) (152 276 272 ) (148 276 272 ) (148 264 272 ) 
4 9 (148 276 244 ) (148 276 272 ) (152 276 272 ) (152 276 244 ) 
4 10 (152 264 212 ) (152 264 240 ) (148 264 240 ) (148 264 212 ) 
4 10 (148 276 212 ) (148 276 240 ) (152 276 240 ) (152 276 212 ) 
4 10 (152 276 240 ) (148 276 240 ) (148 264 240 ) (152 264 240 ) 
4 10 (152 264 212 ) (148 264 212 ) (148 276 212 ) (152 276 212 ) 
4 11 (152 264 180 ) (152 264 208 ) (148 264 208 ) (148 264 180 ) 
4 11 (152 276 208 ) (148 276 208 ) (148 264 208 ) (152 264 208 ) 
4 11 (148 276 180 ) (148 276 208 ) (152 276 208 ) (152 276 180 ) 
4 11 (152 264 180 ) (148 264 180 ) (148 276 180 ) (152 276 180 ) 
4 12 (152 264 148 ) (152 264 176 ) (148 264 176 ) (148 264 148 ) 
4 12 (152 264 148 ) (148 264 148 ) (148 276 148 ) (152 276 148 ) 
4 12 (148 276 148 ) (148 276 176 ) (152 276 176 ) (152 276 148 ) 
4 12 (152 276 176 ) (148 276 176 ) (148 264 176 ) (152 264 176 ) 
4 13 (148 264 128 ) (148 276 128 ) (152 276 128 ) (152 264 128 ) 
4 13 (152 264 128 ) (152 264 144 ) (148 264 144 ) (148 264 128 ) 
4 13 (148 276 128 ) (148 276 144 ) (152 276 144 ) (152 276 128 ) 
4 13 (152 276 144 ) (148 276 144 ) (148 264 144 ) (152 264 144 ) 
4 14 (148 248 244 ) (148 260 244 ) (152 260 244 ) (152 248 244 ) 
4 14 (148 248 244 ) (152 248 244 ) (152 248 272 ) (148 248 272 ) 
4 14 (152 248 272 ) (152 260 272 ) (148 260 272 ) (148 248 272 ) 
4 14 (148 260 272 ) (152 260 272 ) (152 260 244 ) (148 260 244 ) 
4 15 (148 248 212 ) (148 260 212 ) (152 260 212 ) (152 248 212 ) 
4 15 (152 248 240 ) (152 260 240 ) (148 260 240 ) (148 248 240 ) 
4 15 (148 260 212 ) (148 260 240 ) (152 260 240 ) (152 260 212 ) 
4 15 (148 248 212 ) (152 248 212 ) (152 248 240 ) (148 248 240 ) 
4 16 (148 248 180 ) (148 260 180 ) (152 260 180 ) (152 248 180 ) 
4 16 (148 260 208 ) (152 260 208 ) (152 260 180 ) (148 260 180 ) 
4 16 (152 248 208 ) (152 260 208 ) (148 260 208 ) (148 248 208 ) 
4 16 (148 248 180 ) (152 248 180 ) (152 248 208 ) (148 248 208 ) 
4 17 (148 248 148 ) (148 260 148 ) (152 260 148 ) (152 248 148 ) 
4 17 (152 248 176 ) (152 260 176 ) (148 260 176 ) (148 248 176 ) 
4 17 (148 260 148 ) (148 260 176 ) (152 260 176 ) (152 260 148 ) 
4 17 (148 248 148 ) (152 248 148 ) (152 248 176 ) (148 248 176 ) 
4 18 (148 248 128 ) (148 260 128 ) (152 260 128 ) (152 248 128 ) 
4 18 (148 260 128 ) (148 260 144 ) (152 260 144 ) (152 260 128 ) 
4 18 (152 248 144 ) (152 260 144 ) (148 260 144 ) (148 248 144 ) 
4 18 (152 248 128 ) (152 248 144 ) (148 248 144 ) (148 248 128 ) 
4 19 (148 232 244 ) (148 244 244 ) (152 244 244 ) (152 232 244 ) 
4 19 (148 232 244 ) (152 232 244 ) (152 232 272 ) (148 232 272 ) 
4 19 (152 232 272 ) (152 244 272 ) (148 244 272 ) (148 232 272 ) 
4 19 (148 244 244 ) (148 244 272 ) (152 244 272 ) (152 244 244 ) 
4 20 (148 216 244 ) (148 228 244 ) (152 228 244 ) (152 216 244 ) 
4 20 (148 216 244 ) (152 216 244 ) (152 216 272 ) (148 216 272 ) 
4 20 (152 216 272 ) (152 228 272 ) (148 228 272 ) (148 216 272 ) 
4 20 (148 228 272 ) (152 228 272 ) (152 228 244 ) (148 228 244 ) 
4 21 (148 200 244 ) (148 212 244 ) (152 212 244 ) (152 200 244 ) 
4 21 (152 200 272 ) (152 212 272 ) (148 212 272 ) (148 200 272 ) 
4 21 (148 212 272 ) (152 212 272 ) (152 212 244 ) (148 212 244 ) 
4 21 (148 200 244 ) (152 200 244 ) (152 200 272 ) (148 200 272 ) 
4 22 (148 184 244 ) (148 196 244 ) (152 196 244 ) (152 184 244 ) 
4 22 (148 184 244 ) (152 184 244 ) (152 184 272 ) (148 184 272 ) 
4 22 (148 196 272 ) (152 196 272 ) (152 196 244 ) (148 196 244 ) 
4 22 (152 184 272 ) (152 196 272 ) (148 196 272 ) (148 184 272 ) 
4 23 (152 168 244 ) (148 168 244 ) (148 180 244 ) (152 180 244 ) 
4 23 (152 168 272 ) (152 180 272 ) (148 180 272 ) (148 168 272 ) 
4 23 (152 168 244 ) (152 168 272 ) (148 168 272 ) (148 168 244 ) 
4 23 (148 180 272 ) (152 180 272 ) (152 180 244 ) (148 180 244 ) 
4 24 (152 232 212 ) (152 232 240 ) (148 232 240 ) (148 232 212 ) 
4 24 (152 232 212 ) (148 232 212 ) (148 244 212 ) (152 244 212 ) 
4 24 (152 232 240 ) (152 244 240 ) (148 244 240 ) (148 232 240 ) 
4 24 (148 244 212 ) (148 244 240 ) (152 244 240 ) (152 244 212 ) 
4 25 (152 232 180 ) (152 232 208 ) (148 232 208 ) (148 232 180 ) 
4 25 (148 244 180 ) (148 244 208 ) (152 244 208 ) (152 244 180 ) 
4 25 (152 232 180 ) (148 232 180 ) (148 244 180 ) (152 244 180 ) 
4 25 (152 244 208 ) (148 244 208 ) (148 232 208 ) (152 232 208 ) 
4 26 (148 216 212 ) (148 228 212 ) (152 228 212 ) (152 216 212 ) 
4 26 (152 216 240 ) (152 228 240 ) (148 228 240 ) (148 216 240 ) 
4 26 (148 228 212 ) (148 228 240 ) (152 228 240 ) (152 228 212 ) 
4 26 (148 216 212 ) (152 216 212 ) (152 216 240 ) (148 216 240 ) 
4 27 (148 216 180 ) (148 228 180 ) (152 228 180 ) (152 216 180 ) 
4 27 (148 228 208 ) (152 228 208 ) (152 228 180 ) (148 228 180 ) 
4 27 (152 216 208 ) (152 228 208 ) (148 228 208 ) (148 216 208 ) 
4 27 (148 216 180 ) (152 216 180 ) (152 216 208 ) (148 216 208 ) 
4 28 (152 232 148 ) (152 232 176 ) (148 232 176 ) (148 232 148 ) 
4 28 (148 244 148 ) (148 244 176 ) (152 244 176 ) (152 244 148 ) 
4 28 (152 232 176 ) (152 244 176 ) (148 244 176 ) (148 232 176 ) 
4 28 (152 232 148 ) (148 232 148 ) (148 244 148 ) (152 244 148 ) 
4 29 (148 232 128 ) (148 244 128 ) (152 244 128 ) (152 232 128 ) 
4 29 (152 232 128 ) (152 232 144 ) (148 232 144 ) (148 232 128 ) 
4 29 (152 244 144 ) (148 244 144 ) (148 232 144 ) (152 232 144 ) 
4 29 (148 244 128 ) (148 244 144 ) (152 244 144 ) (152 244 128 ) 
4 30 (152 216 148 ) (152 216 176 ) (148 216 176 ) (148 216 148 ) 
4 30 (152 216 148 ) (148 216 148 ) (148 228 148 ) (152 228 148 ) 
4 30 (152 216 176 ) (152 228 176 ) (148 228 176 ) (148 216 176 ) 
4 30 (148 228 176 ) (152 228 176 ) (152 228 148 ) (148 228 148 ) 
4 31 (148 216 128 ) (148 228 128 ) (152 228 128 ) (152 216 128 ) 
4 31 (152 216 128 ) (152 216 144 ) (148 216 144 ) (148 216 128 ) 
4 31 (152 228 144 ) (148 228 144 ) (148 216 144 ) (152 216 144 ) 
4 31 (148 228 128 ) (148 228 144 ) (152 228 144 ) (152 228 128 ) 
4 32 (152 200 212 ) (152 200 240 ) (148 200 240 ) (148 200 212 ) 
4 32 (152 200 240 ) (152 212 240 ) (148 212 240 ) (148 200 240 ) 
4 32 (148 212 212 ) (148 212 240 ) (152 212 240 ) (152 212 212 ) 
4 32 (152 200 212 ) (148 200 212 ) (148 212 212 ) (152 212 212 ) 
4 33 (148 200 180 ) (148 212 180 ) (152 212 180 ) (152 200 180 ) 
4 33 (148 200 180 ) (152 200 180 ) (152 200 208 ) (148 200 208 ) 
4 33 (152 212 208 ) (148 212 208 ) (148 200 208 ) (152 200 208 ) 
4 33 (148 212 180 ) (148 212 208 ) (152 212 208 ) (152 212 180 ) 
4 34 (152 184 212 ) (152 184 240 ) (148 184 240 ) (148 184 212 ) 
4 34 (152 184 240 ) (152 196 240 ) (148 196 240 ) (148 184 240 ) 
4 34 (148 196 212 ) (148 196 240 ) (152 196 240 ) (152 196 212 ) 
4 34 (152 184 212 ) (148 184 212 ) (148 196 212 ) (152 196 212 ) 
4 35 (152 184 180 ) (152 184 208 ) (148 184 208 ) (148 184 180 ) 
4 35 (152 184 180 ) (148 184 180 ) (148 196 180 ) (152 196 180 ) 
4 35 (152 196 208 ) (148 196 208 ) (148 184 208 ) (152 184 208 ) 
4 35 (148 196 208 ) (152 196 208 ) (152 196 180 ) (148 196 180 ) 
4 36 (152 168 212 ) (148 168 212 ) (148 180 212 ) (152 180 212 ) 
4 36 (152 168 212 ) (152 168 240 ) (148 168 240 ) (148 168 212 ) 
4 36 (152 180 240 ) (148 180 240 ) (148 168 240 ) (152 168 240 ) 
4 36 (148 180 240 ) (152 180 240 ) (152 180 212 ) (148 180 212 ) 
4 37 (152 168 180 ) (148 168 180 ) (148 180 180 ) (152 180 180 ) 
4 37 (152 168 180 ) (152 168 208 ) (148 168 208 ) (148 168 180 ) 
4 37 (152 180 208 ) (148 180 208 ) (148 168 208 ) (152 168 208 ) 
4 37 (148 180 208 ) (152 180 208 ) (152 180 180 ) (148 180 180 ) 
4 38 (152 200 148 ) (152 200 176 ) (148 200 176 ) (148 200 148 ) 
4 38 (152 200 176 ) (152 212 176 ) (148 212 176 ) (148 200 176 ) 
4 38 (148 212 148 ) (148 212 176 ) (152 212 176 ) (152 212 148 ) 
4 38 (152 200 148 ) (148 200 148 ) (148 212 148 ) (152 212 148 ) 
4 39 (152 184 148 ) (152 184 176 ) (148 184 176 ) (148 184 148 ) 
4 39 (152 184 148 ) (148 184 148 ) (148 196 148 ) (152 196 148 ) 
4 39 (152 184 176 ) (152 196 176 ) (148 196 176 ) (148 184 176 ) 
4 39 (148 196 176 ) (152 196 176 ) (152 196 148 ) (148 196 148 ) 
4 40 (148 200 128 ) (148 212 128 ) (152 212 128 ) (152 200 128 ) 
4 40 (152 200 128 ) (152 200 144 ) (148 200 144 ) (148 200 128 ) 
4 40 (148 212 128 ) (148 212 144 ) (152 212 144 ) (152 212 128 ) 
4 40 (152 200 144 ) (152 212 144 ) (148 212 144 ) (148 200 144 ) 
4 41 (148 184 128 ) (148 196 128 ) (152 196 128 ) (152 184 128 ) 
4 41 (152 184 128 ) (152 184 144 ) (148 184 144 ) (148 184 128 ) 
4 41 (152 196 144 ) (148 196 144 ) (148 184 144 ) (152 184 144 ) 
4 41 (148 196 128 ) (148 196 144 ) (152 196 144 ) (152 196 128 ) 
4 42 (152 180 176 ) (148 180 176 ) (148 168 176 ) (152 168 176 ) 
4 42 (152 168 148 ) (152 168 176 ) (148 168 176 ) (148 168 148 ) 
4 42 (148 180 148 ) (148 180 176 ) (152 180 176 ) (152 180 148 ) 
4 42 (152 168 148 ) (148 168 148 ) (148 180 148 ) (152 180 148 ) 
4 43 (148 168 128 ) (148 180 128 ) (152 180 128 ) (152 168 128 ) 
4 43 (152 168 128 ) (152 168 144 ) (148 168 144 ) (148 168 128 ) 
4 43 (152 180 144 ) (148 180 144 ) (148 168 144 ) (152 168 144 ) 
4 43 (148 180 128 ) (148 180 144 ) (152 180 144 ) (152 180 128 ) 
4 44 (148 160 368 ) (148 164 368 ) (152 164 368 ) (152 160 368 ) 
4 44 (148 32 368 ) (148 160 368 ) (152 160 368 ) (152 32 368 ) 
4 44 (152 0 600 ) (152 164 600 ) (148 164 600 ) (148 0 600 ) 
4 45 (148 160 128 ) (148 164 128 ) (152 164 128 ) (152 160 128 ) 
4 45 (152 160 128 ) (152 160 272 ) (148 160 272 ) (148 160 128 ) 
4 45 (152 164 272 ) (152 164 128 ) (148 164 128 ) (148 164 272 ) 
4 45 (152 164 272 ) (148 164 272 ) (148 160 272 ) (152 160 272 ) 
4 46 (148 32 128 ) (148 32 368 ) (152 32 368 ) (152 32 128 ) 
4 47 (144 64 384 ) (144 384 384 ) (144 384 368 ) (144 64 368 ) 
4 47 (144 32 368 ) (144 160 368 ) (148 160 368 ) (148 32 368 ) 
4 47 (144 160 368 ) (144 416 368 ) (148 416 368 ) (148 160 368 ) 
4 47 (148 0 600 ) (148 712 600 ) (144 712 600 ) (144 0 600 ) 
4 47 (144 712 600 ) (148 712 600 ) (148 712 368 ) (144 712 368 ) 
4 48 (148 416 128 ) (148 416 272 ) (144 416 272 ) (144 416 128 ) 
4 48 (148 416 272 ) (148 416 368 ) (144 416 368 ) (144 416 272 ) 
4 48 (144 712 128 ) (144 712 368 ) (148 712 368 ) (148 712 128 ) 
4 49 (144 160 128 ) (144 288 128 ) (148 288 128 ) (148 160 128 ) 
4 49 (148 160 128 ) (148 160 272 ) (144 160 272 ) (144 160 128 ) 
4 49 (148 288 272 ) (144 288 272 ) (144 160 272 ) (148 160 272 ) 
4 49 (148 280 272 ) (148 276 272 ) (148 276 128 ) (148 280 128 ) 
4 49 (148 168 272 ) (148 164 272 ) (148 164 128 ) (148 168 128 ) 
4 49 (148 276 176 ) (148 276 180 ) (148 264 180 ) (148 264 176 ) 
4 49 (148 276 240 ) (148 276 244 ) (148 264 244 ) (148 264 240 ) 
4 49 (148 276 208 ) (148 276 212 ) (148 264 212 ) (148 264 208 ) 
4 49 (148 276 144 ) (148 276 148 ) (148 264 148 ) (148 264 144 ) 
4 49 (148 248 244 ) (148 248 272 ) (148 244 272 ) (148 244 244 ) 
4 49 (148 260 244 ) (148 264 244 ) (148 264 272 ) (148 260 272 ) 
4 49 (148 248 240 ) (148 248 244 ) (148 244 244 ) (148 244 240 ) 
4 49 (148 260 240 ) (148 264 240 ) (148 264 244 ) (148 260 244 ) 
4 49 (148 248 240 ) (148 260 240 ) (148 260 244 ) (148 248 244 ) 
4 49 (148 260 208 ) (148 260 180 ) (148 264 180 ) (148 264 208 ) 
4 49 (148 260 212 ) (148 264 212 ) (148 264 240 ) (148 260 240 ) 
4 49 (148 260 212 ) (148 260 208 ) (148 264 208 ) (148 264 212 ) 
4 49 (148 248 212 ) (148 248 240 ) (148 244 240 ) (148 244 212 ) 
4 49 (148 248 208 ) (148 260 208 ) (148 260 212 ) (148 248 212 ) 
4 49 (148 248 208 ) (148 248 212 ) (148 244 212 ) (148 244 208 ) 
4 49 (148 248 180 ) (148 248 208 ) (148 244 208 ) (148 244 180 ) 
4 49 (148 260 176 ) (148 264 176 ) (148 264 180 ) (148 260 180 ) 
4 49 (148 248 176 ) (148 260 176 ) (148 260 180 ) (148 248 180 ) 
4 49 (148 248 176 ) (148 248 180 ) (148 244 180 ) (148 244 176 ) 
4 49 (148 264 144 ) (148 260 144 ) (148 260 128 ) (148 264 128 ) 
4 49 (148 264 148 ) (148 264 176 ) (148 260 176 ) (148 260 148 ) 
4 49 (148 264 144 ) (148 264 148 ) (148 260 148 ) (148 260 144 ) 
4 49 (148 248 148 ) (148 248 176 ) (148 244 176 ) (148 244 148 ) 
4 49 (148 248 144 ) (148 260 144 ) (148 260 148 ) (148 248 148 ) 
4 49 (148 248 144 ) (148 248 148 ) (148 244 148 ) (148 244 144 ) 
4 49 (148 248 144 ) (148 244 144 ) (148 244 128 ) (148 248 128 ) 
4 49 (148 212 244 ) (148 216 244 ) (148 216 272 ) (148 212 272 ) 
4 49 (148 228 244 ) (148 232 244 ) (148 232 272 ) (148 228 272 ) 
4 49 (148 196 244 ) (148 200 244 ) (148 200 272 ) (148 196 272 ) 
4 49 (148 180 244 ) (148 184 244 ) (148 184 272 ) (148 180 272 ) 
4 49 (148 216 240 ) (148 216 244 ) (148 212 244 ) (148 212 240 ) 
4 49 (148 232 240 ) (148 244 240 ) (148 244 244 ) (148 232 244 ) 
4 49 (148 228 240 ) (148 232 240 ) (148 232 244 ) (148 228 244 ) 
4 49 (148 216 240 ) (148 228 240 ) (148 228 244 ) (148 216 244 ) 
4 49 (148 232 180 ) (148 232 176 ) (148 244 176 ) (148 244 180 ) 
4 49 (148 232 212 ) (148 232 208 ) (148 244 208 ) (148 244 212 ) 
4 49 (148 228 208 ) (148 228 180 ) (148 232 180 ) (148 232 208 ) 
4 49 (148 228 212 ) (148 232 212 ) (148 232 240 ) (148 228 240 ) 
4 49 (148 228 212 ) (148 228 208 ) (148 232 208 ) (148 232 212 ) 
4 49 (148 216 212 ) (148 216 240 ) (148 212 240 ) (148 212 212 ) 
4 49 (148 216 208 ) (148 228 208 ) (148 228 212 ) (148 216 212 ) 
4 49 (148 216 208 ) (148 216 212 ) (148 212 212 ) (148 212 208 ) 
4 49 (148 216 180 ) (148 216 208 ) (148 212 208 ) (148 212 180 ) 
4 49 (148 228 176 ) (148 232 176 ) (148 232 180 ) (148 228 180 ) 
4 49 (148 216 176 ) (148 228 176 ) (148 228 180 ) (148 216 180 ) 
4 49 (148 216 176 ) (148 216 180 ) (148 212 180 ) (148 212 176 ) 
4 49 (148 244 144 ) (148 244 148 ) (148 232 148 ) (148 232 144 ) 
4 49 (148 228 148 ) (148 232 148 ) (148 232 176 ) (148 228 176 ) 
4 49 (148 228 144 ) (148 232 144 ) (148 232 148 ) (148 228 148 ) 
4 49 (148 228 144 ) (148 228 148 ) (148 216 148 ) (148 216 144 ) 
4 49 (148 232 144 ) (148 228 144 ) (148 228 128 ) (148 232 128 ) 
4 49 (148 216 148 ) (148 216 176 ) (148 212 176 ) (148 212 148 ) 
4 49 (148 216 144 ) (148 216 148 ) (148 212 148 ) (148 212 144 ) 
4 49 (148 216 144 ) (148 212 144 ) (148 212 128 ) (148 216 128 ) 
4 49 (148 200 240 ) (148 212 240 ) (148 212 244 ) (148 200 244 ) 
4 49 (148 196 240 ) (148 200 240 ) (148 200 244 ) (148 196 244 ) 
4 49 (148 184 240 ) (148 196 240 ) (148 196 244 ) (148 184 244 ) 
4 49 (148 180 240 ) (148 184 240 ) (148 184 244 ) (148 180 244 ) 
4 49 (148 180 240 ) (148 180 244 ) (148 168 244 ) (148 168 240 ) 
4 49 (148 200 212 ) (148 200 208 ) (148 212 208 ) (148 212 212 ) 
4 49 (148 196 212 ) (148 200 212 ) (148 200 240 ) (148 196 240 ) 
4 49 (148 196 212 ) (148 196 208 ) (148 200 208 ) (148 200 212 ) 
4 49 (148 184 212 ) (148 184 208 ) (148 196 208 ) (148 196 212 ) 
4 49 (148 196 208 ) (148 196 180 ) (148 200 180 ) (148 200 208 ) 
4 49 (148 200 180 ) (148 200 176 ) (148 212 176 ) (148 212 180 ) 
4 49 (148 200 180 ) (148 196 180 ) (148 196 176 ) (148 200 176 ) 
4 49 (148 196 180 ) (148 184 180 ) (148 184 176 ) (148 196 176 ) 
4 49 (148 180 212 ) (148 184 212 ) (148 184 240 ) (148 180 240 ) 
4 49 (148 180 208 ) (148 184 208 ) (148 184 212 ) (148 180 212 ) 
4 49 (148 180 208 ) (148 180 212 ) (148 168 212 ) (148 168 208 ) 
4 49 (148 180 180 ) (148 184 180 ) (148 184 208 ) (148 180 208 ) 
4 49 (148 180 176 ) (148 184 176 ) (148 184 180 ) (148 180 180 ) 
4 49 (148 180 176 ) (148 180 180 ) (148 168 180 ) (148 168 176 ) 
4 49 (148 200 148 ) (148 200 144 ) (148 212 144 ) (148 212 148 ) 
4 49 (148 196 148 ) (148 200 148 ) (148 200 176 ) (148 196 176 ) 
4 49 (148 196 144 ) (148 200 144 ) (148 200 148 ) (148 196 148 ) 
4 49 (148 196 144 ) (148 196 148 ) (148 184 148 ) (148 184 144 ) 
4 49 (148 200 144 ) (148 196 144 ) (148 196 128 ) (148 200 128 ) 
4 49 (148 180 148 ) (148 184 148 ) (148 184 176 ) (148 180 176 ) 
4 49 (148 180 148 ) (148 180 144 ) (148 184 144 ) (148 184 148 ) 
4 49 (148 180 144 ) (148 180 148 ) (148 168 148 ) (148 168 144 ) 
4 49 (148 184 144 ) (148 180 144 ) (148 180 128 ) (148 184 128 ) 
4 49 (144 288 128 ) (144 288 272 ) (148 288 272 ) (148 288 128 ) 
4 50 (144 32 128 ) (144 32 368 ) (148 32 368 ) (148 32 128 ) 
4 51 (144 384 384 ) (144 64 384 ) (0 64 384 ) (0 384 384 ) 
4 51 (0 712 384 ) (0 712 600 ) (144 712 600 ) (144 712 384 ) 
4 51 (0 712 600 ) (0 0 600 ) (144 0 600 ) (144 712 600 ) 
4 52 (144 416 320 ) (144 384 320 ) (0 384 320 ) (0 416 320 ) 
4 52 (0 712 384 ) (144 712 384 ) (144 712 320 ) (0 712 320 ) 
4 52 (144 384 320 ) (144 416 320 ) (144 416 368 ) (144 384 368 ) 
4 52 (0 384 320 ) (144 384 320 ) (144 384 384 ) (0 384 384 ) 
4 53 (144 64 320 ) (144 32 320 ) (0 32 320 ) (0 64 320 ) 
4 53 (0 64 384 ) (144 64 384 ) (144 64 320 ) (0 64 320 ) 
4 53 (144 64 320 ) (144 64 368 ) (144 32 368 ) (144 32 320 ) 
4 54 (0 712 320 ) (144 712 320 ) (144 712 128 ) (0 712 128 ) 
4 54 (0 416 128 ) (144 416 128 ) (144 416 320 ) (0 416 320 ) 
4 55 (0 64 128 ) (0 384 128 ) (144 384 128 ) (144 64 128 ) 
4 55 (0 64 128 ) (144 64 128 ) (144 64 320 ) (0 64 320 ) 
4 55 (0 384 320 ) (144 384 320 ) (144 384 128 ) (0 384 128 ) 
4 55 (0 384 320 ) (0 64 320 ) (144 64 320 ) (144 384 320 ) 
4 55 (144 384 272 ) (144 384 320 ) (144 160 320 ) (144 160 272 ) 
4 55 (144 384 272 ) (144 288 272 ) (144 288 128 ) (144 384 128 ) 
4 55 (144 160 320 ) (144 64 320 ) (144 64 128 ) (144 160 128 ) 
4 56 (0 32 320 ) (144 32 320 ) (144 32 128 ) (0 32 128 ) 
4 57 (464 384 128 ) (0 384 128 ) (0 384 64 ) (464 384 64 ) 
4 57 (680 712 128 ) (680 384 128 ) (680 384 0 ) (680 712 0 ) 
4 57 (144 384 128 ) (144 416 128 ) (0 416 128 ) (0 384 128 ) 
4 57 (148 384 128 ) (148 416 128 ) (144 416 128 ) (144 384 128 ) 
4 57 (152 384 128 ) (152 416 128 ) (148 416 128 ) (148 384 128 ) 
4 57 (160 384 128 ) (160 416 128 ) (152 416 128 ) (152 384 128 ) 
4 57 (0 712 128 ) (680 712 128 ) (680 712 0 ) (0 712 0 ) 
4 58 (464 384 128 ) (464 384 64 ) (464 64 64 ) (464 64 128 ) 
4 58 (680 64 128 ) (680 64 64 ) (680 384 64 ) (680 384 128 ) 
4 59 (464 384 64 ) (0 384 64 ) (0 64 64 ) (464 64 64 ) 
4 59 (680 384 0 ) (680 384 64 ) (680 64 64 ) (680 64 0 ) 
4 60 (144 32 128 ) (144 64 128 ) (0 64 128 ) (0 32 128 ) 
4 60 (148 32 128 ) (148 64 128 ) (144 64 128 ) (144 32 128 ) 
4 60 (152 32 128 ) (152 64 128 ) (148 64 128 ) (148 32 128 ) 
4 60 (160 32 128 ) (160 64 128 ) (152 64 128 ) (152 32 128 ) 
4 60 (464 64 64 ) (0 64 64 ) (0 64 128 ) (464 64 128 ) 
4 60 (680 0 128 ) (680 0 0 ) (680 64 0 ) (680 64 128 ) 
4 61 (680 0 -96 ) (0 0 -96 ) (0 712 -96 ) (680 712 -96 ) 
4 61 (680 712 -96 ) (0 712 -96 ) (0 712 0 ) (680 712 0 ) 
4 61 (680 0 0 ) (680 0 -96 ) (680 712 -96 ) (680 712 0 ) 
4 62 (680 0 600 ) (0 0 600 ) (0 -1024 600 ) (680 -1024 600 ) 
4 62 (680 0 600 ) (680 -1024 600 ) (680 -1024 0 ) (680 0 0 ) 
4 63 (680 0 -96 ) (680 0 0 ) (680 -1024 0 ) (680 -1024 -96 ) 
4 63 (0 0 -96 ) (680 0 -96 ) (680 -1024 -96 ) (0 -1024 -96 ) 
4 64 (680 -1024 600 ) (0 -1024 600 ) (0 -1064 600 ) (680 -1064 600 ) 
4 64 (0 -1064 600 ) (0 -1064 0 ) (680 -1064 0 ) (680 -1064 600 ) 
4 64 (680 -1024 600 ) (680 -1064 600 ) (680 -1064 0 ) (680 -1024 0 ) 
4 65 (680 -1024 -96 ) (680 -1024 0 ) (680 -1064 0 ) (680 -1064 -96 ) 
4 65 (680 -1064 0 ) (0 -1064 0 ) (0 -1064 -96 ) (680 -1064 -96 ) 
4 65 (0 -1024 -96 ) (680 -1024 -96 ) (680 -1064 -96 ) (0 -1064 -96 ) 
4 66 (-144 64 384 ) (-144 384 384 ) (0 384 384 ) (0 64 384 ) 
4 66 (0 712 600 ) (0 712 384 ) (-144 712 384 ) (-144 712 600 ) 
4 66 (0 712 600 ) (-144 712 600 ) (-144 0 600 ) (0 0 600 ) 
4 67 (-144 384 384 ) (-144 624 384 ) (-144 624 320 ) (-144 384 320 ) 
4 67 (-144 384 320 ) (-144 416 320 ) (0 416 320 ) (0 384 320 ) 
4 67 (0 712 384 ) (0 712 320 ) (-144 712 320 ) (-144 712 384 ) 
4 67 (-144 384 320 ) (0 384 320 ) (0 384 384 ) (-144 384 384 ) 
5 68 (-144 0 320 ) (-144 0 384 ) (-144 58 384 ) (-144 64 374.399994 ) (-144 64 320 ) 
3 68 (-144 58 384 ) (-144 64 384 ) (-144 64 374.399994 ) 
4 68 (-128 32 320 ) (-128 64 320 ) (0 64 320 ) (0 32 320 ) 
4 68 (-128 0 320 ) (-144 0 320 ) (-144 64 320 ) (-128 64 320 ) 
4 68 (-144 64 384 ) (0 64 384 ) (0 64 320 ) (-144 64 320 ) 
4 69 (-144 416 320 ) (-144 624 320 ) (-144 624 128 ) (-144 416 128 ) 
4 69 (-144 712 320 ) (0 712 320 ) (0 712 128 ) (-144 712 128 ) 
4 69 (-144 416 128 ) (0 416 128 ) (0 416 320 ) (-144 416 320 ) 
4 70 (-144 64 320 ) (-144 80 320 ) (-144 128 128 ) (-144 64 128 ) 
3 70 (-144 185.777771 179.555557 ) (-144 198.909088 158.545456 ) (-144 177.523804 163.047623 ) 
4 70 (-144 198.909088 158.545456 ) (-144 218 128 ) (-144 194.666672 128 ) (-144 183.396225 161.811325 ) 
4 70 (-144 80 320 ) (-144 98 320 ) (-144 146.064514 243.096771 ) (-144 112 192 ) 
3 70 (-144 162.782608 216.347824 ) (-144 154.666656 229.333344 ) (-144 167.111099 216.888901 ) 
4 70 (-144 256 128 ) (-144 218 128 ) (-144 176 195.199997 ) (-144 183.111115 200.888885 ) 
5 70 (-144 98 320 ) (-144 384 320 ) (-144 384 128 ) (-144 256 128 ) (-144 154.666656 229.333344 ) 
4 70 (-144 64 128 ) (-144 384 128 ) (0 384 128 ) (0 64 128 ) 
4 70 (-128 64 128 ) (0 64 128 ) (0 64 320 ) (-128 64 320 ) 
4 70 (-144 64 128 ) (-128 64 128 ) (-128 64 320 ) (-144 64 320 ) 
4 70 (0 64 320 ) (0 384 320 ) (-144 384 320 ) (-144 64 320 ) 
4 70 (-144 384 320 ) (0 384 320 ) (0 384 128 ) (-144 384 128 ) 
4 71 (-128 32 128 ) (-128 0 128 ) (-128 0 320 ) (-128 32 320 ) 
4 71 (0 32 320 ) (0 32 128 ) (-128 32 128 ) (-128 32 320 ) 
4 72 (-144 384 128 ) (-144 624 128 ) (-144 624 64 ) (-144 384 64 ) 
4 72 (0 712 64 ) (-144 712 64 ) (-144 712 128 ) (0 712 128 ) 
4 72 (0 384 128 ) (0 416 128 ) (-144 416 128 ) (-144 384 128 ) 
4 72 (-144 384 64 ) (0 384 64 ) (0 384 128 ) (-144 384 128 ) 
4 73 (0 384 64 ) (-144 384 64 ) (-144 64 64 ) (0 64 64 ) 
4 73 (0 712 64 ) (0 712 0 ) (-144 712 0 ) (-144 712 64 ) 
4 74 (-144 0 64 ) (-144 0 128 ) (-144 64 128 ) (-144 64 64 ) 
4 74 (0 64 64 ) (-144 64 64 ) (-144 64 128 ) (0 64 128 ) 
4 74 (0 32 128 ) (0 64 128 ) (-128 64 128 ) (-128 32 128 ) 
4 74 (-128 64 128 ) (-144 64 128 ) (-144 0 128 ) (-128 0 128 ) 
4 75 (-160 624 128 ) (-160 624 64 ) (-144 624 64 ) (-144 624 128 ) 
4 75 (-160 624 384 ) (-160 624 128 ) (-144 624 128 ) (-144 624 384 ) 
4 75 (-144 712 600 ) (-144 712 0 ) (-160 712 0 ) (-160 712 600 ) 
4 75 (-144 712 600 ) (-160 712 600 ) (-160 624 600 ) (-144 624 600 ) 
4 76 (-144 57.996098 384 ) (-160 57.996098 384 ) (-160 624 384 ) (-144 624 384 ) 
4 76 (-144 0 600 ) (-144 624 600 ) (-160 624 600 ) (-160 0 600 ) 
4 77 (-144 176 195.202560 ) (-160 176 195.202560 ) (-160 183.112015 200.892746 ) (-144 183.112015 200.892746 ) 
4 77 (-160 183.110672 200.888535 ) (-160 167.110397 216.888794 ) (-144 167.110397 216.888794 ) (-144 183.110672 200.888535 ) 
4 77 (-144 167.108795 216.888596 ) (-160 167.108795 216.888596 ) (-160 162.783829 216.347977 ) (-144 162.783829 216.347977 ) 
4 78 (-160 128 128 ) (-160 194.666672 128 ) (-144 194.666656 128 ) (-144 128 128 ) 
4 78 (-160 128 128 ) (-144 128 128 ) (-144 116 176 ) (-160 116 176 ) 
4 78 (-160 183.395615 161.813187 ) (-160 177.524597 163.049179 ) (-144 177.524597 163.049179 ) (-144 183.395599 161.813187 ) 
4 78 (-144 194.670761 128 ) (-160 194.670761 128 ) (-160 183.396866 161.817200 ) (-144 183.396866 161.817200 ) 
4 79 (-144 116 176 ) (-144 112 192 ) (-160 112 192 ) (-160 116 176 ) 
4 79 (-144 154.658646 229.341339 ) (-144 162.779800 216.347488 ) (-160 162.780182 216.347534 ) (-160 154.659866 229.340118 ) 
4 79 (-144 175.998001 195.198380 ) (-144 185.776443 179.552872 ) (-160 185.776550 179.553085 ) (-160 175.998199 195.198547 ) 
4 79 (-144 146.062958 243.094452 ) (-144 154.658646 229.341339 ) (-160 154.659866 229.340118 ) (-160 146.063217 243.094849 ) 
4 79 (-160 112.002480 192.003723 ) (-144 112.002480 192.003723 ) (-144 146.064743 243.097107 ) (-160 146.064743 243.097107 ) 
4 79 (-144 177.526901 163.053818 ) (-160 177.526901 163.053818 ) (-160 185.777756 179.555542 ) (-144 185.777756 179.555542 ) 
4 80 (-160 0 384 ) (-160 58.002453 384 ) (-144 58.002453 384 ) (-144 0 384 ) 
4 81 (-144 0 64 ) (-144 624 64 ) (-160 624 64 ) (-160 0 64 ) 
4 82 (-272 624 64 ) (-160 624 64 ) (-160 624 128 ) (-272 624 128 ) 
4 82 (-304 624 128 ) (-160 624 128 ) (-160 624 320 ) (-304 624 320 ) 
4 82 (-272 624 320 ) (-160 624 320 ) (-160 624 384 ) (-272 624 384 ) 
4 82 (-160 712 600 ) (-160 712 0 ) (-1024 712 0 ) (-1024 712 600 ) 
4 82 (-160 712 600 ) (-1024 712 600 ) (-1024 624 600 ) (-160 624 600 ) 
4 83 (-272 624 384 ) (-160 624 384 ) (-160 0 384 ) (-272 0 384 ) 
4 83 (-1024 0 600 ) (-160 0 600 ) (-160 624 600 ) (-1024 624 600 ) 
4 84 (-912 0 320 ) (-944 0 320 ) (-944 48 320 ) (-912 48 320 ) 
4 84 (-272 608 320 ) (-272 0 320 ) (-304 0 320 ) (-304 608 320 ) 
4 84 (-304 624 320 ) (-272 624 320 ) (-272 608 320 ) (-304 608 320 ) 
4 84 (-272 624 384 ) (-272 0 384 ) (-272 0 320 ) (-272 624 320 ) 
4 85 (-304 624 320 ) (-304 608 320 ) (-304 608 128 ) (-304 624 128 ) 
4 86 (-160 608 128 ) (-160 0 128 ) (-272 0 128 ) (-272 608 128 ) 
4 86 (-272 608 320 ) (-272 608 128 ) (-272 0 128 ) (-272 0 320 ) 
4 86 (-272 608 320 ) (-272 0 320 ) (-160 0 320 ) (-160 608 320 ) 
5 86 (-160 608 320 ) (-160 98 320 ) (-160 154.666626 229.333344 ) (-160 256 128 ) (-160 608 128 ) 
4 86 (-160 183.111099 200.888870 ) (-160 176 195.199982 ) (-160 218 128 ) (-160 256 128 ) 
3 86 (-160 167.111084 216.888885 ) (-160 154.666626 229.333344 ) (-160 162.782578 216.347824 ) 
4 86 (-160 80 320 ) (-160 112 192 ) (-160 146.064499 243.096756 ) (-160 98 320 ) 
4 86 (-160 183.396225 161.811325 ) (-160 194.666656 128 ) (-160 218 128 ) (-160 198.909042 158.545471 ) 
3 86 (-160 177.523819 163.047623 ) (-160 198.909042 158.545471 ) (-160 185.777756 179.555527 ) 
4 86 (-160 128 128 ) (-160 80 320 ) (-160 0 320 ) (-160 0 128 ) 
4 86 (-272 608 320 ) (-160 608 320 ) (-160 608 128 ) (-272 608 128 ) 
4 87 (-912 48 128 ) (-912 0 128 ) (-912 0 320 ) (-912 48 320 ) 
4 87 (-304 0 320 ) (-304 0 128 ) (-304 608 128 ) (-304 608 320 ) 
4 88 (-944 48 320 ) (-944 48 128 ) (-912 48 128 ) (-912 48 320 ) 
4 89 (-944 48 320 ) (-944 0 320 ) (-944 0 128 ) (-944 48 128 ) 
4 90 (-912 48 128 ) (-944 48 128 ) (-944 0 128 ) (-912 0 128 ) 
4 90 (-272 608 128 ) (-304 608 128 ) (-304 0 128 ) (-272 0 128 ) 
4 90 (-304 608 128 ) (-272 608 128 ) (-272 624 128 ) (-304 624 128 ) 
4 90 (-272 624 128 ) (-272 0 128 ) (-272 0 64 ) (-272 624 64 ) 
4 91 (-272 0 64 ) (-160 0 64 ) (-160 624 64 ) (-272 624 64 ) 
4 92 (-1024 712 -96 ) (-1024 712 0 ) (0 712 0 ) (0 712 -96 ) 
4 92 (0 0 -96 ) (-1024 0 -96 ) (-1024 712 -96 ) (0 712 -96 ) 
4 93 (-1024 -944 384 ) (-1024 -16 384 ) (-944 -16 384 ) (-944 -944 384 ) 
4 93 (-272 -816 384 ) (-272 -944 384 ) (-944 -944 384 ) (-944 -816 384 ) 
4 93 (-272 0 384 ) (-144 0 384 ) (-144 -944 384 ) (-272 -944 384 ) 
4 93 (0 0 600 ) (-1024 0 600 ) (-1024 -1024 600 ) (0 -1024 600 ) 
4 94 (-144 -944 320 ) (-144 0 320 ) (-128 0 320 ) (-128 -944 320 ) 
4 94 (-144 0 320 ) (-144 -944 320 ) (-144 -944 384 ) (-144 0 384 ) 
4 95 (-304 -784 320 ) (-304 -816 320 ) (-912 -816 320 ) (-912 -784 320 ) 
4 95 (-944 0 320 ) (-912 0 320 ) (-912 -816 320 ) (-944 -816 320 ) 
4 95 (-304 0 320 ) (-272 0 320 ) (-272 -816 320 ) (-304 -816 320 ) 
4 95 (-944 -16 320 ) (-944 -816 320 ) (-944 -816 384 ) (-944 -16 384 ) 
4 95 (-272 0 384 ) (-272 -816 384 ) (-272 -816 320 ) (-272 0 320 ) 
4 95 (-944 -816 384 ) (-944 -816 320 ) (-272 -816 320 ) (-272 -816 384 ) 
4 96 (-1024 -16 320 ) (-944 -16 320 ) (-944 -16 384 ) (-1024 -16 384 ) 
4 97 (-1024 -976 320 ) (-1024 -944 320 ) (-160 -944 320 ) (-160 -976 320 ) 
4 97 (-1024 -944 384 ) (-944 -944 384 ) (-944 -944 320 ) (-1024 -944 320 ) 
4 97 (-944 -944 384 ) (-272 -944 384 ) (-272 -944 320 ) (-944 -944 320 ) 
4 97 (-272 -944 384 ) (-144 -944 384 ) (-144 -944 320 ) (-272 -944 320 ) 
4 98 (-128 0 128 ) (-128 -944 128 ) (-128 -944 320 ) (-128 0 320 ) 
4 99 (-160 -816 128 ) (-160 -944 128 ) (-272 -944 128 ) (-272 -816 128 ) 
4 99 (-272 0 128 ) (-160 0 128 ) (-160 -816 128 ) (-272 -816 128 ) 
4 99 (-272 -944 128 ) (-160 -944 128 ) (-160 -944 320 ) (-272 -944 320 ) 
4 99 (-272 0 128 ) (-272 -816 128 ) (-272 -816 320 ) (-272 0 320 ) 
4 99 (-160 0 320 ) (-160 -944 320 ) (-160 -944 128 ) (-160 0 128 ) 
4 99 (-272 -944 320 ) (-160 -944 320 ) (-160 0 320 ) (-272 0 320 ) 
4 100 (-912 0 128 ) (-912 -784 128 ) (-912 -784 320 ) (-912 0 320 ) 
4 100 (-304 0 320 ) (-304 -784 320 ) (-304 -784 128 ) (-304 0 128 ) 
4 100 (-912 -784 320 ) (-912 -784 128 ) (-304 -784 128 ) (-304 -784 320 ) 
4 101 (-272 -816 128 ) (-272 -944 128 ) (-944 -944 128 ) (-944 -816 128 ) 
4 101 (-944 -944 128 ) (-272 -944 128 ) (-272 -944 320 ) (-944 -944 320 ) 
4 101 (-912 -816 320 ) (-304 -816 320 ) (-304 -816 128 ) (-912 -816 128 ) 
4 101 (-912 -816 320 ) (-912 -816 128 ) (-944 -816 128 ) (-944 -816 320 ) 
4 101 (-304 -816 320 ) (-272 -816 320 ) (-272 -816 128 ) (-304 -816 128 ) 
4 101 (-944 -816 320 ) (-944 -944 320 ) (-272 -944 320 ) (-272 -816 320 ) 
4 102 (-1024 -224 128 ) (-1024 -208 128 ) (-944 -208 128 ) (-944 -224 128 ) 
4 102 (-1024 -224 128 ) (-944 -224 128 ) (-944 -224 320 ) (-1024 -224 320 ) 
4 102 (-944 -224 320 ) (-944 -16 320 ) (-1024 -16 320 ) (-1024 -224 320 ) 
4 102 (-944 0 320 ) (-944 -224 320 ) (-944 -224 128 ) (-944 0 128 ) 
4 103 (-1024 -944 128 ) (-1024 -816 128 ) (-944 -816 128 ) (-944 -944 128 ) 
4 103 (-1024 -816 128 ) (-1024 -240 128 ) (-944 -240 128 ) (-944 -816 128 ) 
4 103 (-1024 -944 128 ) (-944 -944 128 ) (-944 -944 320 ) (-1024 -944 320 ) 
4 103 (-944 -240 320 ) (-944 -816 320 ) (-944 -816 128 ) (-944 -240 128 ) 
4 103 (-944 -944 320 ) (-944 -240 320 ) (-1024 -240 320 ) (-1024 -944 320 ) 
4 103 (-1024 -240 320 ) (-944 -240 320 ) (-944 -240 128 ) (-1024 -240 128 ) 
4 104 (-160 -944 320 ) (-160 -944 128 ) (-160 -976 128 ) (-160 -976 320 ) 
4 104 (-160 -944 320 ) (-128 -944 320 ) (-128 -944 128 ) (-160 -944 128 ) 
4 105 (-1024 -976 320 ) (-160 -976 320 ) (-160 -976 128 ) (-1024 -976 128 ) 
4 106 (-144 0 64 ) (-144 -816 64 ) (-144 -816 128 ) (-144 0 128 ) 
4 106 (-144 -944 128 ) (-128 -944 128 ) (-128 0 128 ) (-144 0 128 ) 
4 107 (-944 -816 64 ) (-272 -816 64 ) (-272 -816 128 ) (-944 -816 128 ) 
4 107 (-944 -208 64 ) (-944 -816 64 ) (-944 -816 128 ) (-944 -208 128 ) 
4 107 (-272 0 128 ) (-272 -816 128 ) (-272 -816 64 ) (-272 0 64 ) 
4 107 (-912 -784 128 ) (-912 -816 128 ) (-304 -816 128 ) (-304 -784 128 ) 
4 107 (-944 -816 128 ) (-912 -816 128 ) (-912 0 128 ) (-944 0 128 ) 
4 107 (-304 -816 128 ) (-272 -816 128 ) (-272 0 128 ) (-304 0 128 ) 
4 108 (-1024 -208 64 ) (-944 -208 64 ) (-944 -208 128 ) (-1024 -208 128 ) 
4 109 (-160 -816 128 ) (-160 -944 128 ) (-144 -944 128 ) (-144 -816 128 ) 
4 109 (-160 -816 128 ) (-144 -816 128 ) (-144 -816 64 ) (-160 -816 64 ) 
4 109 (-160 -816 128 ) (-160 -816 64 ) (-160 -944 64 ) (-160 -944 128 ) 
4 110 (-1024 -944 128 ) (-160 -944 128 ) (-160 -944 64 ) (-1024 -944 64 ) 
4 110 (-160 -976 128 ) (-160 -944 128 ) (-1024 -944 128 ) (-1024 -976 128 ) 
4 111 (-160 -944 64 ) (-160 -816 64 ) (-1024 -816 64 ) (-1024 -944 64 ) 
4 111 (-944 -816 64 ) (-944 -208 64 ) (-1024 -208 64 ) (-1024 -816 64 ) 
4 111 (-272 -816 64 ) (-144 -816 64 ) (-144 0 64 ) (-272 0 64 ) 
4 112 (0 -1024 -96 ) (-1024 -1024 -96 ) (-1024 0 -96 ) (0 0 -96 ) 
4 113 (-1024 -1064 600 ) (-1024 -1064 0 ) (0 -1064 0 ) (0 -1064 600 ) 
4 113 (0 -1024 600 ) (-1024 -1024 600 ) (-1024 -1064 600 ) (0 -1064 600 ) 
4 114 (0 -1064 -96 ) (0 -1064 0 ) (-1024 -1064 0 ) (-1024 -1064 -96 ) 
4 114 (0 -1064 -96 ) (-1024 -1064 -96 ) (-1024 -1024 -96 ) (0 -1024 -96 ) 
4 115 (-1072 48 128 ) (-1072 0 128 ) (-1072 0 320 ) (-1072 48 320 ) 
4 115 (-1024 712 600 ) (-1072 712 600 ) (-1072 0 600 ) (-1024 0 600 ) 
4 115 (-1024 712 600 ) (-1024 712 128 ) (-1072 712 128 ) (-1072 712 600 ) 
4 116 (-1104 0 320 ) (-1104 48 320 ) (-1072 48 320 ) (-1072 0 320 ) 
4 116 (-1072 712 600 ) (-1104 712 600 ) (-1104 0 600 ) (-1072 0 600 ) 
4 116 (-1072 712 600 ) (-1072 712 320 ) (-1104 712 320 ) (-1104 712 600 ) 
4 117 (-1104 712 128 ) (-1104 712 320 ) (-1072 712 320 ) (-1072 712 128 ) 
4 117 (-1072 48 128 ) (-1072 48 320 ) (-1104 48 320 ) (-1104 48 128 ) 
4 118 (-1408 0 128 ) (-1744 0 128 ) (-1744 120 128 ) (-1408 120 128 ) 
4 118 (-1104 712 600 ) (-2048 712 600 ) (-2048 0 600 ) (-1104 0 600 ) 
4 118 (-1104 48 320 ) (-1104 0 320 ) (-1104 0 128 ) (-1104 48 128 ) 
4 118 (-2048 712 600 ) (-1104 712 600 ) (-1104 712 128 ) (-2048 712 128 ) 
4 119 (-1408 120 64 ) (-1408 0 64 ) (-1408 0 128 ) (-1408 120 128 ) 
4 119 (-1408 712 64 ) (-1408 712 128 ) (-1024 712 128 ) (-1024 712 64 ) 
4 119 (-1072 48 128 ) (-1104 48 128 ) (-1104 0 128 ) (-1072 0 128 ) 
4 120 (-1408 712 64 ) (-1744 712 64 ) (-1744 712 128 ) (-1408 712 128 ) 
4 120 (-1744 120 128 ) (-1744 120 64 ) (-1408 120 64 ) (-1408 120 128 ) 
4 121 (-1408 120 64 ) (-1744 120 64 ) (-1744 0 64 ) (-1408 0 64 ) 
4 121 (-1744 712 64 ) (-1024 712 64 ) (-1024 712 0 ) (-1744 712 0 ) 
4 122 (-1744 120 128 ) (-1744 0 128 ) (-1744 0 64 ) (-1744 120 64 ) 
4 122 (-2048 712 128 ) (-1744 712 128 ) (-1744 712 0 ) (-2048 712 0 ) 
4 123 (-1024 0 -96 ) (-2048 0 -96 ) (-2048 712 -96 ) (-1024 712 -96 ) 
4 123 (-2048 712 0 ) (-1024 712 0 ) (-1024 712 -96 ) (-2048 712 -96 ) 
4 124 (-1072 -944 384 ) (-1072 -16 384 ) (-1024 -16 384 ) (-1024 -944 384 ) 
4 124 (-1024 0 600 ) (-1072 0 600 ) (-1072 -1024 600 ) (-1024 -1024 600 ) 
4 125 (-1072 -16 320 ) (-1024 -16 320 ) (-1024 -16 384 ) (-1072 -16 384 ) 
4 126 (-1072 -976 320 ) (-1072 -944 320 ) (-1024 -944 320 ) (-1024 -976 320 ) 
4 126 (-1072 -944 384 ) (-1024 -944 384 ) (-1024 -944 320 ) (-1072 -944 320 ) 
3 127 (-1072 -93.333328 128 ) (-1072 -224 128 ) (-1072 -224 184 ) 
5 127 (-1072 0 320 ) (-1072 0 128 ) (-1072 -93.333328 128 ) (-1072 -224 184 ) (-1072 -224 320 ) 
4 127 (-1072 -224 128 ) (-1072 -208 128 ) (-1024 -208 128 ) (-1024 -224 128 ) 
4 127 (-1024 -224 320 ) (-1024 -16 320 ) (-1072 -16 320 ) (-1072 -224 320 ) 
4 127 (-1072 -224 128 ) (-1024 -224 128 ) (-1024 -224 320 ) (-1072 -224 320 ) 
3 128 (-1072 -240 128 ) (-1072 -264.444427 201.333328 ) (-1072 -240 190.857147 ) 
3 128 (-1072 -318.857147 128 ) (-1072 -506.285736 128 ) (-1072 -296.806702 205.176483 ) 
5 128 (-1072 -506.285736 128 ) (-1072 -944 128 ) (-1072 -944 320 ) (-1072 -541.333313 320 ) (-1072 -284.226410 209.811325 ) 
3 128 (-1072 -541.333313 320 ) (-1072 -240 320 ) (-1072 -240 190.857147 ) 
4 128 (-1024 -944 320 ) (-1072 -944 320 ) (-1072 -944 128 ) (-1024 -944 128 ) 
4 128 (-1024 -944 128 ) (-1072 -944 128 ) (-1072 -240 128 ) (-1024 -240 128 ) 
4 128 (-1072 -240 320 ) (-1024 -240 320 ) (-1024 -240 128 ) (-1072 -240 128 ) 
4 128 (-1024 -944 320 ) (-1024 -240 320 ) (-1072 -240 320 ) (-1072 -944 320 ) 
4 129 (-1072 -176 64 ) (-1072 -208 64 ) (-1072 -208 128 ) (-1072 -176 128 ) 
4 129 (-1024 -208 128 ) (-1072 -208 128 ) (-1072 -208 64 ) (-1024 -208 64 ) 
4 130 (-1024 -208 64 ) (-1072 -208 64 ) (-1072 -944 64 ) (-1024 -944 64 ) 
4 131 (-1072 -976 320 ) (-1024 -976 320 ) (-1024 -976 128 ) (-1072 -976 128 ) 
4 132 (-1024 -976 128 ) (-1024 -944 128 ) (-1072 -944 128 ) (-1072 -976 128 ) 
4 132 (-1024 -944 128 ) (-1024 -944 64 ) (-1072 -944 64 ) (-1072 -944 128 ) 
4 133 (-1104 -496 336 ) (-1104 -176 336 ) (-1072 -176 336 ) (-1072 -496 336 ) 
4 133 (-1072 -16 336 ) (-1072 -16 384 ) (-1072 -944 384 ) (-1072 -944 336 ) 
4 133 (-1072 -1024 600 ) (-1072 0 600 ) (-1104 0 600 ) (-1104 -1024 600 ) 
4 134 (-1104 -176 320 ) (-1104 0 320 ) (-1072 0 320 ) (-1072 -176 320 ) 
4 134 (-1104 -176 320 ) (-1072 -176 320 ) (-1072 -176 336 ) (-1104 -176 336 ) 
4 134 (-1072 -16 336 ) (-1072 -176 336 ) (-1072 -176 320 ) (-1072 -16 320 ) 
4 135 (-1104 -944 320 ) (-1104 -541.333313 320 ) (-1072 -541.333313 320 ) (-1072 -944 320 ) 
4 135 (-1104 -541.333313 320 ) (-1104 -496 320 ) (-1072 -496 320 ) (-1072 -541.333313 320 ) 
4 135 (-1072 -496 336 ) (-1072 -944 336 ) (-1072 -944 320 ) (-1072 -496 320 ) 
4 135 (-1104 -496 336 ) (-1072 -496 336 ) (-1072 -496 320 ) (-1104 -496 320 ) 
4 136 (-1104 -318.857178 128 ) (-1104 -240 128 ) (-1072 -240 128 ) (-1072 -318.857178 128 ) 
4 136 (-1104 -318.859924 128 ) (-1072 -318.859924 128 ) (-1072 -296.810791 205.171997 ) (-1104 -296.810791 205.171997 ) 
4 136 (-1104 -264.443695 201.331085 ) (-1104 -284.228851 209.810410 ) (-1072 -284.228851 209.810410 ) (-1072 -264.443695 201.331085 ) 
4 136 (-1072 -296.806152 205.178345 ) (-1072 -284.234802 209.809891 ) (-1104 -284.234802 209.809891 ) (-1104 -296.806152 205.178329 ) 
4 136 (-1104 -264.448364 201.335388 ) (-1072 -264.448364 201.335388 ) (-1072 -240.003342 128 ) (-1104 -240.003342 128 ) 
4 137 (-1104 -944 320 ) (-1072 -944 320 ) (-1072 -944 128 ) (-1104 -944 128 ) 
4 137 (-1072 -976 128 ) (-1072 -944 128 ) (-1072 -944 320 ) (-1072 -976 320 ) 
4 138 (-1072 -93.333336 128 ) (-1072 0 128 ) (-1104 0 128 ) (-1104 -93.333374 128 ) 
4 138 (-1072 -176 128 ) (-1072 -93.333336 128 ) (-1104 -93.333374 128 ) (-1104 -176 128 ) 
4 138 (-1104 -176 64 ) (-1072 -176 64 ) (-1072 -176 128 ) (-1104 -176 128 ) 
4 139 (-1104 -496 128 ) (-1072 -496 128 ) (-1072 -496 64 ) (-1104 -496 64 ) 
4 139 (-1072 -506.285767 128 ) (-1072 -496 128 ) (-1104 -496 128 ) (-1104 -506.285767 128 ) 
4 139 (-1072 -944 128 ) (-1072 -506.285767 128 ) (-1104 -506.285767 128 ) (-1104 -944 128 ) 
4 139 (-1072 -496 64 ) (-1072 -496 128 ) (-1072 -944 128 ) (-1072 -944 64 ) 
4 140 (-1072 -496 64 ) (-1072 -176 64 ) (-1104 -176 64 ) (-1104 -496 64 ) 
4 141 (-1404 -400 368 ) (-1404 -528 368 ) (-1408 -528 368 ) (-1408 -400 368 ) 
4 141 (-1404 -272 368 ) (-1404 -400 368 ) (-1408 -400 368 ) (-1408 -272 368 ) 
4 141 (-1404 -144 368 ) (-1404 -272 368 ) (-1408 -272 368 ) (-1408 -144 368 ) 
4 141 (-1400 -400 368 ) (-1400 -528 368 ) (-1404 -528 368 ) (-1404 -400 368 ) 
4 141 (-1400 -396 368 ) (-1400 -400 368 ) (-1404 -400 368 ) (-1404 -396 368 ) 
4 141 (-1400 -280 368 ) (-1400 -396 368 ) (-1404 -396 368 ) (-1404 -280 368 ) 
4 141 (-1400 -272 368 ) (-1400 -280 368 ) (-1404 -280 368 ) (-1404 -272 368 ) 
4 141 (-1400 -144 368 ) (-1400 -272 368 ) (-1404 -272 368 ) (-1404 -144 368 ) 
4 141 (-1392 -400 368 ) (-1392 -528 368 ) (-1400 -528 368 ) (-1400 -400 368 ) 
4 141 (-1392 -272 368 ) (-1392 -400 368 ) (-1400 -400 368 ) (-1400 -272 368 ) 
4 141 (-1392 -144 368 ) (-1392 -272 368 ) (-1400 -272 368 ) (-1400 -144 368 ) 
4 141 (-2048 -1024 600 ) (-1104 -1024 600 ) (-1104 0 600 ) (-2048 0 600 ) 
4 142 (-1392 -144 128 ) (-1392 -176 128 ) (-1392 -176 368 ) (-1392 -144 368 ) 
4 142 (-1392 -176 320 ) (-1392 -176 128 ) (-1104 -176 128 ) (-1104 -176 320 ) 
4 142 (-1392 -176 336 ) (-1392 -176 320 ) (-1104 -176 320 ) (-1104 -176 336 ) 
3 142 (-1104 -176 163.428558 ) (-1104 -176 128 ) (-1104 -93.333336 128 ) 
5 142 (-1104 -176 320 ) (-1104 -176 163.428574 ) (-1104 -93.333336 128 ) (-1104 0 128 ) (-1104 0 320 ) 
4 143 (-1392 -496 336 ) (-1392 -496 368 ) (-1392 -400 368 ) (-1392 -400 336 ) 
4 143 (-1392 -400 368 ) (-1392 -272 368 ) (-1392 -272 336 ) (-1392 -400 336 ) 
4 143 (-1392 -272 368 ) (-1392 -176 368 ) (-1392 -176 336 ) (-1392 -272 336 ) 
4 143 (-1104 -496 336 ) (-1392 -496 336 ) (-1392 -176 336 ) (-1104 -176 336 ) 
4 144 (-1104 -192 128 ) (-1104 -480 128 ) (-1392 -480 128 ) (-1392 -192 128 ) 
4 144 (-1392 -400 128 ) (-1392 -480 128 ) (-1392 -480 320 ) (-1392 -400 320 ) 
4 144 (-1392 -400 272 ) (-1392 -400 320 ) (-1392 -272 320 ) (-1392 -272 272 ) 
4 144 (-1392 -192 128 ) (-1392 -272 128 ) (-1392 -272 320 ) (-1392 -192 320 ) 
4 144 (-1104 -192 128 ) (-1392 -192 128 ) (-1392 -192 320 ) (-1104 -192 320 ) 
4 144 (-1104 -192 320 ) (-1104 -480 320 ) (-1104 -480 293.714294 ) (-1104 -192 170.285721 ) 
3 144 (-1104 -480 137.684219 ) (-1104 -284.226440 209.811325 ) (-1104 -480 293.714294 ) 
4 144 (-1104 -296.806732 205.176483 ) (-1104 -480 137.684219 ) (-1104 -480 128 ) (-1104 -318.857178 128 ) 
4 144 (-1104 -192 170.285706 ) (-1104 -264.444458 201.333328 ) (-1104 -240 128 ) (-1104 -192 128 ) 
4 144 (-1104 -480 320 ) (-1104 -192 320 ) (-1392 -192 320 ) (-1392 -480 320 ) 
4 144 (-1104 -480 320 ) (-1392 -480 320 ) (-1392 -480 128 ) (-1104 -480 128 ) 
4 145 (-1392 -496 128 ) (-1392 -528 128 ) (-1392 -528 368 ) (-1392 -496 368 ) 
4 145 (-1104 -496 320 ) (-1104 -496 128 ) (-1392 -496 128 ) (-1392 -496 320 ) 
4 145 (-1104 -496 336 ) (-1104 -496 320 ) (-1392 -496 320 ) (-1392 -496 336 ) 
3 145 (-1104 -496 320 ) (-1104 -541.333313 320 ) (-1104 -496 300.571442 ) 
6 145 (-1104 -496 131.789490 ) (-1104 -496 300.571442 ) (-1104 -541.333313 320 ) (-1104 -944 320 ) (-1104 -944 128 ) (-1104 -506.285767 128 ) 
3 145 (-1104 -496 131.789490 ) (-1104 -506.285767 128 ) (-1104 -496 128 ) 
4 146 (-1400 -144 368 ) (-1400 -144 128 ) (-1392 -144 128 ) (-1392 -144 368 ) 
4 147 (-1392 -272 128 ) (-1392 -400 128 ) (-1400 -400 128 ) (-1400 -272 128 ) 
4 147 (-1400 -376 256 ) (-1400 -376 232 ) (-1400 -380 232 ) (-1400 -380 256 ) 
4 147 (-1400 -380 260 ) (-1400 -380 256 ) (-1400 -392 256 ) (-1400 -392 260 ) 
4 147 (-1400 -376 260 ) (-1400 -376 256 ) (-1400 -380 256 ) (-1400 -380 260 ) 
4 147 (-1400 -380 272 ) (-1400 -376 272 ) (-1400 -376 260 ) (-1400 -380 260 ) 
4 147 (-1400 -360 232 ) (-1400 -364 232 ) (-1400 -364 256 ) (-1400 -360 256 ) 
4 147 (-1400 -364 256 ) (-1400 -376 256 ) (-1400 -376 260 ) (-1400 -364 260 ) 
4 147 (-1400 -360 260 ) (-1400 -360 256 ) (-1400 -364 256 ) (-1400 -364 260 ) 
4 147 (-1400 -364 272 ) (-1400 -360 272 ) (-1400 -360 260 ) (-1400 -364 260 ) 
4 147 (-1400 -348 260 ) (-1400 -348 256 ) (-1400 -360 256 ) (-1400 -360 260 ) 
4 147 (-1400 -344 232 ) (-1400 -348 232 ) (-1400 -348 256 ) (-1400 -344 256 ) 
4 147 (-1400 -344 256 ) (-1400 -348 256 ) (-1400 -348 260 ) (-1400 -344 260 ) 
4 147 (-1400 -332 260 ) (-1400 -332 256 ) (-1400 -344 256 ) (-1400 -344 260 ) 
4 147 (-1400 -348 272 ) (-1400 -344 272 ) (-1400 -344 260 ) (-1400 -348 260 ) 
4 147 (-1400 -328 260 ) (-1400 -328 256 ) (-1400 -332 256 ) (-1400 -332 260 ) 
4 147 (-1400 -332 272 ) (-1400 -328 272 ) (-1400 -328 260 ) (-1400 -332 260 ) 
4 147 (-1400 -328 256 ) (-1400 -328 232 ) (-1400 -332 232 ) (-1400 -332 256 ) 
4 147 (-1400 -316 260 ) (-1400 -316 256 ) (-1400 -328 256 ) (-1400 -328 260 ) 
4 147 (-1400 -312 256 ) (-1400 -312 232 ) (-1400 -316 232 ) (-1400 -316 256 ) 
4 147 (-1400 -312 260 ) (-1400 -312 256 ) (-1400 -316 256 ) (-1400 -316 260 ) 
4 147 (-1400 -316 272 ) (-1400 -312 272 ) (-1400 -312 260 ) (-1400 -316 260 ) 
4 147 (-1400 -296 256 ) (-1400 -296 232 ) (-1400 -300 232 ) (-1400 -300 256 ) 
4 147 (-1400 -300 256 ) (-1400 -312 256 ) (-1400 -312 260 ) (-1400 -300 260 ) 
4 147 (-1400 -296 260 ) (-1400 -296 256 ) (-1400 -300 256 ) (-1400 -300 260 ) 
4 147 (-1400 -300 272 ) (-1400 -296 272 ) (-1400 -296 260 ) (-1400 -300 260 ) 
4 147 (-1400 -284 260 ) (-1400 -284 256 ) (-1400 -296 256 ) (-1400 -296 260 ) 
4 147 (-1400 -284 272 ) (-1400 -280 272 ) (-1400 -280 232 ) (-1400 -284 232 ) 
4 147 (-1400 -396 272 ) (-1400 -392 272 ) (-1400 -392 232 ) (-1400 -396 232 ) 
4 147 (-1400 -400 272 ) (-1400 -400 128 ) (-1392 -400 128 ) (-1392 -400 272 ) 
4 147 (-1392 -272 272 ) (-1392 -272 128 ) (-1400 -272 128 ) (-1400 -272 272 ) 
4 147 (-1392 -272 272 ) (-1400 -272 272 ) (-1400 -400 272 ) (-1392 -400 272 ) 
4 148 (-1392 -528 368 ) (-1392 -528 128 ) (-1400 -528 128 ) (-1400 -528 368 ) 
4 149 (-1404 -144 368 ) (-1404 -144 232 ) (-1400 -144 232 ) (-1400 -144 368 ) 
4 150 (-1404 -280 272 ) (-1404 -280 232 ) (-1400 -280 232 ) (-1400 -280 272 ) 
4 150 (-1400 -272 272 ) (-1400 -272 232 ) (-1404 -272 232 ) (-1404 -272 272 ) 
4 150 (-1400 -272 272 ) (-1404 -272 272 ) (-1404 -280 272 ) (-1400 -280 272 ) 
4 151 (-1400 -296 260 ) (-1400 -296 272 ) (-1404 -296 272 ) (-1404 -296 260 ) 
4 151 (-1400 -296 272 ) (-1400 -284 272 ) (-1404 -284 272 ) (-1404 -296 272 ) 
4 151 (-1404 -284 260 ) (-1404 -284 272 ) (-1400 -284 272 ) (-1400 -284 260 ) 
4 151 (-1400 -296 260 ) (-1404 -296 260 ) (-1404 -284 260 ) (-1400 -284 260 ) 
4 152 (-1404 -296 232 ) (-1400 -296 232 ) (-1400 -296 256 ) (-1404 -296 256 ) 
4 152 (-1400 -284 256 ) (-1404 -284 256 ) (-1404 -296 256 ) (-1400 -296 256 ) 
4 152 (-1404 -284 256 ) (-1400 -284 256 ) (-1400 -284 232 ) (-1404 -284 232 ) 
4 153 (-1400 -312 260 ) (-1400 -312 272 ) (-1404 -312 272 ) (-1404 -312 260 ) 
4 153 (-1400 -312 260 ) (-1404 -312 260 ) (-1404 -300 260 ) (-1400 -300 260 ) 
4 153 (-1400 -312 272 ) (-1400 -300 272 ) (-1404 -300 272 ) (-1404 -312 272 ) 
4 153 (-1404 -300 272 ) (-1400 -300 272 ) (-1400 -300 260 ) (-1404 -300 260 ) 
4 154 (-1404 -312 232 ) (-1400 -312 232 ) (-1400 -312 256 ) (-1404 -312 256 ) 
4 154 (-1400 -300 256 ) (-1404 -300 256 ) (-1404 -312 256 ) (-1400 -312 256 ) 
4 154 (-1404 -300 256 ) (-1400 -300 256 ) (-1400 -300 232 ) (-1404 -300 232 ) 
4 155 (-1400 -328 260 ) (-1400 -328 272 ) (-1404 -328 272 ) (-1404 -328 260 ) 
4 155 (-1400 -328 272 ) (-1400 -316 272 ) (-1404 -316 272 ) (-1404 -328 272 ) 
4 155 (-1404 -316 260 ) (-1404 -316 272 ) (-1400 -316 272 ) (-1400 -316 260 ) 
4 155 (-1400 -328 260 ) (-1404 -328 260 ) (-1404 -316 260 ) (-1400 -316 260 ) 
4 156 (-1404 -328 232 ) (-1400 -328 232 ) (-1400 -328 256 ) (-1404 -328 256 ) 
4 156 (-1400 -316 256 ) (-1404 -316 256 ) (-1404 -328 256 ) (-1400 -328 256 ) 
4 156 (-1404 -316 256 ) (-1400 -316 256 ) (-1400 -316 232 ) (-1404 -316 232 ) 
4 157 (-1404 -344 260 ) (-1404 -332 260 ) (-1400 -332 260 ) (-1400 -344 260 ) 
4 157 (-1400 -344 272 ) (-1400 -332 272 ) (-1404 -332 272 ) (-1404 -344 272 ) 
4 157 (-1404 -332 260 ) (-1404 -332 272 ) (-1400 -332 272 ) (-1400 -332 260 ) 
4 157 (-1404 -344 260 ) (-1400 -344 260 ) (-1400 -344 272 ) (-1404 -344 272 ) 
4 158 (-1404 -332 256 ) (-1400 -332 256 ) (-1400 -332 232 ) (-1404 -332 232 ) 
4 158 (-1400 -344 256 ) (-1400 -332 256 ) (-1404 -332 256 ) (-1404 -344 256 ) 
4 158 (-1404 -344 232 ) (-1400 -344 232 ) (-1400 -344 256 ) (-1404 -344 256 ) 
4 159 (-1400 -360 260 ) (-1400 -360 272 ) (-1404 -360 272 ) (-1404 -360 260 ) 
4 159 (-1404 -348 260 ) (-1404 -348 272 ) (-1400 -348 272 ) (-1400 -348 260 ) 
4 159 (-1400 -360 272 ) (-1400 -348 272 ) (-1404 -348 272 ) (-1404 -360 272 ) 
4 159 (-1400 -360 260 ) (-1404 -360 260 ) (-1404 -348 260 ) (-1400 -348 260 ) 
4 160 (-1400 -376 260 ) (-1400 -376 272 ) (-1404 -376 272 ) (-1404 -376 260 ) 
4 160 (-1400 -376 260 ) (-1404 -376 260 ) (-1404 -364 260 ) (-1400 -364 260 ) 
4 160 (-1400 -376 272 ) (-1400 -364 272 ) (-1404 -364 272 ) (-1404 -376 272 ) 
4 160 (-1404 -364 272 ) (-1400 -364 272 ) (-1400 -364 260 ) (-1404 -364 260 ) 
4 161 (-1404 -360 232 ) (-1400 -360 232 ) (-1400 -360 256 ) (-1404 -360 256 ) 
4 161 (-1404 -348 256 ) (-1400 -348 256 ) (-1400 -348 232 ) (-1404 -348 232 ) 
4 161 (-1400 -360 256 ) (-1400 -348 256 ) (-1404 -348 256 ) (-1404 -360 256 ) 
4 162 (-1404 -376 232 ) (-1400 -376 232 ) (-1400 -376 256 ) (-1404 -376 256 ) 
4 162 (-1400 -364 256 ) (-1404 -364 256 ) (-1404 -376 256 ) (-1400 -376 256 ) 
4 162 (-1404 -364 256 ) (-1400 -364 256 ) (-1400 -364 232 ) (-1404 -364 232 ) 
4 163 (-1400 -392 272 ) (-1400 -380 272 ) (-1404 -380 272 ) (-1404 -392 272 ) 
4 163 (-1400 -392 260 ) (-1400 -392 272 ) (-1404 -392 272 ) (-1404 -392 260 ) 
4 163 (-1404 -380 260 ) (-1404 -380 272 ) (-1400 -380 272 ) (-1400 -380 260 ) 
4 163 (-1400 -392 260 ) (-1404 -392 260 ) (-1404 -380 260 ) (-1400 -380 260 ) 
4 164 (-1404 -392 232 ) (-1400 -392 232 ) (-1400 -392 256 ) (-1404 -392 256 ) 
4 164 (-1400 -380 256 ) (-1404 -380 256 ) (-1404 -392 256 ) (-1400 -392 256 ) 
4 164 (-1404 -380 256 ) (-1400 -380 256 ) (-1400 -380 232 ) (-1404 -380 232 ) 
4 165 (-1404 -400 272 ) (-1404 -400 232 ) (-1400 -400 232 ) (-1400 -400 272 ) 
4 165 (-1400 -396 272 ) (-1400 -396 232 ) (-1404 -396 232 ) (-1404 -396 272 ) 
4 165 (-1400 -396 272 ) (-1404 -396 272 ) (-1404 -400 272 ) (-1400 -400 272 ) 
4 166 (-1400 -528 368 ) (-1400 -528 232 ) (-1404 -528 232 ) (-1404 -528 368 ) 
4 167 (-1400 -144 128 ) (-1400 -144 232 ) (-1404 -144 232 ) (-1404 -144 128 ) 
4 168 (-1400 -272 128 ) (-1400 -400 128 ) (-1404 -400 128 ) (-1404 -272 128 ) 
4 168 (-1400 -400 128 ) (-1400 -400 232 ) (-1404 -400 232 ) (-1404 -400 128 ) 
4 168 (-1404 -272 128 ) (-1404 -272 232 ) (-1400 -272 232 ) (-1400 -272 128 ) 
4 168 (-1400 -380 232 ) (-1400 -376 232 ) (-1404 -376 232 ) (-1404 -380 232 ) 
4 168 (-1400 -364 232 ) (-1400 -360 232 ) (-1404 -360 232 ) (-1404 -364 232 ) 
4 168 (-1400 -348 232 ) (-1400 -344 232 ) (-1404 -344 232 ) (-1404 -348 232 ) 
4 168 (-1400 -332 232 ) (-1400 -328 232 ) (-1404 -328 232 ) (-1404 -332 232 ) 
4 168 (-1400 -316 232 ) (-1400 -312 232 ) (-1404 -312 232 ) (-1404 -316 232 ) 
4 168 (-1400 -300 232 ) (-1400 -296 232 ) (-1404 -296 232 ) (-1404 -300 232 ) 
4 168 (-1400 -284 232 ) (-1400 -280 232 ) (-1404 -280 232 ) (-1404 -284 232 ) 
4 168 (-1400 -396 232 ) (-1400 -392 232 ) (-1404 -392 232 ) (-1404 -396 232 ) 
4 169 (-1404 -528 128 ) (-1404 -528 232 ) (-1400 -528 232 ) (-1400 -528 128 ) 
4 170 (-1408 -144 368 ) (-1408 -144 128 ) (-1404 -144 128 ) (-1404 -144 368 ) 
4 171 (-1404 -272 128 ) (-1404 -400 128 ) (-1408 -400 128 ) (-1408 -272 128 ) 
4 171 (-1408 -400 272 ) (-1408 -400 128 ) (-1404 -400 128 ) (-1404 -400 272 ) 
4 171 (-1404 -272 272 ) (-1404 -272 128 ) (-1408 -272 128 ) (-1408 -272 272 ) 
4 171 (-1404 -376 256 ) (-1404 -380 256 ) (-1404 -380 232 ) (-1404 -376 232 ) 
4 171 (-1404 -380 256 ) (-1404 -380 260 ) (-1404 -392 260 ) (-1404 -392 256 ) 
4 171 (-1404 -380 260 ) (-1404 -380 256 ) (-1404 -376 256 ) (-1404 -376 260 ) 
4 171 (-1404 -380 260 ) (-1404 -376 260 ) (-1404 -376 272 ) (-1404 -380 272 ) 
4 171 (-1404 -360 256 ) (-1404 -364 256 ) (-1404 -364 232 ) (-1404 -360 232 ) 
4 171 (-1404 -364 256 ) (-1404 -364 260 ) (-1404 -376 260 ) (-1404 -376 256 ) 
4 171 (-1404 -364 256 ) (-1404 -360 256 ) (-1404 -360 260 ) (-1404 -364 260 ) 
4 171 (-1404 -364 260 ) (-1404 -360 260 ) (-1404 -360 272 ) (-1404 -364 272 ) 
4 171 (-1404 -360 260 ) (-1404 -360 256 ) (-1404 -348 256 ) (-1404 -348 260 ) 
4 171 (-1404 -344 256 ) (-1404 -348 256 ) (-1404 -348 232 ) (-1404 -344 232 ) 
4 171 (-1404 -344 256 ) (-1404 -344 260 ) (-1404 -348 260 ) (-1404 -348 256 ) 
4 171 (-1404 -344 256 ) (-1404 -332 256 ) (-1404 -332 260 ) (-1404 -344 260 ) 
4 171 (-1404 -344 260 ) (-1404 -344 272 ) (-1404 -348 272 ) (-1404 -348 260 ) 
4 171 (-1404 -328 256 ) (-1404 -328 260 ) (-1404 -332 260 ) (-1404 -332 256 ) 
4 171 (-1404 -328 260 ) (-1404 -328 272 ) (-1404 -332 272 ) (-1404 -332 260 ) 
4 171 (-1404 -328 256 ) (-1404 -332 256 ) (-1404 -332 232 ) (-1404 -328 232 ) 
4 171 (-1404 -316 256 ) (-1404 -316 260 ) (-1404 -328 260 ) (-1404 -328 256 ) 
4 171 (-1404 -312 256 ) (-1404 -316 256 ) (-1404 -316 232 ) (-1404 -312 232 ) 
4 171 (-1404 -312 256 ) (-1404 -312 260 ) (-1404 -316 260 ) (-1404 -316 256 ) 
4 171 (-1404 -312 260 ) (-1404 -312 272 ) (-1404 -316 272 ) (-1404 -316 260 ) 
4 171 (-1404 -296 256 ) (-1404 -300 256 ) (-1404 -300 232 ) (-1404 -296 232 ) 
4 171 (-1404 -300 256 ) (-1404 -300 260 ) (-1404 -312 260 ) (-1404 -312 256 ) 
4 171 (-1404 -300 256 ) (-1404 -296 256 ) (-1404 -296 260 ) (-1404 -300 260 ) 
4 171 (-1404 -300 260 ) (-1404 -296 260 ) (-1404 -296 272 ) (-1404 -300 272 ) 
4 171 (-1404 -284 256 ) (-1404 -284 260 ) (-1404 -296 260 ) (-1404 -296 256 ) 
4 171 (-1404 -284 272 ) (-1404 -284 232 ) (-1404 -280 232 ) (-1404 -280 272 ) 
4 171 (-1404 -392 272 ) (-1404 -396 272 ) (-1404 -396 232 ) (-1404 -392 232 ) 
4 171 (-1404 -272 272 ) (-1408 -272 272 ) (-1408 -400 272 ) (-1404 -400 272 ) 
4 172 (-1404 -528 368 ) (-1404 -528 128 ) (-1408 -528 128 ) (-1408 -528 368 ) 
4 173 (-1744 0 128 ) (-1408 0 128 ) (-1408 -832 128 ) (-1744 -832 128 ) 
4 173 (-1408 -400 368 ) (-1408 -528 368 ) (-1408 -528 128 ) (-1408 -400 128 ) 
4 173 (-1408 -272 272 ) (-1408 -272 368 ) (-1408 -400 368 ) (-1408 -400 272 ) 
4 173 (-1408 -144 368 ) (-1408 -272 368 ) (-1408 -272 128 ) (-1408 -144 128 ) 
4 174 (-1408 -176 128 ) (-1408 -176 64 ) (-1104 -176 64 ) (-1104 -176 128 ) 
4 174 (-1408 0 64 ) (-1408 -176 64 ) (-1408 -176 128 ) (-1408 0 128 ) 
4 174 (-1400 -144 128 ) (-1400 -176 128 ) (-1392 -176 128 ) (-1392 -144 128 ) 
4 174 (-1404 -144 128 ) (-1404 -176 128 ) (-1400 -176 128 ) (-1400 -144 128 ) 
4 174 (-1408 -144 128 ) (-1408 -176 128 ) (-1404 -176 128 ) (-1404 -144 128 ) 
4 175 (-1408 -496 128 ) (-1408 -528 128 ) (-1404 -528 128 ) (-1404 -496 128 ) 
4 175 (-1404 -496 128 ) (-1404 -528 128 ) (-1400 -528 128 ) (-1400 -496 128 ) 
4 175 (-1400 -496 128 ) (-1400 -528 128 ) (-1392 -528 128 ) (-1392 -496 128 ) 
4 175 (-1408 -496 64 ) (-1408 -832 64 ) (-1408 -832 128 ) (-1408 -496 128 ) 
4 175 (-1104 -496 128 ) (-1104 -496 64 ) (-1408 -496 64 ) (-1408 -496 128 ) 
4 176 (-1408 -832 128 ) (-1408 -832 64 ) (-1744 -832 64 ) (-1744 -832 128 ) 
4 177 (-1744 0 128 ) (-1744 -832 128 ) (-1744 -832 64 ) (-1744 0 64 ) 
4 178 (-1408 -176 64 ) (-1408 -496 64 ) (-1104 -496 64 ) (-1104 -176 64 ) 
4 178 (-1744 -832 64 ) (-1408 -832 64 ) (-1408 0 64 ) (-1744 0 64 ) 
4 179 (-1024 -1024 -96 ) (-2048 -1024 -96 ) (-2048 0 -96 ) (-1024 0 -96 ) 
4 180 (-1024 -1064 600 ) (-1024 -1024 600 ) (-2048 -1024 600 ) (-2048 -1064 600 ) 
4 180 (-2048 -1064 0 ) (-1024 -1064 0 ) (-1024 -1064 600 ) (-2048 -1064 600 ) 
4 181 (-2048 -1064 -96 ) (-2048 -1024 -96 ) (-1024 -1024 -96 ) (-1024 -1064 -96 ) 
4 181 (-2048 -1064 -96 ) (-1024 -1064 -96 ) (-1024 -1064 0 ) (-2048 -1064 0 ) 
4 182 (-2104 712 0 ) (-2104 0 0 ) (-2104 0 600 ) (-2104 712 600 ) 
4 182 (-2048 712 600 ) (-2104 712 600 ) (-2104 0 600 ) (-2048 0 600 ) 
4 182 (-2048 712 600 ) (-2048 712 0 ) (-2104 712 0 ) (-2104 712 600 ) 
4 183 (-2104 712 0 ) (-2104 712 -96 ) (-2104 0 -96 ) (-2104 0 0 ) 
4 183 (-2104 712 -96 ) (-2104 712 0 ) (-2048 712 0 ) (-2048 712 -96 ) 
4 183 (-2048 0 -96 ) (-2104 0 -96 ) (-2104 712 -96 ) (-2048 712 -96 ) 
4 184 (-2048 0 600 ) (-2104 0 600 ) (-2104 -1024 600 ) (-2048 -1024 600 ) 
4 184 (-2104 0 0 ) (-2104 -1024 0 ) (-2104 -1024 600 ) (-2104 0 600 ) 
4 185 (-2048 -1024 -96 ) (-2104 -1024 -96 ) (-2104 0 -96 ) (-2048 0 -96 ) 
4 185 (-2104 0 -96 ) (-2104 -1024 -96 ) (-2104 -1024 0 ) (-2104 0 0 ) 
4 186 (-2048 -1064 600 ) (-2048 -1024 600 ) (-2104 -1024 600 ) (-2104 -1064 600 ) 
4 186 (-2104 -1024 600 ) (-2104 -1024 0 ) (-2104 -1064 0 ) (-2104 -1064 600 ) 
4 186 (-2048 -1064 600 ) (-2104 -1064 600 ) (-2104 -1064 0 ) (-2048 -1064 0 ) 
4 187 (-2104 -1064 -96 ) (-2104 -1024 -96 ) (-2048 -1024 -96 ) (-2048 -1064 -96 ) 
4 187 (-2104 -1064 0 ) (-2104 -1024 0 ) (-2104 -1024 -96 ) (-2104 -1064 -96 ) 
4 187 (-2104 -1064 0 ) (-2104 -1064 -96 ) (-2048 -1064 -96 ) (-2048 -1064 0 ) 
