PRT1
747
2124
1740
4 0 22 0 (6144 4096 0 ) (6144 4096 272 ) (6144 4624 272 ) (6144 4624 0 ) 
4 0 2 0 (6144 4096 272 ) (6144 4096 0 ) (6656 4096 0 ) (6656 4096 272 ) 
4 0 1 0 (6656 4096 0 ) (6144 4096 0 ) (6144 4624 0 ) (6656 4624 0 ) 
4 1 23 0 (6144 4096 -1024 ) (6144 4096 0 ) (6144 4624 0 ) (6144 4624 -1024 ) 
4 1 3 0 (6144 4096 0 ) (6144 4096 -1024 ) (6656 4096 -1024 ) (6656 4096 0 ) 
4 2 24 0 (6144 3072 0 ) (6144 3072 272 ) (6144 4096 272 ) (6144 4096 0 ) 
4 2 4 0 (6144 3072 272 ) (6144 3072 0 ) (6656 3072 0 ) (6656 3072 272 ) 
4 2 3 0 (6656 3072 0 ) (6144 3072 0 ) (6144 4096 0 ) (6656 4096 0 ) 
4 3 25 0 (6144 3072 -1024 ) (6144 3072 0 ) (6144 4096 0 ) (6144 4096 -1024 ) 
4 3 5 0 (6144 3072 0 ) (6144 3072 -1024 ) (6656 3072 -1024 ) (6656 3072 0 ) 
4 4 26 0 (6144 2048 0 ) (6144 2048 272 ) (6144 3072 272 ) (6144 3072 0 ) 
4 4 6 0 (6144 2048 272 ) (6144 2048 0 ) (6656 2048 0 ) (6656 2048 272 ) 
4 4 5 0 (6656 2048 0 ) (6144 2048 0 ) (6144 3072 0 ) (6656 3072 0 ) 
4 5 27 0 (6144 2048 -1024 ) (6144 2048 0 ) (6144 3072 0 ) (6144 3072 -1024 ) 
4 5 7 0 (6144 2048 0 ) (6144 2048 -1024 ) (6656 2048 -1024 ) (6656 2048 0 ) 
4 6 28 0 (6144 1024 0 ) (6144 1024 272 ) (6144 2048 272 ) (6144 2048 0 ) 
4 6 8 0 (6144 1024 272 ) (6144 1024 0 ) (6656 1024 0 ) (6656 1024 272 ) 
4 6 7 0 (6656 1024 0 ) (6144 1024 0 ) (6144 2048 0 ) (6656 2048 0 ) 
4 7 29 0 (6144 1024 -1024 ) (6144 1024 0 ) (6144 2048 0 ) (6144 2048 -1024 ) 
4 7 9 0 (6144 1024 0 ) (6144 1024 -1024 ) (6656 1024 -1024 ) (6656 1024 0 ) 
4 8 30 0 (6144 0 0 ) (6144 0 272 ) (6144 1024 272 ) (6144 1024 0 ) 
4 8 10 0 (6144 0 272 ) (6144 0 0 ) (6656 0 0 ) (6656 0 272 ) 
4 8 9 0 (6656 0 0 ) (6144 0 0 ) (6144 1024 0 ) (6656 1024 0 ) 
4 9 31 0 (6144 0 -1024 ) (6144 0 0 ) (6144 1024 0 ) (6144 1024 -1024 ) 
4 9 11 0 (6144 0 0 ) (6144 0 -1024 ) (6656 0 -1024 ) (6656 0 0 ) 
4 10 32 0 (6144 -1024 0 ) (6144 -1024 272 ) (6144 0 272 ) (6144 0 0 ) 
4 10 12 0 (6144 -1024 272 ) (6144 -1024 0 ) (6656 -1024 0 ) (6656 -1024 272 ) 
4 10 11 0 (6656 -1024 0 ) (6144 -1024 0 ) (6144 0 0 ) (6656 0 0 ) 
4 11 33 0 (6144 -1024 -1024 ) (6144 -1024 0 ) (6144 0 0 ) (6144 0 -1024 ) 
4 11 13 0 (6144 -1024 0 ) (6144 -1024 -1024 ) (6656 -1024 -1024 ) (6656 -1024 0 ) 
4 12 34 0 (6144 -2048 0 ) (6144 -2048 272 ) (6144 -1024 272 ) (6144 -1024 0 ) 
4 12 14 0 (6144 -2048 272 ) (6144 -2048 0 ) (6656 -2048 0 ) (6656 -2048 272 ) 
4 12 13 0 (6656 -2048 0 ) (6144 -2048 0 ) (6144 -1024 0 ) (6656 -1024 0 ) 
4 13 35 0 (6144 -2048 -1024 ) (6144 -2048 0 ) (6144 -1024 0 ) (6144 -1024 -1024 ) 
4 13 15 0 (6144 -2048 0 ) (6144 -2048 -1024 ) (6656 -2048 -1024 ) (6656 -2048 0 ) 
4 14 36 0 (6144 -3072 0 ) (6144 -3072 272 ) (6144 -2048 272 ) (6144 -2048 0 ) 
4 14 16 0 (6144 -3072 272 ) (6144 -3072 0 ) (6656 -3072 0 ) (6656 -3072 272 ) 
4 14 15 0 (6656 -3072 0 ) (6144 -3072 0 ) (6144 -2048 0 ) (6656 -2048 0 ) 
4 15 37 0 (6144 -3072 -1024 ) (6144 -3072 0 ) (6144 -2048 0 ) (6144 -2048 -1024 ) 
4 15 17 0 (6144 -3072 0 ) (6144 -3072 -1024 ) (6656 -3072 -1024 ) (6656 -3072 0 ) 
4 16 38 0 (6144 -4096 0 ) (6144 -4096 272 ) (6144 -3072 272 ) (6144 -3072 0 ) 
4 16 18 0 (6144 -4096 272 ) (6144 -4096 0 ) (6656 -4096 0 ) (6656 -4096 272 ) 
4 16 17 0 (6656 -4096 0 ) (6144 -4096 0 ) (6144 -3072 0 ) (6656 -3072 0 ) 
4 17 39 0 (6144 -4096 -1024 ) (6144 -4096 0 ) (6144 -3072 0 ) (6144 -3072 -1024 ) 
4 17 19 0 (6144 -4096 0 ) (6144 -4096 -1024 ) (6656 -4096 -1024 ) (6656 -4096 0 ) 
4 18 40 0 (6144 -5120 0 ) (6144 -5120 272 ) (6144 -4096 272 ) (6144 -4096 0 ) 
4 18 20 0 (6144 -5120 272 ) (6144 -5120 0 ) (6656 -5120 0 ) (6656 -5120 272 ) 
4 18 19 0 (6656 -5120 0 ) (6144 -5120 0 ) (6144 -4096 0 ) (6656 -4096 0 ) 
4 19 41 0 (6144 -5120 -1024 ) (6144 -5120 0 ) (6144 -4096 0 ) (6144 -4096 -1024 ) 
4 19 21 0 (6144 -5120 0 ) (6144 -5120 -1024 ) (6656 -5120 -1024 ) (6656 -5120 0 ) 
4 20 42 0 (6144 -5120 272 ) (6144 -5120 0 ) (6144 -5376 0 ) (6144 -5376 272 ) 
4 20 21 0 (6144 -5376 0 ) (6144 -5120 0 ) (6656 -5120 0 ) (6656 -5376 0 ) 
4 21 43 0 (6144 -5376 -1024 ) (6144 -5376 0 ) (6144 -5120 0 ) (6144 -5120 -1024 ) 
4 22 44 0 (5120 4624 0 ) (5120 4096 0 ) (5120 4096 272 ) (5120 4624 272 ) 
4 22 24 0 (5120 4096 272 ) (5120 4096 0 ) (6144 4096 0 ) (6144 4096 272 ) 
4 22 23 0 (6144 4096 0 ) (5120 4096 0 ) (5120 4624 0 ) (6144 4624 0 ) 
4 23 45 0 (5120 4096 -1024 ) (5120 4096 0 ) (5120 4624 0 ) (5120 4624 -1024 ) 
4 23 25 0 (5120 4096 0 ) (5120 4096 -1024 ) (6144 4096 -1024 ) (6144 4096 0 ) 
4 24 46 0 (5120 3072 0 ) (5120 3072 272 ) (5120 4096 272 ) (5120 4096 0 ) 
4 24 26 0 (5120 3072 272 ) (5120 3072 0 ) (6144 3072 0 ) (6144 3072 272 ) 
4 24 25 0 (6144 3072 0 ) (5120 3072 0 ) (5120 4096 0 ) (6144 4096 0 ) 
4 25 47 0 (5120 3072 -1024 ) (5120 3072 0 ) (5120 4096 0 ) (5120 4096 -1024 ) 
4 25 27 0 (5120 3072 0 ) (5120 3072 -1024 ) (6144 3072 -1024 ) (6144 3072 0 ) 
4 26 48 0 (5120 2048 0 ) (5120 2048 272 ) (5120 3072 272 ) (5120 3072 0 ) 
4 26 28 0 (5120 2048 272 ) (5120 2048 0 ) (6144 2048 0 ) (6144 2048 272 ) 
4 26 27 0 (6144 2048 0 ) (5120 2048 0 ) (5120 3072 0 ) (6144 3072 0 ) 
4 27 49 0 (5120 2048 -1024 ) (5120 2048 0 ) (5120 3072 0 ) (5120 3072 -1024 ) 
4 27 29 0 (5120 2048 0 ) (5120 2048 -1024 ) (6144 2048 -1024 ) (6144 2048 0 ) 
4 28 50 0 (5120 1024 0 ) (5120 1024 272 ) (5120 2048 272 ) (5120 2048 0 ) 
4 28 30 0 (5120 1024 272 ) (5120 1024 0 ) (6144 1024 0 ) (6144 1024 272 ) 
4 28 29 0 (6144 1024 0 ) (5120 1024 0 ) (5120 2048 0 ) (6144 2048 0 ) 
4 29 51 0 (5120 1024 -1024 ) (5120 1024 0 ) (5120 2048 0 ) (5120 2048 -1024 ) 
4 29 31 0 (5120 1024 0 ) (5120 1024 -1024 ) (6144 1024 -1024 ) (6144 1024 0 ) 
4 30 52 0 (5120 0 0 ) (5120 0 272 ) (5120 1024 272 ) (5120 1024 0 ) 
4 30 32 0 (5120 0 272 ) (5120 0 0 ) (6144 0 0 ) (6144 0 272 ) 
4 30 31 0 (6144 0 0 ) (5120 0 0 ) (5120 1024 0 ) (6144 1024 0 ) 
4 31 53 0 (5120 0 -1024 ) (5120 0 0 ) (5120 1024 0 ) (5120 1024 -1024 ) 
4 31 33 0 (5120 0 0 ) (5120 0 -1024 ) (6144 0 -1024 ) (6144 0 0 ) 
4 32 54 0 (5120 -1024 0 ) (5120 -1024 272 ) (5120 0 272 ) (5120 0 0 ) 
4 32 34 0 (5120 -1024 272 ) (5120 -1024 0 ) (6144 -1024 0 ) (6144 -1024 272 ) 
4 32 33 0 (6144 -1024 0 ) (5120 -1024 0 ) (5120 0 0 ) (6144 0 0 ) 
4 33 62 0 (5120 -1024 -1024 ) (5120 -1024 -1016 ) (5120 0 -1016 ) (5120 0 -1024 ) 
4 33 55 0 (5120 -1024 -1016 ) (5120 -1024 0 ) (5120 0 0 ) (5120 0 -1016 ) 
4 33 35 0 (5120 -1024 0 ) (5120 -1024 -1024 ) (6144 -1024 -1024 ) (6144 -1024 0 ) 
4 34 63 0 (5120 -2048 0 ) (5120 -2048 272 ) (5120 -1024 272 ) (5120 -1024 0 ) 
4 34 36 0 (5120 -2048 272 ) (5120 -2048 0 ) (6144 -2048 0 ) (6144 -2048 272 ) 
4 34 35 0 (6144 -2048 0 ) (5120 -2048 0 ) (5120 -1024 0 ) (6144 -1024 0 ) 
4 35 73 0 (5120 -2048 -1024 ) (5120 -2048 -336 ) (5120 -1680 -336 ) (5120 -1680 -1024 ) 
4 35 68 0 (5120 -1680 -336 ) (5120 -1024 -336 ) (5120 -1024 -1016 ) (5120 -1680 -1016 ) 
4 35 72 0 (5120 -1024 -1016 ) (5120 -1024 -1024 ) (5120 -1680 -1024 ) (5120 -1680 -1016 ) 
4 35 64 0 (5120 -2048 -336 ) (5120 -2048 0 ) (5120 -1024 0 ) (5120 -1024 -336 ) 
4 35 37 0 (5120 -2048 0 ) (5120 -2048 -1024 ) (6144 -2048 -1024 ) (6144 -2048 0 ) 
4 36 74 0 (5120 -3072 0 ) (5120 -3072 272 ) (5120 -2048 272 ) (5120 -2048 0 ) 
4 36 38 0 (5120 -3072 272 ) (5120 -3072 0 ) (6144 -3072 0 ) (6144 -3072 272 ) 
4 36 37 0 (6144 -3072 0 ) (5120 -3072 0 ) (5120 -2048 0 ) (6144 -2048 0 ) 
4 37 79 0 (5120 -3072 -1024 ) (5120 -3072 -336 ) (5120 -2048 -336 ) (5120 -2048 -1024 ) 
4 37 76 0 (5120 -3072 -336 ) (5120 -3072 -48 ) (5120 -2048 -48 ) (5120 -2048 -336 ) 
4 37 75 0 (5120 -3072 -48 ) (5120 -3072 0 ) (5120 -2048 0 ) (5120 -2048 -48 ) 
4 37 39 0 (5120 -3072 0 ) (5120 -3072 -1024 ) (6144 -3072 -1024 ) (6144 -3072 0 ) 
4 38 80 0 (5120 -4096 0 ) (5120 -4096 272 ) (5120 -3072 272 ) (5120 -3072 0 ) 
4 38 40 0 (5120 -4096 272 ) (5120 -4096 0 ) (6144 -4096 0 ) (6144 -4096 272 ) 
4 38 39 0 (6144 -4096 0 ) (5120 -4096 0 ) (5120 -3072 0 ) (6144 -3072 0 ) 
4 39 81 0 (5120 -4096 -1024 ) (5120 -4096 0 ) (5120 -3072 0 ) (5120 -3072 -1024 ) 
4 39 41 0 (5120 -4096 0 ) (5120 -4096 -1024 ) (6144 -4096 -1024 ) (6144 -4096 0 ) 
4 40 82 0 (5120 -5120 0 ) (5120 -5120 272 ) (5120 -4096 272 ) (5120 -4096 0 ) 
4 40 42 0 (5120 -5120 272 ) (5120 -5120 0 ) (6144 -5120 0 ) (6144 -5120 272 ) 
4 40 41 0 (6144 -5120 0 ) (5120 -5120 0 ) (5120 -4096 0 ) (6144 -4096 0 ) 
4 41 83 0 (5120 -5120 -1024 ) (5120 -5120 0 ) (5120 -4096 0 ) (5120 -4096 -1024 ) 
4 41 43 0 (5120 -5120 0 ) (5120 -5120 -1024 ) (6144 -5120 -1024 ) (6144 -5120 0 ) 
4 42 84 0 (5120 -5120 272 ) (5120 -5120 0 ) (5120 -5376 0 ) (5120 -5376 272 ) 
4 42 43 0 (5120 -5376 0 ) (5120 -5120 0 ) (6144 -5120 0 ) (6144 -5376 0 ) 
4 43 85 0 (5120 -5376 -1024 ) (5120 -5376 0 ) (5120 -5120 0 ) (5120 -5120 -1024 ) 
4 44 86 0 (4096 4096 0 ) (4096 4096 272 ) (4096 4624 272 ) (4096 4624 0 ) 
4 44 46 0 (4096 4096 272 ) (4096 4096 0 ) (5120 4096 0 ) (5120 4096 272 ) 
4 44 45 0 (5120 4096 0 ) (4096 4096 0 ) (4096 4624 0 ) (5120 4624 0 ) 
4 45 87 0 (4096 4096 -1024 ) (4096 4096 0 ) (4096 4624 0 ) (4096 4624 -1024 ) 
4 45 47 0 (4096 4096 0 ) (4096 4096 -1024 ) (5120 4096 -1024 ) (5120 4096 0 ) 
4 46 88 0 (4096 3072 0 ) (4096 3072 272 ) (4096 4096 272 ) (4096 4096 0 ) 
4 46 48 0 (4096 3072 272 ) (4096 3072 0 ) (5120 3072 0 ) (5120 3072 272 ) 
4 46 47 0 (5120 3072 0 ) (4096 3072 0 ) (4096 4096 0 ) (5120 4096 0 ) 
4 47 89 0 (4096 3072 -1024 ) (4096 3072 0 ) (4096 4096 0 ) (4096 4096 -1024 ) 
4 47 49 0 (4096 3072 0 ) (4096 3072 -1024 ) (5120 3072 -1024 ) (5120 3072 0 ) 
4 48 90 0 (4096 2048 0 ) (4096 2048 272 ) (4096 3072 272 ) (4096 3072 0 ) 
4 48 50 0 (4096 2048 272 ) (4096 2048 0 ) (5120 2048 0 ) (5120 2048 272 ) 
4 48 49 0 (5120 2048 0 ) (4096 2048 0 ) (4096 3072 0 ) (5120 3072 0 ) 
4 49 91 0 (4096 2048 -1024 ) (4096 2048 0 ) (4096 3072 0 ) (4096 3072 -1024 ) 
4 49 51 0 (4096 2048 0 ) (4096 2048 -1024 ) (5120 2048 -1024 ) (5120 2048 0 ) 
4 50 92 0 (4096 1024 0 ) (4096 1024 272 ) (4096 2048 272 ) (4096 2048 0 ) 
4 50 52 0 (4096 1024 272 ) (4096 1024 0 ) (5120 1024 0 ) (5120 1024 272 ) 
4 50 51 0 (5120 1024 0 ) (4096 1024 0 ) (4096 2048 0 ) (5120 2048 0 ) 
4 51 93 0 (4096 1024 -1024 ) (4096 1024 0 ) (4096 2048 0 ) (4096 2048 -1024 ) 
4 51 53 0 (4096 1024 0 ) (4096 1024 -1024 ) (5120 1024 -1024 ) (5120 1024 0 ) 
4 52 94 0 (4096 0 0 ) (4096 0 272 ) (4096 1024 272 ) (4096 1024 0 ) 
4 52 54 0 (4096 0 272 ) (4096 0 0 ) (5120 0 0 ) (5120 0 272 ) 
4 52 53 0 (5120 0 0 ) (4096 0 0 ) (4096 1024 0 ) (5120 1024 0 ) 
4 53 95 0 (4096 0 -1024 ) (4096 0 0 ) (4096 1024 0 ) (4096 1024 -1024 ) 
4 53 62 0 (4096 0 -1016 ) (4096 0 -1024 ) (5120 0 -1024 ) (5120 0 -1016 ) 
4 53 56 0 (4096 0 0 ) (4096 0 -1016 ) (4696.165039 0 -1016 ) (4696.165039 0 0 ) 
4 53 55 0 (4696.165039 0 -1016 ) (5120 0 -1016 ) (5120 0 0 ) (4696.165039 0 0 ) 
4 54 97 0 (4096 -1024 0 ) (4096 -1024 160 ) (4096 0 160 ) (4096 0 0 ) 
4 54 96 0 (4096 -1024 160 ) (4096 -1024 272 ) (4096 0 272 ) (4096 0 160 ) 
4 54 63 0 (4096 -1024 272 ) (4096 -1024 0 ) (5120 -1024 0 ) (5120 -1024 272 ) 
4 54 56 0 (4354.730957 -1024 0 ) (4096 -1024 0 ) (4096 0 0 ) (4696.165039 0 0 ) 
4 54 55 0 (5120 -1024 0 ) (4354.730957 -1024 0 ) (4696.165039 0 0 ) (5120 0 0 ) 
4 55 68 0 (4354.730957 -1024 -1016 ) (5120 -1024 -1016 ) (5120 -1024 -336 ) (4354.730957 -1024 -336 ) 
4 55 64 0 (5120 -1024 -336 ) (5120 -1024 0 ) (4354.730957 -1024 0 ) (4354.730957 -1024 -336 ) 
4 55 62 0 (5120 -1024 -1016 ) (4354.730957 -1024 -1016 ) (4696.165039 0 -1016 ) (5120 0 -1016 ) 
4 55 57 0 (4456.001953 -720.283203 -1016 ) (4455.998047 -720.295044 -1016 ) (4354.732910 -1024 -932.455994 ) (4354.732910 -1024 -577.947815 ) 
5 55 56 0 (4696.166992 0 -1016 ) (4456.001953 -720.283203 -1016 ) (4354.732910 -1024 -577.947815 ) (4354.733398 -1024 0 ) (4696.166992 0 0 ) 
5 56 106 0 (4096 -1024 -482.844208 ) (4096 -1024 -336 ) (4096 -992 -336 ) (4096 -480.282837 -1016 ) (4096 -620.015808 -1016 ) 
4 56 105 0 (4096 -992 -336 ) (4096 0 -336 ) (4096 0 -1016 ) (4096 -480.282837 -1016 ) 
3 56 101 0 (4096 -1024 -336 ) (4096 -1024 -253.714127 ) (4096 -992 -336 ) 
5 56 100 0 (4096 -1024 -253.714127 ) (4096 -1024 0 ) (4096 0 0 ) (4096 0 -336 ) (4096 -992 -336 ) 
4 56 70 0 (4096 -1024 -336 ) (4096 -1024 -482.844177 ) (4241.879883 -1024 -536.465881 ) (4241.879883 -1024 -336 ) 
4 56 69 0 (4241.879883 -1024 -536.465881 ) (4354.730957 -1024 -577.946960 ) (4354.730957 -1024 -336 ) (4241.879883 -1024 -336 ) 
4 56 65 0 (4096 -1024 0 ) (4096 -1024 -336 ) (4128 -1024 -336 ) (4128 -1024 0 ) 
4 56 64 0 (4128 -1024 -336 ) (4354.730957 -1024 -336 ) (4354.730957 -1024 0 ) (4128 -1024 0 ) 
4 56 62 0 (4096 -620.015869 -1016 ) (4096 0 -1016 ) (4696.165039 0 -1016 ) (4456 -720.282776 -1016 ) 
3 56 60 0 (4455.979492 -720.300659 -1015.971802 ) (4096 -1001.256165 -512.863098 ) (4096 -703.131714 -906.311157 ) 
4 56 58 0 (4241.879883 -1024 -536.468811 ) (4096 -1024 -482.847076 ) (4096 -1001.256165 -512.863098 ) (4267.104980 -867.712646 -752 ) 
4 56 57 0 (4455.997070 -720.286804 -1015.996582 ) (4354.729492 -1024 -577.949402 ) (4241.879883 -1024 -536.468811 ) (4267.104980 -867.712646 -752 ) 
4 57 69 0 (4241.879883 -1024 -752 ) (4354.730957 -1024 -932.453247 ) (4354.730957 -1024 -577.946960 ) (4241.879883 -1024 -536.465881 ) 
4 57 60 0 (4267.106934 -867.699829 -752.002319 ) (4456 -720.273438 -1016 ) (4456 -720.282654 -1016 ) (4264 -886.947937 -752.002197 ) 
3 57 59 0 (4264.002441 -886.940552 -752.011719 ) (4241.880371 -1024 -680.111755 ) (4241.880371 -1024 -575.657593 ) 
4 57 58 0 (4241.880371 -1024 -536.457581 ) (4267.108398 -867.695740 -752.011719 ) (4264.002441 -886.940552 -752.011719 ) (4241.880371 -1024 -575.657593 ) 
4 58 108 0 (4096 -1024 -514.091980 ) (4096 -1024 -502.951538 ) (4096 -1013.991882 -516.149963 ) (4096 -1020.857117 -517.921814 ) 
4 58 107 0 (4096 -1024 -502.951538 ) (4096 -1024 -482.844208 ) (4096 -1001.254395 -512.862610 ) (4096 -1013.991882 -516.149963 ) 
4 58 70 0 (4096 -1024 -482.844177 ) (4096 -1024 -514.091919 ) (4241.879883 -1024 -575.657349 ) (4241.879883 -1024 -536.465881 ) 
3 58 61 0 (4264 -886.947693 -752.002197 ) (4096 -1020.855835 -517.923340 ) (4096 -1013.990662 -516.151550 ) 
4 58 60 0 (4096 -1001.244812 -512.862122 ) (4267.106934 -867.699829 -752.002319 ) (4264 -886.947693 -752.002197 ) (4096 -1013.990662 -516.151550 ) 
3 58 59 0 (4264 -886.946167 -751.998596 ) (4241.878418 -1024 -575.651672 ) (4204.942383 -1024 -560.063477 ) 
3 59 71 0 (4241.879883 -1024 -680.110107 ) (4241.879883 -1024 -575.657349 ) (4204.944336 -1024 -560.069519 ) 
4 60 107 0 (4096 -1013.991882 -516.150024 ) (4096 -1001.254395 -512.862610 ) (4096 -703.112610 -906.333496 ) (4096 -835.152161 -752 ) 
3 60 61 0 (4264 -886.954163 -751.994324 ) (4096 -1013.995850 -516.145264 ) (4096 -912.814941 -649.580078 ) 
3 61 108 0 (4096 -1020.857117 -517.921814 ) (4096 -1013.991882 -516.150024 ) (4096 -912.812500 -649.583008 ) 
4 62 109 0 (4096 -1024 -1024 ) (4096 -1024 -1016 ) (4096 0 -1016 ) (4096 0 -1024 ) 
4 62 72 0 (4096 -1024 -1016 ) (4096 -1024 -1024 ) (5120 -1024 -1024 ) (5120 -1024 -1016 ) 
4 63 112 0 (4096 -1355.182861 160 ) (4096 -1024 160 ) (4096 -1024 0 ) (4096 -1355.182739 0 ) 
4 63 111 0 (4096 -2048 0 ) (4096 -2048 160 ) (4096 -1355.182861 160 ) (4096 -1355.182739 0 ) 
4 63 110 0 (4096 -2048 160 ) (4096 -2048 272 ) (4096 -1024 272 ) (4096 -1024 160 ) 
4 63 74 0 (4096 -2048 272 ) (4096 -2048 0 ) (5120 -2048 0 ) (5120 -2048 272 ) 
4 63 67 0 (4128 -2048 0 ) (4096 -2048 0 ) (4096 -1743.601807 0 ) (4128 -1777.757812 0 ) 
4 63 66 0 (4096 -1743.601807 0 ) (4096 -1305.625000 0 ) (4128 -1316.869751 0 ) (4128 -1777.757812 0 ) 
4 63 65 0 (4096 -1305.625000 0 ) (4096 -1024 0 ) (4128 -1024 0 ) (4128 -1316.869751 0 ) 
4 63 64 0 (5120 -2048 0 ) (4128 -2048 0 ) (4128 -1024 0 ) (5120 -1024 0 ) 
4 64 76 0 (4128 -2048 -336 ) (5120 -2048 -336 ) (5120 -2048 -48 ) (4128 -2048 -48 ) 
4 64 75 0 (5120 -2048 -48 ) (5120 -2048 0 ) (4128 -2048 0 ) (4128 -2048 -48 ) 
4 64 73 0 (5120 -2048 -336 ) (4128 -2048 -336 ) (4128 -1680 -336 ) (5120 -1680 -336 ) 
3 64 71 0 (4136 -1184 -336 ) (4211.817383 -1210.257690 -336 ) (4136 -1680 -336 ) 
4 64 70 0 (4128 -1181.229370 -336 ) (4128 -1024 -336 ) (4241.879883 -1024 -336 ) (4211.817383 -1210.257690 -336 ) 
3 64 69 0 (4241.879883 -1024 -336 ) (4354.730957 -1024 -336 ) (4136 -1680 -336 ) 
4 64 68 0 (4354.730957 -1024 -336 ) (5120 -1024 -336 ) (5120 -1680 -336 ) (4136 -1680 -336 ) 
4 64 67 0 (4128 -1184 -336 ) (4128 -2048 -194.618393 ) (4128 -2048 0 ) (4128 -1777.757812 0 ) 
3 64 66 0 (4128 -1184 -336 ) (4128 -1777.757812 0 ) (4128 -1316.869751 0 ) 
4 64 65 0 (4128 -1024 -336 ) (4128 -1184 -336 ) (4128 -1316.869751 0 ) (4128 -1024 0 ) 
4 65 130 0 (4096 -1024 -322.473145 ) (4096 -1024 -336 ) (4096 -1172.755127 -336 ) (4096 -1188.766235 -295.511139 ) 
4 65 123 0 (4096 -1305.625000 0 ) (4096 -1024 0 ) (4096 -1024 -322.473145 ) (4096 -1188.766235 -295.511139 ) 
4 65 70 0 (4096 -1170.146851 -336 ) (4096 -1024 -336 ) (4128 -1024 -336 ) (4128 -1181.229370 -336 ) 
4 65 66 0 (4128 -1184 -336 ) (4128 -1316.869263 0 ) (4096 -1305.624512 0 ) (4096 -1179.359619 -319.297546 ) 
3 66 131 0 (4096 -1188.766113 -295.511414 ) (4096 -1179.360107 -319.297333 ) (4096 -1234.665527 -288 ) 
5 66 123 0 (4096 -1355.182739 0 ) (4096 -1305.625000 0 ) (4096 -1188.766113 -295.511414 ) (4096 -1234.665527 -288 ) (4096 -1355.182739 -219.801514 ) 
3 66 121 0 (4096 -1355.182739 -48 ) (4096 -1355.182739 -219.801514 ) (4096 -1658.779297 -48 ) 
4 66 120 0 (4096 -1743.601807 0 ) (4096 -1355.182739 0 ) (4096 -1355.182739 -48 ) (4096 -1658.779297 -48 ) 
4 66 67 0 (4128 -1184.005981 -336 ) (4128 -1777.763672 0 ) (4096 -1743.608032 0 ) (4096 -1234.677246 -287.998505 ) 
3 67 123 0 (4096 -1355.182617 -219.801575 ) (4096 -1234.665649 -288 ) (4096 -1355.182617 -268.279602 ) 
5 67 121 0 (4096 -2048 -154.909241 ) (4096 -2048 -48 ) (4096 -1658.779297 -48 ) (4096 -1355.182617 -219.801575 ) (4096 -1355.182617 -268.279602 ) 
4 67 120 0 (4096 -2048 -48 ) (4096 -2048 0 ) (4096 -1743.601807 0 ) (4096 -1658.779297 -48 ) 
4 67 77 0 (4096 -2048 -48 ) (4096 -2048 -154.909241 ) (4128 -2048 -194.618393 ) (4128 -2048 -48 ) 
4 67 75 0 (4096 -2048 0 ) (4096 -2048 -48 ) (4128 -2048 -48 ) (4128 -2048 0 ) 
4 68 73 0 (5120 -1680 -1016 ) (5120 -1680 -336 ) (4136 -1680 -336 ) (4136 -1680 -1016 ) 
4 68 69 0 (4135.998535 -1680 -751.997925 ) (4135.998535 -1680 -336 ) (4354.729492 -1024 -336 ) (4354.730469 -1024 -932.452026 ) 
4 68 72 0 (5120 -1680 -1016 ) (4136 -1680 -1016 ) (4354.730957 -1024 -1016 ) (5120 -1024 -1016 ) 
5 69 71 0 (4136.001465 -1679.995728 -336.005798 ) (4136.001465 -1679.995728 -336 ) (4211.817871 -1210.257812 -336 ) (4241.880371 -1024 -575.657593 ) (4241.880371 -1024 -680.111877 ) 
3 69 70 0 (4211.817871 -1210.257812 -336 ) (4241.880371 -1024 -336 ) (4241.880371 -1024 -575.657593 ) 
3 70 139 0 (4096 -1170.146851 -336 ) (4096 -1024 -336 ) (4096 -1024 -514.091919 ) 
4 70 71 0 (4241.878906 -1024 -575.652039 ) (4211.816895 -1210.253418 -336 ) (4136 -1183.995850 -336 ) (4204.942383 -1024 -560.063843 ) 
4 72 140 0 (4096 -1680 -1024 ) (4096 -1680 -1016 ) (4096 -1024 -1016 ) (4096 -1024 -1024 ) 
4 72 73 0 (5120 -1680 -1024 ) (5120 -1680 -1016 ) (4096 -1680 -1016 ) (4096 -1680 -1024 ) 
4 73 141 0 (4096 -2048 -1024 ) (4096 -2048 -336 ) (4096 -1680 -336 ) (4096 -1680 -1024 ) 
4 73 79 0 (4096 -2048 -336 ) (4096 -2048 -1024 ) (5120 -2048 -1024 ) (5120 -2048 -336 ) 
4 74 143 0 (4096 -3072 0 ) (4096 -3072 160 ) (4096 -2048 160 ) (4096 -2048 0 ) 
4 74 142 0 (4096 -3072 160 ) (4096 -3072 272 ) (4096 -2048 272 ) (4096 -2048 160 ) 
4 74 80 0 (4096 -3072 272 ) (4096 -3072 0 ) (5120 -3072 0 ) (5120 -3072 272 ) 
4 74 75 0 (5120 -3072 0 ) (4096 -3072 0 ) (4096 -2048 0 ) (5120 -2048 0 ) 
4 75 150 0 (4096 -3072 -48 ) (4096 -3072 0 ) (4096 -2048 0 ) (4096 -2048 -48 ) 
4 75 81 0 (4096 -3072 0 ) (4096 -3072 -48 ) (5120 -3072 -48 ) (5120 -3072 0 ) 
4 75 77 0 (4096 -2701.335205 -48 ) (4096 -2048 -48 ) (4128 -2048 -48 ) (4128 -2944 -48 ) 
4 75 78 0 (4128 -3072 -48 ) (4096 -3072 -48 ) (4096 -2944 -48 ) (4128 -2944 -48 ) 
4 75 76 0 (5120 -3072 -48 ) (4128 -3072 -48 ) (4128 -2048 -48 ) (5120 -2048 -48 ) 
4 76 81 0 (4128 -3072 -336 ) (5120 -3072 -336 ) (5120 -3072 -48 ) (4128 -3072 -48 ) 
4 76 79 0 (5120 -3072 -336 ) (4128 -3072 -336 ) (4128 -2048 -336 ) (5120 -2048 -336 ) 
3 76 77 0 (4128 -2944 -48 ) (4128 -2048 -48 ) (4128 -2048 -194.618423 ) 
4 76 78 0 (4128 -2944 -336 ) (4128 -3072 -336 ) (4128 -3072 -48 ) (4128 -2944 -48 ) 
3 77 155 0 (4096 -2701.335205 -48 ) (4096 -2048 -48 ) (4096 -2048 -154.909286 ) 
4 78 157 0 (4096 -3072 -336 ) (4096 -3072 -48 ) (4096 -2944 -48 ) (4096 -2944 -336 ) 
4 78 81 0 (4096 -3072 -48 ) (4096 -3072 -336 ) (4128 -3072 -336 ) (4128 -3072 -48 ) 
4 78 79 0 (4128 -3072 -336 ) (4096 -3072 -336 ) (4096 -2944 -336 ) (4128 -2944 -336 ) 
4 79 161 0 (4096 -3072 -1024 ) (4096 -3072 -336 ) (4096 -2048 -336 ) (4096 -2048 -1024 ) 
4 79 81 0 (4096 -3072 -336 ) (4096 -3072 -1024 ) (5120 -3072 -1024 ) (5120 -3072 -336 ) 
4 80 163 0 (4096 -3402.532715 160 ) (4096 -3072 160 ) (4096 -3072 0 ) (4096 -3402.532715 0 ) 
4 80 166 0 (4096 -4096 0 ) (4096 -4096 160 ) (4096 -3402.532715 160 ) (4096 -3402.532715 0 ) 
4 80 162 0 (4096 -4096 160 ) (4096 -4096 272 ) (4096 -3072 272 ) (4096 -3072 160 ) 
4 80 82 0 (4096 -4096 272 ) (4096 -4096 0 ) (5120 -4096 0 ) (5120 -4096 272 ) 
4 80 81 0 (5120 -4096 0 ) (4096 -4096 0 ) (4096 -3072 0 ) (5120 -3072 0 ) 
4 81 176 0 (4096 -4096 -1024 ) (4096 -4096 -256 ) (4096 -3072 -256 ) (4096 -3072 -1024 ) 
4 81 167 0 (4096 -3408 0 ) (4096 -3072 0 ) (4096 -3072 -256 ) (4096 -3408 -256 ) 
4 81 175 0 (4096 -4096 -256 ) (4096 -4096 0 ) (4096 -3408 0 ) (4096 -3408 -256 ) 
4 81 83 0 (4096 -4096 0 ) (4096 -4096 -1024 ) (5120 -4096 -1024 ) (5120 -4096 0 ) 
4 82 177 0 (4096 -5120 0 ) (4096 -5120 272 ) (4096 -4096 272 ) (4096 -4096 0 ) 
4 82 84 0 (4096 -5120 272 ) (4096 -5120 0 ) (5120 -5120 0 ) (5120 -5120 272 ) 
4 82 83 0 (5120 -5120 0 ) (4096 -5120 0 ) (4096 -4096 0 ) (5120 -4096 0 ) 
4 83 178 0 (4096 -5120 -1024 ) (4096 -5120 0 ) (4096 -4096 0 ) (4096 -4096 -1024 ) 
4 83 85 0 (4096 -5120 0 ) (4096 -5120 -1024 ) (5120 -5120 -1024 ) (5120 -5120 0 ) 
4 84 179 0 (4096 -5376 272 ) (4096 -5120 272 ) (4096 -5120 0 ) (4096 -5376 0 ) 
4 84 85 0 (4096 -5376 0 ) (4096 -5120 0 ) (5120 -5120 0 ) (5120 -5376 0 ) 
4 85 180 0 (4096 -5376 0 ) (4096 -5120 0 ) (4096 -5120 -1024 ) (4096 -5376 -1024 ) 
4 86 181 0 (3072 4624 0 ) (3072 4096 0 ) (3072 4096 272 ) (3072 4624 272 ) 
4 86 88 0 (3072 4096 272 ) (3072 4096 0 ) (4096 4096 0 ) (4096 4096 272 ) 
4 86 87 0 (4096 4096 0 ) (3072 4096 0 ) (3072 4624 0 ) (4096 4624 0 ) 
4 87 182 0 (3072 4096 -1024 ) (3072 4096 0 ) (3072 4624 0 ) (3072 4624 -1024 ) 
4 87 89 0 (3072 4096 0 ) (3072 4096 -1024 ) (4096 4096 -1024 ) (4096 4096 0 ) 
4 88 183 0 (3072 3072 0 ) (3072 3072 272 ) (3072 4096 272 ) (3072 4096 0 ) 
4 88 90 0 (3072 3072 272 ) (3072 3072 0 ) (4096 3072 0 ) (4096 3072 272 ) 
4 88 89 0 (4096 3072 0 ) (3072 3072 0 ) (3072 4096 0 ) (4096 4096 0 ) 
4 89 184 0 (3072 3072 -1024 ) (3072 3072 0 ) (3072 4096 0 ) (3072 4096 -1024 ) 
4 89 91 0 (3072 3072 0 ) (3072 3072 -1024 ) (4096 3072 -1024 ) (4096 3072 0 ) 
4 90 185 0 (3072 2048 0 ) (3072 2048 272 ) (3072 3072 272 ) (3072 3072 0 ) 
4 90 92 0 (3072 2048 272 ) (3072 2048 0 ) (4096 2048 0 ) (4096 2048 272 ) 
4 90 91 0 (4096 2048 0 ) (3072 2048 0 ) (3072 3072 0 ) (4096 3072 0 ) 
4 91 186 0 (3072 2048 -1024 ) (3072 2048 0 ) (3072 3072 0 ) (3072 3072 -1024 ) 
4 91 93 0 (3072 2048 0 ) (3072 2048 -1024 ) (4096 2048 -1024 ) (4096 2048 0 ) 
4 92 187 0 (3072 1024 0 ) (3072 1024 272 ) (3072 2048 272 ) (3072 2048 0 ) 
4 92 94 0 (3072 1024 272 ) (3072 1024 0 ) (4096 1024 0 ) (4096 1024 272 ) 
4 92 93 0 (4096 1024 0 ) (3072 1024 0 ) (3072 2048 0 ) (4096 2048 0 ) 
4 93 190 0 (3072 1024 -1024 ) (3072 1024 -1017 ) (3072 2048 -1017 ) (3072 2048 -1024 ) 
4 93 189 0 (3072 1024 -1017 ) (3072 1024 0 ) (3072 1408 0 ) (3072 1408 -1017 ) 
4 93 188 0 (3072 1408 0 ) (3072 2048 0 ) (3072 2048 -1017 ) (3072 1408 -1017 ) 
4 93 95 0 (3072 1024 0 ) (3072 1024 -1024 ) (4096 1024 -1024 ) (4096 1024 0 ) 
4 94 191 0 (3072 0 0 ) (3072 0 272 ) (3072 1024 272 ) (3072 1024 0 ) 
4 94 98 0 (3562.392334 0 0 ) (3576.535889 0 0 ) (3576.535889 0 160 ) (3562.392334 0 160 ) 
4 94 97 0 (3576.535889 0 0 ) (4096 0 0 ) (4096 0 160 ) (3576.535889 0 160 ) 
4 94 96 0 (4096 0 160 ) (4096 0 272 ) (3562.392334 0 272 ) (3562.392334 0 160 ) 
4 94 99 0 (3072 0 272 ) (3072 0 0 ) (3562.392334 0 0 ) (3562.392334 0 272 ) 
4 94 95 0 (4096 0 0 ) (3072 0 0 ) (3072 1024 0 ) (4096 1024 0 ) 
4 95 192 0 (3072 0 -1017 ) (3072 0 0 ) (3072 1024 0 ) (3072 1024 -1017 ) 
4 95 193 0 (3072 0 -1024 ) (3072 0 -1017 ) (3072 1024 -1017 ) (3072 1024 -1024 ) 
4 95 109 0 (3072 0 -1016 ) (3072 0 -1024 ) (4096 0 -1024 ) (4096 0 -1016 ) 
4 95 105 0 (3072 0 -336 ) (3072 0 -1016 ) (4096 0 -1016 ) (4096 0 -336 ) 
4 95 104 0 (3072 0 0 ) (3072 0 -336 ) (3562.392334 0 -336 ) (3562.392334 0 0 ) 
4 95 103 0 (3562.392334 0 -336 ) (3576.535889 0 -336 ) (3576.535889 0 -256 ) (3562.392334 0 -256 ) 
4 95 102 0 (3576.535889 0 -256 ) (3576.535889 0 0 ) (3562.392334 0 0 ) (3562.392334 0 -256 ) 
4 95 100 0 (3576.535889 0 -336 ) (4096 0 -336 ) (4096 0 0 ) (3576.535889 0 0 ) 
4 96 110 0 (4096 -1024 160 ) (4096 -1024 272 ) (3562.392334 -1024 272 ) (3562.392334 -1024 160 ) 
4 96 98 0 (3562.392334 -1014.921814 160 ) (3562.392334 0 160 ) (3576.535889 0 160 ) (3576.535889 -1014.921814 160 ) 
4 96 97 0 (4096 -1024 160 ) (3576.535889 -1024 160 ) (3576.535889 0 160 ) (4096 0 160 ) 
4 96 99 0 (3562.392334 -1024 160 ) (3562.392334 -1024 272 ) (3562.392334 0 272 ) (3562.392334 0 160 ) 
4 97 112 0 (3576.535889 -1024 0 ) (4096 -1024 0 ) (4096 -1024 160 ) (3576.535889 -1024 160 ) 
4 97 100 0 (4096 -1024 0 ) (3576.535889 -1024 0 ) (3576.535889 0 0 ) (4096 0 0 ) 
4 97 98 0 (3576.535889 0 0 ) (3576.535889 -1014.921814 0 ) (3576.535889 -1014.921814 160 ) (3576.535889 0 160 ) 
4 98 102 0 (3562.392334 -1014.921814 0 ) (3562.392334 0 0 ) (3576.535889 0 0 ) (3576.535889 -1014.921814 0 ) 
4 98 99 0 (3562.392334 0 0 ) (3562.392334 -1014.921814 0 ) (3562.392334 -1014.921814 160 ) (3562.392334 0 160 ) 
4 99 194 0 (3072 -1024 0 ) (3072 -1024 272 ) (3072 0 272 ) (3072 0 0 ) 
4 99 116 0 (3072 -1024 160 ) (3072 -1024 0 ) (3195 -1024 0 ) (3195 -1024 160 ) 
4 99 115 0 (3195 -1024 0 ) (3562.392334 -1024 0 ) (3562.392334 -1024 160 ) (3195 -1024 160 ) 
4 99 110 0 (3072 -1024 272 ) (3072 -1024 160 ) (3562.392334 -1024 160 ) (3562.392334 -1024 272 ) 
4 99 104 0 (3562.392334 -1024 0 ) (3072 -1024 0 ) (3072 0 0 ) (3562.392334 0 0 ) 
4 100 130 0 (3638.447998 -1024 -48 ) (3638.447998 -1024 -253.714127 ) (4040.589844 -1024 -253.714127 ) (3874.812744 -1024 -48 ) 
4 100 127 0 (3836.131348 -1024 0 ) (3638.447998 -1024 0 ) (3638.447998 -1024 -48 ) (3874.812744 -1024 -48 ) 
3 100 125 0 (3576.535889 -1024 -250.568420 ) (3576.535889 -1024 -253.714127 ) (3580.075928 -1024 -253.714127 ) 
5 100 124 0 (3638.447998 -1024 0 ) (3576.535889 -1024 0 ) (3576.535889 -1024 -250.568420 ) (3580.075928 -1024 -253.714127 ) (3638.447998 -1024 -253.714127 ) 
4 100 123 0 (4096 -1024 -253.714127 ) (4096 -1024 0 ) (3836.131348 -1024 0 ) (4040.589844 -1024 -253.714127 ) 
4 100 105 0 (3576.535889 -992 -336 ) (3576.535889 0 -336 ) (4096 0 -336 ) (4096 -992 -336 ) 
4 100 103 0 (3576.535889 0 -336 ) (3576.535889 -992 -336 ) (3576.535889 -1023.111023 -256 ) (3576.535889 0 -256 ) 
4 100 102 0 (3576.535889 -1014.921814 0 ) (3576.535889 0 0 ) (3576.535889 0 -256 ) (3576.535889 -1014.921814 -256 ) 
4 100 101 0 (3581.613037 -992 -336 ) (4096 -992 -336 ) (4096 -1024 -253.715302 ) (3580.077148 -1024 -253.715332 ) 
6 101 130 0 (3672.676270 -1024 -336 ) (4096 -1024 -336 ) (4096 -1024 -322.473114 ) (4040.589844 -1024 -253.714127 ) (3638.447998 -1024 -253.714127 ) (3638.447998 -1024 -305.584229 ) 
3 101 124 0 (3638.447998 -1024 -253.714127 ) (3580.075928 -1024 -253.714127 ) (3638.447998 -1024 -305.584229 ) 
3 101 123 0 (4096 -1024 -322.473114 ) (4096 -1024 -253.714127 ) (4040.589844 -1024 -253.714127 ) 
3 101 108 0 (3685.399902 -1024 -336 ) (3674.009766 -1024 -336 ) (3581.611328 -992 -336 ) 
3 101 107 0 (3696.504639 -1024 -336 ) (3685.399902 -1024 -336 ) (3581.611328 -992 -336 ) 
4 101 106 0 (4096 -1024 -336 ) (3696.504639 -1024 -336 ) (3581.611328 -992 -336 ) (4096 -992 -336 ) 
4 102 104 0 (3562.392334 -1014.921814 0 ) (3562.392334 0 0 ) (3562.392334 0 -256 ) (3562.392334 -1014.921814 -256 ) 
4 102 103 0 (3562.392334 -1014.921814 -256 ) (3562.392334 0 -256 ) (3576.535889 0 -256 ) (3576.535889 -1014.921814 -256 ) 
4 103 105 0 (3562.392334 -992 -336 ) (3562.392334 0 -336 ) (3576.535889 0 -336 ) (3576.535889 -992 -336 ) 
4 103 104 0 (3562.392334 0 -336 ) (3562.392334 -992 -336 ) (3562.392334 -1023.111084 -256 ) (3562.392334 0 -256 ) 
5 104 195 0 (3072 -1024 -253.714127 ) (3072 -1024 0 ) (3072 0 0 ) (3072 0 -336 ) (3072 -992 -336 ) 
4 104 137 0 (3072 -1024 -48 ) (3072 -1024 -253.714127 ) (3160 -1024 -253.714127 ) (3160 -1024 -48 ) 
4 104 136 0 (3160 -1024 -253.714127 ) (3562.392334 -1024 -253.714127 ) (3562.392334 -1024 -48 ) (3160 -1024 -48 ) 
4 104 133 0 (3072 -1024 0 ) (3072 -1024 -48 ) (3195 -1024 -48 ) (3195 -1024 0 ) 
4 104 132 0 (3195 -1024 -48 ) (3562.392334 -1024 -48 ) (3562.392334 -1024 0 ) (3195 -1024 0 ) 
4 104 105 0 (3072 -992 -336 ) (3072 0 -336 ) (3562.392334 0 -336 ) (3562.392334 -992 -336 ) 
4 105 195 0 (3072 -992 -336 ) (3072 0 -336 ) (3072 0 -1016 ) (3072 -480.282867 -1016 ) 
4 105 109 0 (3072 -480.282837 -1016 ) (3072 0 -1016 ) (4096 0 -1016 ) (4096 -480.282867 -1016 ) 
4 105 106 0 (3594.303711 -480.283783 -1016 ) (4096 -480.283783 -1016 ) (4096 -992 -336 ) (3581.608398 -992 -336 ) 
3 106 139 0 (4096 -1024 -482.844177 ) (4096 -1024 -336 ) (3696.504639 -1024 -336 ) 
3 106 109 0 (3594.300537 -480.282867 -1016 ) (4096 -480.282867 -1016 ) (4096 -620.015808 -1016 ) 
5 106 107 0 (3581.618652 -991.998230 -336 ) (3589.381104 -678.920837 -752.035950 ) (4096 -703.087158 -906.363220 ) (4096 -1024 -482.840851 ) (3696.513428 -1024 -336 ) 
4 107 139 0 (4096 -1024 -502.951538 ) (4096 -1024 -482.844177 ) (3696.504639 -1024 -336 ) (3685.400146 -1024 -336 ) 
4 107 108 0 (3581.610840 -992 -336 ) (4096 -912.815918 -649.578796 ) (4096 -1024 -502.951538 ) (3685.401123 -1024 -336 ) 
4 108 139 0 (4096 -1024 -514.091980 ) (4096 -1024 -502.951538 ) (3685.400146 -1024 -336 ) (3674.009766 -1024 -336 ) 
4 109 198 0 (3072 -1024 -1024 ) (3072 -1024 -1017 ) (3072 0 -1017 ) (3072 0 -1024 ) 
4 109 197 0 (3072 -1024 -1017 ) (3072 -1024 -1016 ) (3072 -960 -1016 ) (3072 -960 -1017 ) 
4 109 196 0 (3072 -960 -1016 ) (3072 -480.282837 -1016 ) (3072 -479.530334 -1017 ) (3072 -960 -1017 ) 
4 109 195 0 (3072 -480.282837 -1016 ) (3072 0 -1016 ) (3072 0 -1017 ) (3072 -479.530334 -1017 ) 
4 109 140 0 (3072 -1024 -1016 ) (3072 -1024 -1024 ) (4096 -1024 -1024 ) (4096 -1024 -1016 ) 
4 110 199 0 (3072 -1546.532715 272 ) (3072 -1024 272 ) (3072 -1024 160 ) (3072 -1546.532715 160 ) 
4 110 201 0 (3072 -2048 160 ) (3072 -2048 272 ) (3072 -1546.532715 272 ) (3072 -1546.532715 160 ) 
4 110 142 0 (3072 -2048 272 ) (3072 -2048 160 ) (4096 -2048 160 ) (4096 -2048 272 ) 
4 110 117 0 (3195 -2048 160 ) (3072 -2048 160 ) (3072 -1546.532715 160 ) (3195 -1546.532715 160 ) 
4 110 116 0 (3072 -1532.389038 160 ) (3072 -1024 160 ) (3195 -1024 160 ) (3195 -1532.389038 160 ) 
3 110 114 0 (3576.535889 -1078.099609 160 ) (3576.535889 -1073.901978 160 ) (3578.615723 -1076.282227 160 ) 
3 110 113 0 (3576.535889 -1809.098267 160 ) (3576.535889 -1095.396729 160 ) (3930.164551 -1500.092285 160 ) 
5 110 112 0 (3576.535889 -1073.901978 160 ) (3576.535889 -1024 160 ) (4096 -1024 160 ) (4096 -1355.182739 160 ) (3940.815186 -1490.785645 160 ) 
4 110 111 0 (4096 -2048 160 ) (3576.535889 -2048 160 ) (3576.535889 -1809.098267 160 ) (4096 -1355.182739 160 ) 
4 110 115 0 (3562.392334 -2048 160 ) (3195 -2048 160 ) (3195 -1024 160 ) (3562.392334 -1024 160 ) 
4 111 143 0 (3576.535889 -2048 0 ) (4096 -2048 0 ) (4096 -2048 160 ) (3576.535889 -2048 160 ) 
4 111 120 0 (4096 -2048 0 ) (3576.535889 -2048 0 ) (3576.535889 -1809.098267 0 ) (4096 -1355.182739 0 ) 
4 111 113 0 (3930.163574 -1500.090820 0 ) (3576.535889 -1809.095825 0 ) (3576.535889 -1809.095825 160 ) (3930.163330 -1500.090820 160 ) 
4 111 112 0 (4096 -1355.180664 0 ) (3940.813965 -1490.784424 0 ) (3940.813965 -1490.784180 160 ) (4096 -1355.180176 160 ) 
4 112 127 0 (3638.447998 -1024 0 ) (3836.131348 -1024 0 ) (3890.020264 -1432.655640 0 ) (3578.615723 -1076.282227 0 ) 
4 112 124 0 (3576.535889 -1073.901978 0 ) (3576.535889 -1024 0 ) (3638.447998 -1024 0 ) (3578.615723 -1076.282227 0 ) 
5 112 123 0 (3836.131348 -1024 0 ) (4096 -1024 0 ) (4096 -1355.182739 0 ) (3940.815186 -1490.785645 0 ) (3890.020264 -1432.655640 0 ) 
4 112 114 0 (3576.535889 -1073.905396 160 ) (3576.535889 -1073.905396 0 ) (3578.614014 -1076.283569 0 ) (3578.614014 -1076.283569 160 ) 
4 113 126 0 (3576.535889 -1809.098267 0 ) (3576.535889 -1095.396729 0 ) (3893.358643 -1457.971313 0 ) (3902.142090 -1524.578735 0 ) 
3 113 122 0 (3893.358643 -1457.971313 0 ) (3930.164551 -1500.092285 0 ) (3902.142090 -1524.578735 0 ) 
3 114 124 0 (3576.535889 -1078.099609 0 ) (3576.535889 -1073.901978 0 ) (3578.615723 -1076.282227 0 ) 
4 115 144 0 (3195 -2048 0 ) (3562.392334 -2048 0 ) (3562.392334 -2048 160 ) (3195 -2048 160 ) 
4 115 132 0 (3562.392334 -2048 0 ) (3195 -2048 0 ) (3195 -1024 0 ) (3562.392334 -1024 0 ) 
4 115 118 0 (3195 -1546.532715 0 ) (3195 -2048 0 ) (3195 -2048 159 ) (3195 -1546.532715 159 ) 
4 115 117 0 (3195 -2048 159 ) (3195 -2048 160 ) (3195 -1546.532715 160 ) (3195 -1546.532715 159 ) 
4 115 116 0 (3195 -1024 0 ) (3195 -1532.389038 0 ) (3195 -1532.389038 160 ) (3195 -1024 160 ) 
4 116 200 0 (3072 -1532.389038 160 ) (3072 -1024 160 ) (3072 -1024 0 ) (3072 -1532.389038 0 ) 
4 116 133 0 (3072 -1532.389038 0 ) (3072 -1024 0 ) (3195 -1024 0 ) (3195 -1532.389038 0 ) 
4 117 201 0 (3072 -2048 159 ) (3072 -2048 160 ) (3072 -1546.532715 160 ) (3072 -1546.532715 159 ) 
4 117 147 0 (3072 -2048 160 ) (3072 -2048 159 ) (3182 -2048 159 ) (3182 -2048 160 ) 
4 117 145 0 (3182 -2048 159 ) (3192.535889 -2048 159 ) (3192.535889 -2048 160 ) (3182 -2048 160 ) 
4 117 144 0 (3192.535889 -2048 159 ) (3195 -2048 159 ) (3195 -2048 160 ) (3192.535889 -2048 160 ) 
4 117 118 0 (3192.535889 -1546.532715 159 ) (3195 -1546.532715 159 ) (3195 -2048 159 ) (3192.535889 -2048 159 ) 
4 117 119 0 (3072 -1546.532715 159 ) (3178.392334 -1546.532715 159 ) (3178.392334 -2048 159 ) (3072 -2048 159 ) 
4 118 144 0 (3192.535889 -2048 0 ) (3195 -2048 0 ) (3195 -2048 159 ) (3192.535889 -2048 159 ) 
4 118 134 0 (3195 -2048 0 ) (3192.535889 -2048 0 ) (3192.535889 -1546.532715 0 ) (3195 -1546.532715 0 ) 
4 119 201 0 (3072 -2048 0 ) (3072 -2048 159 ) (3072 -1546.532715 159 ) (3072 -1546.532715 0 ) 
4 119 148 0 (3072 -2048 159 ) (3072 -2048 0 ) (3178.392334 -2048 0 ) (3178.392334 -2048 159 ) 
4 119 135 0 (3178.392334 -2048 0 ) (3072 -2048 0 ) (3072 -1546.532715 0 ) (3178.392334 -1546.532715 0 ) 
4 120 150 0 (4096 -2048 -48 ) (4096 -2048 0 ) (3576.535889 -2048 0 ) (3576.535889 -2048 -48 ) 
5 120 126 0 (3576.535889 -1809.095825 -48 ) (3576.535889 -1809.095825 0 ) (3902.141602 -1524.576538 0 ) (3930.163330 -1500.090698 -38.779339 ) (3930.163330 -1500.090698 -48 ) 
4 120 123 0 (3940.813965 -1490.784058 0 ) (4096 -1355.180176 0 ) (4096 -1355.180298 -48 ) (3940.813721 -1490.784302 -48 ) 
3 120 122 0 (3902.141602 -1524.576538 0 ) (3930.163330 -1500.090698 0 ) (3930.163330 -1500.090698 -38.779339 ) 
4 120 121 0 (4096 -2048 -48 ) (4009.845947 -2048 -48 ) (3936.827881 -1494.279663 -48 ) (4096 -1355.192627 -48 ) 
3 121 155 0 (4096 -2048 -154.909286 ) (4096 -2048 -48 ) (4009.845947 -2048 -48 ) 
4 121 123 0 (3940.813721 -1490.784302 -48 ) (4096 -1355.180298 -48 ) (4096 -1355.180542 -268.279755 ) (3940.813721 -1490.784302 -53.518345 ) 
3 122 126 0 (3930.166992 -1500.094727 -38.784271 ) (3902.141357 -1524.583862 0 ) (3893.356934 -1457.968750 0 ) 
5 123 131 0 (3936.997559 -1486.416992 -49.498489 ) (3935.575439 -1484.789429 -48 ) (3900.381348 -1217.903564 -48 ) (4096 -1188.766968 -295.509583 ) (4096 -1234.669800 -287.998230 ) 
4 123 130 0 (3900.381348 -1217.903564 -48 ) (3874.811279 -1024 -48 ) (4096 -1024 -322.471375 ) (4096 -1188.766968 -295.509583 ) 
4 123 127 0 (3935.575439 -1484.789429 -48 ) (3890.018555 -1432.653931 0 ) (3836.129395 -1024 0 ) (3874.811279 -1024 -48 ) 
4 124 130 0 (3578.611328 -1076.277100 -120.214813 ) (3638.438477 -1024 -305.575684 ) (3638.438232 -1024 -48 ) (3578.611328 -1076.277100 -48 ) 
4 124 127 0 (3638.438232 -1024 0 ) (3578.611328 -1076.277100 0 ) (3578.611328 -1076.277100 -48 ) (3638.438232 -1024 -48 ) 
4 124 125 0 (3577.525391 -1077.228760 -116.840080 ) (3576.535889 -1078.093384 -113.774521 ) (3576.535889 -1024 -250.565338 ) (3580.079346 -1024 -253.714035 ) 
4 126 129 0 (3576.535889 -1104.318848 -48 ) (3576.535889 -1104.104858 -48 ) (3587.516846 -1107.963623 -48 ) (3692.349609 -1227.934937 -48 ) 
3 126 128 0 (3576.535889 -1104.104858 -48 ) (3576.535889 -1095.396851 -48 ) (3587.516846 -1107.963623 -48 ) 
3 127 131 0 (3900.381592 -1217.903564 -48 ) (3935.575195 -1484.789062 -48 ) (3614.622314 -1117.488281 -48 ) 
5 127 130 0 (3578.620850 -1076.287964 -48 ) (3638.458008 -1024 -48 ) (3874.811768 -1024 -48 ) (3900.381592 -1217.903564 -48 ) (3614.622314 -1117.488281 -48 ) 
4 128 129 0 (3585.190918 -1105.302002 -52.671368 ) (3587.520508 -1107.967773 -48 ) (3576.535889 -1104.107788 -48 ) (3576.535889 -1104.046875 -48.153919 ) 
3 130 139 0 (3674.009766 -1024 -336 ) (4096 -1024 -336 ) (4096 -1170.146851 -336 ) 
5 130 131 0 (4096 -1179.356934 -319.299133 ) (4096 -1188.759277 -295.522888 ) (3900.372559 -1217.898315 -48 ) (3614.617920 -1117.483398 -48 ) (3606.690186 -1108.410889 -63.897793 ) 
4 132 151 0 (3195 -2048 -48 ) (3562.392334 -2048 -48 ) (3562.392334 -2048 0 ) (3195 -2048 0 ) 
4 132 136 0 (3195 -1024 -48 ) (3562.392334 -1024 -48 ) (3562.392334 -1104 -48 ) (3195 -1104 -48 ) 
4 132 134 0 (3195 -1546.532715 -48 ) (3195 -2048 -48 ) (3195 -2048 0 ) (3195 -1546.532715 0 ) 
4 132 133 0 (3195 -1024 -48 ) (3195 -1532.389038 -48 ) (3195 -1532.389038 0 ) (3195 -1024 0 ) 
4 133 202 0 (3072 -1532.389038 0 ) (3072 -1024 0 ) (3072 -1024 -48 ) (3072 -1532.389038 -48 ) 
4 133 137 0 (3072 -1024 -48 ) (3160 -1024 -48 ) (3160 -1104 -48 ) (3072 -1104 -48 ) 
4 133 136 0 (3160 -1024 -48 ) (3195 -1024 -48 ) (3195 -1104 -48 ) (3160 -1104 -48 ) 
4 134 151 0 (3192.535889 -2048 -48 ) (3195 -2048 -48 ) (3195 -2048 0 ) (3192.535889 -2048 0 ) 
4 135 203 0 (3072 -2048 -48 ) (3072 -2048 0 ) (3072 -1546.532715 0 ) (3072 -1546.532715 -48 ) 
4 135 153 0 (3072 -2048 0 ) (3072 -2048 -48 ) (3178.392334 -2048 -48 ) (3178.392334 -2048 0 ) 
4 135 138 0 (3160 -2048 -48 ) (3072 -2048 -48 ) (3072 -1680 -48 ) (3160 -1680 -48 ) 
3 136 137 0 (3160 -1104 -48 ) (3160 -1024 -48 ) (3160 -1024 -253.714172 ) 
3 137 204 0 (3072 -1104 -48 ) (3072 -1024 -48 ) (3072 -1024 -253.714142 ) 
4 138 208 0 (3072 -2048 -336 ) (3072 -2048 -64 ) (3072 -1680 -64 ) (3072 -1680 -336 ) 
4 138 206 0 (3072 -2048 -64 ) (3072 -2048 -48 ) (3072 -1680 -48 ) (3072 -1680 -64 ) 
4 138 156 0 (3072 -2048 -48 ) (3072 -2048 -336 ) (3160 -2048 -336 ) (3160 -2048 -48 ) 
4 138 141 0 (3160 -2048 -336 ) (3072 -2048 -336 ) (3072 -1680 -336 ) (3160 -1680 -336 ) 
4 140 205 0 (3072 -1680 -1024 ) (3072 -1680 -1016 ) (3072 -1024 -1016 ) (3072 -1024 -1024 ) 
4 140 141 0 (4096 -1680 -1024 ) (4096 -1680 -1016 ) (3072 -1680 -1016 ) (3072 -1680 -1024 ) 
4 141 208 0 (3072 -2048 -1024 ) (3072 -2048 -336 ) (3072 -1680 -336 ) (3072 -1680 -1024 ) 
4 141 161 0 (3072 -2048 -336 ) (3072 -2048 -1024 ) (4096 -2048 -1024 ) (4096 -2048 -336 ) 
4 142 209 0 (3072 -3072 160 ) (3072 -3072 272 ) (3072 -2048 272 ) (3072 -2048 160 ) 
4 142 162 0 (3072 -3072 272 ) (3072 -3072 160 ) (4096 -3072 160 ) (4096 -3072 272 ) 
4 142 147 0 (3072 -2940.389160 160 ) (3072 -2048 160 ) (3182 -2048 160 ) (3182 -2940.389160 160 ) 
4 142 145 0 (3182 -2048 160 ) (3192.535889 -2048 160 ) (3192.535889 -2954.532715 160 ) (3182 -2954.532715 160 ) 
4 142 149 0 (3192.535889 -3072 160 ) (3072 -3072 160 ) (3072 -2954.532715 160 ) (3192.535889 -2954.532715 160 ) 
4 142 144 0 (3562.392334 -3072 160 ) (3192.535889 -3072 160 ) (3192.535889 -2048 160 ) (3562.392334 -2048 160 ) 
4 142 143 0 (4096 -3072 160 ) (3576.535889 -3072 160 ) (3576.535889 -2048 160 ) (4096 -2048 160 ) 
4 143 164 0 (3576.535889 -3072 0 ) (3579 -3072 0 ) (3579 -3072 160 ) (3576.535889 -3072 160 ) 
4 143 163 0 (3579 -3072 0 ) (4096 -3072 0 ) (4096 -3072 160 ) (3579 -3072 160 ) 
4 143 150 0 (4096 -3072 0 ) (3576.535889 -3072 0 ) (3576.535889 -2048 0 ) (4096 -2048 0 ) 
4 144 165 0 (3192.535889 -3072 0 ) (3562.392334 -3072 0 ) (3562.392334 -3072 160 ) (3192.535889 -3072 160 ) 
4 144 151 0 (3562.392334 -3072 0 ) (3192.535889 -3072 0 ) (3192.535889 -2048 0 ) (3562.392334 -2048 0 ) 
4 144 146 0 (3192.535889 -2954 0 ) (3192.535889 -2954.532715 0 ) (3192.535889 -2954.532715 159 ) (3192.535889 -2954 159 ) 
4 144 145 0 (3192.535889 -2954.532715 159 ) (3192.535889 -2954.532715 160 ) (3192.535889 -2048 160 ) (3192.535889 -2048 159 ) 
4 144 149 0 (3192.535889 -2954.532715 0 ) (3192.535889 -3072 0 ) (3192.535889 -3072 160 ) (3192.535889 -2954.532715 160 ) 
4 145 147 0 (3182 -2940.389160 160 ) (3182 -2048 160 ) (3182 -2048 159 ) (3182 -2940.389160 159 ) 
4 145 146 0 (3192.535889 -2954.532715 159 ) (3182 -2954.532715 159 ) (3182 -2954 159 ) (3192.535889 -2954 159 ) 
4 145 149 0 (3192.535889 -2954.532715 159 ) (3192.535889 -2954.532715 160 ) (3182 -2954.532715 160 ) (3182 -2954.532715 159 ) 
4 146 152 0 (3192.535889 -2954 0 ) (3192.535889 -2954.532715 0 ) (3182 -2954.532715 0 ) (3182 -2954 0 ) 
4 146 149 0 (3182 -2954.532715 0 ) (3192.535889 -2954.532715 0 ) (3192.535889 -2954.532715 159 ) (3182 -2954.532715 159 ) 
4 147 210 0 (3072 -2940.389160 160 ) (3072 -2048 160 ) (3072 -2048 159 ) (3072 -2940.389160 159 ) 
4 147 148 0 (3072 -2048 159 ) (3178.392334 -2048 159 ) (3178.392334 -2940.389160 159 ) (3072 -2940.389160 159 ) 
4 148 210 0 (3072 -2048 159 ) (3072 -2048 0 ) (3072 -2940.389160 0 ) (3072 -2940.389160 159 ) 
4 148 153 0 (3072 -2940.389160 0 ) (3072 -2048 0 ) (3178.392334 -2048 0 ) (3178.392334 -2940.389160 0 ) 
4 149 211 0 (3072 -3072 0 ) (3072 -3072 160 ) (3072 -2954.532715 160 ) (3072 -2954.532715 0 ) 
4 149 165 0 (3072 -3072 160 ) (3072 -3072 0 ) (3192.535889 -3072 0 ) (3192.535889 -3072 160 ) 
4 149 154 0 (3182 -3072 0 ) (3072 -3072 0 ) (3072 -2954.532715 0 ) (3182 -2954.532715 0 ) 
4 149 152 0 (3192.535889 -3072 0 ) (3182 -3072 0 ) (3182 -2954.532715 0 ) (3192.535889 -2954.532715 0 ) 
4 150 169 0 (3576.535889 -3072 -48 ) (3579 -3072 -48 ) (3579 -3072 0 ) (3576.535889 -3072 0 ) 
4 150 168 0 (3579 -3072 -48 ) (3616 -3072 -48 ) (3616 -3072 0 ) (3579 -3072 0 ) 
4 150 167 0 (3616 -3072 -48 ) (4096 -3072 -48 ) (4096 -3072 0 ) (3616 -3072 0 ) 
4 150 157 0 (4096 -3072 -48 ) (3616 -3072 -48 ) (3616 -2944 -48 ) (4096 -2944 -48 ) 
3 150 155 0 (4009.845947 -2048 -48 ) (4096 -2048 -48 ) (4096 -2701.335205 -48 ) 
4 151 170 0 (3192.535889 -3072 -48 ) (3562.392334 -3072 -48 ) (3562.392334 -3072 0 ) (3192.535889 -3072 0 ) 
4 151 152 0 (3192.535889 -2954 -48 ) (3192.535889 -3072 -48 ) (3192.535889 -3072 0 ) (3192.535889 -2954 0 ) 
4 152 170 0 (3182 -3072 -48 ) (3192.535889 -3072 -48 ) (3192.535889 -3072 0 ) (3182 -3072 0 ) 
4 152 154 0 (3182 -2954.532715 -48 ) (3182 -3072 -48 ) (3182 -3072 0 ) (3182 -2954.532715 0 ) 
4 153 212 0 (3072 -2940.389160 0 ) (3072 -2048 0 ) (3072 -2048 -48 ) (3072 -2940.389160 -48 ) 
4 153 156 0 (3072 -2940.389160 -48 ) (3072 -2048 -48 ) (3160 -2048 -48 ) (3160 -2940.389160 -48 ) 
4 154 213 0 (3072 -3072 -48 ) (3072 -3072 0 ) (3072 -2954.532715 0 ) (3072 -2954.532715 -48 ) 
4 154 170 0 (3072 -3072 0 ) (3072 -3072 -48 ) (3182 -3072 -48 ) (3182 -3072 0 ) 
4 156 214 0 (3072 -2944 -48 ) (3072 -2048 -48 ) (3072 -2048 -336 ) (3072 -2944 -336 ) 
4 156 161 0 (3072 -2944 -336 ) (3072 -2048 -336 ) (3160 -2048 -336 ) (3160 -2944 -336 ) 
4 156 159 0 (3160 -2944 -256 ) (3160 -2944 -80 ) (3072 -2944 -80 ) (3072 -2944 -256 ) 
4 156 160 0 (3072 -2944 -336 ) (3160 -2944 -336 ) (3160 -2944 -256 ) (3072 -2944 -256 ) 
4 157 176 0 (3616 -3072 -336 ) (4096 -3072 -336 ) (4096 -3072 -256 ) (3616 -3072 -256 ) 
4 157 167 0 (4096 -3072 -256 ) (4096 -3072 -48 ) (3616 -3072 -48 ) (3616 -3072 -256 ) 
4 157 161 0 (4096 -3072 -336 ) (3616 -3072 -336 ) (3616 -2944 -336 ) (4096 -2944 -336 ) 
4 157 158 0 (3616 -2944 -80 ) (3616 -2944 -256 ) (3616 -3072 -256 ) (3616 -3072 -80 ) 
4 157 160 0 (3616 -2944 -256 ) (3616 -2944 -336 ) (3616 -3072 -336 ) (3616 -3072 -256 ) 
4 158 172 0 (3576.535889 -3072 -256 ) (3616 -3072 -256 ) (3616 -3072 -80 ) (3576.535889 -3072 -80 ) 
4 158 160 0 (3576.535889 -2944 -256 ) (3616 -2944 -256 ) (3616 -3072 -256 ) (3576.535889 -3072 -256 ) 
4 159 215 0 (3072 -3072 -256 ) (3072 -3072 -80 ) (3072 -2944 -80 ) (3072 -2944 -256 ) 
4 159 174 0 (3072 -3072 -80 ) (3072 -3072 -256 ) (3562.392334 -3072 -256 ) (3562.392334 -3072 -80 ) 
4 159 160 0 (3072 -2944 -256 ) (3562.392334 -2944 -256 ) (3562.392334 -3072 -256 ) (3072 -3072 -256 ) 
4 160 215 0 (3072 -3072 -336 ) (3072 -3072 -256 ) (3072 -2944 -256 ) (3072 -2944 -336 ) 
4 160 176 0 (3072 -3072 -256 ) (3072 -3072 -336 ) (3616 -3072 -336 ) (3616 -3072 -256 ) 
4 160 161 0 (3616 -3072 -336 ) (3072 -3072 -336 ) (3072 -2944 -336 ) (3616 -2944 -336 ) 
4 161 215 0 (3072 -3072 -1024 ) (3072 -3072 -336 ) (3072 -2944 -336 ) (3072 -2944 -1024 ) 
4 161 214 0 (3072 -2944 -336 ) (3072 -2048 -336 ) (3072 -2048 -1024 ) (3072 -2944 -1024 ) 
4 161 176 0 (3072 -3072 -336 ) (3072 -3072 -1024 ) (4096 -3072 -1024 ) (4096 -3072 -336 ) 
4 162 216 0 (3072 -3402.532715 272 ) (3072 -3072 272 ) (3072 -3072 160 ) (3072 -3402.532715 160 ) 
4 162 218 0 (3072 -4096 160 ) (3072 -4096 272 ) (3072 -3402.532715 272 ) (3072 -3402.532715 160 ) 
4 162 177 0 (3072 -4096 272 ) (3072 -4096 160 ) (4096 -4096 160 ) (4096 -4096 272 ) 
4 162 165 0 (3072 -3388.389160 160 ) (3072 -3072 160 ) (3562.392334 -3072 160 ) (3562.392334 -3388.389160 160 ) 
4 162 164 0 (3576.535889 -3072 160 ) (3579 -3072 160 ) (3579 -3388.389160 160 ) (3576.535889 -3388.389160 160 ) 
4 162 163 0 (3579 -3072 160 ) (4096 -3072 160 ) (4096 -3402.532715 160 ) (3579 -3402.532715 160 ) 
4 162 166 0 (4096 -4096 160 ) (3072 -4096 160 ) (3072 -3402.532715 160 ) (4096 -3402.532715 160 ) 
4 163 168 0 (3579 -3072 0 ) (3616 -3072 0 ) (3616 -3402.532715 0 ) (3579 -3402.532715 0 ) 
4 163 167 0 (3616 -3072 0 ) (4096 -3072 0 ) (4096 -3402.532715 0 ) (3616 -3402.532715 0 ) 
4 163 164 0 (3579 -3072 0 ) (3579 -3388.389160 0 ) (3579 -3388.389160 160 ) (3579 -3072 160 ) 
4 163 166 0 (3579 -3402.532715 0 ) (4096 -3402.532715 0 ) (4096 -3402.532715 160 ) (3579 -3402.532715 160 ) 
4 164 169 0 (3576.535889 -3072 0 ) (3579 -3072 0 ) (3579 -3388.389160 0 ) (3576.535889 -3388.389160 0 ) 
4 165 217 0 (3072 -3388.389160 160 ) (3072 -3072 160 ) (3072 -3072 0 ) (3072 -3388.389160 0 ) 
4 165 170 0 (3072 -3388.389160 0 ) (3072 -3072 0 ) (3562.392334 -3072 0 ) (3562.392334 -3388.389160 0 ) 
4 166 218 0 (3072 -4096 0 ) (3072 -4096 160 ) (3072 -3402.532715 160 ) (3072 -3402.532715 0 ) 
4 166 177 0 (3072 -4096 160 ) (3072 -4096 0 ) (4096 -4096 0 ) (4096 -4096 160 ) 
4 166 171 0 (3072 -3408 0 ) (3072 -3402.532715 0 ) (3579 -3402.532715 0 ) (3579 -3408 0 ) 
4 166 168 0 (3579 -3402.532715 0 ) (3616 -3402.532715 0 ) (3616 -3408 0 ) (3579 -3408 0 ) 
4 166 167 0 (3616 -3402.532715 0 ) (4096 -3402.532715 0 ) (4096 -3408 0 ) (3616 -3408 0 ) 
4 166 175 0 (4096 -4096 0 ) (3072 -4096 0 ) (3072 -3408 0 ) (4096 -3408 0 ) 
4 167 176 0 (3616 -3072 -256 ) (4096 -3072 -256 ) (4096 -3408 -256 ) (3616 -3408 -256 ) 
4 167 173 0 (3616 -3392 -256 ) (3616 -3408 -256 ) (3616 -3408 -80 ) (3616 -3392 -80 ) 
4 167 172 0 (3616 -3072 -256 ) (3616 -3392 -256 ) (3616 -3392 -80 ) (3616 -3072 -80 ) 
4 167 168 0 (3616 -3408 -48 ) (3616 -3408 0 ) (3616 -3072 0 ) (3616 -3072 -48 ) 
4 167 175 0 (3616 -3408 -256 ) (4096 -3408 -256 ) (4096 -3408 0 ) (3616 -3408 0 ) 
4 168 169 0 (3579 -3072 -48 ) (3579 -3388.389160 -48 ) (3579 -3388.389160 0 ) (3579 -3072 0 ) 
4 168 171 0 (3579 -3402.532715 -48 ) (3579 -3408 -48 ) (3579 -3408 0 ) (3579 -3402.532715 0 ) 
4 168 175 0 (3616 -3408 -48 ) (3616 -3408 0 ) (3579 -3408 0 ) (3579 -3408 -48 ) 
4 170 219 0 (3072 -3388.389160 0 ) (3072 -3072 0 ) (3072 -3072 -48 ) (3072 -3388.389160 -48 ) 
4 171 220 0 (3072 -3408 0 ) (3072 -3402.532715 0 ) (3072 -3402.532715 -48 ) (3072 -3408 -48 ) 
4 171 175 0 (3579 -3408 0 ) (3072 -3408 0 ) (3072 -3408 -48 ) (3579 -3408 -48 ) 
4 172 176 0 (3576.535889 -3072 -256 ) (3616 -3072 -256 ) (3616 -3392 -256 ) (3576.535889 -3392 -256 ) 
4 172 173 0 (3576.535889 -3392 -256 ) (3616 -3392 -256 ) (3616 -3392 -80 ) (3576.535889 -3392 -80 ) 
4 173 176 0 (3616 -3392 -256 ) (3616 -3408 -256 ) (3562.392334 -3408 -256 ) (3562.392334 -3392 -256 ) 
4 173 174 0 (3562.392334 -3392 -256 ) (3562.392334 -3408 -256 ) (3562.392334 -3408 -80 ) (3562.392334 -3392 -80 ) 
4 173 175 0 (3562.392334 -3408 -256 ) (3616 -3408 -256 ) (3616 -3408 -80 ) (3562.392334 -3408 -80 ) 
4 174 221 0 (3072 -3072 -80 ) (3072 -3072 -256 ) (3072 -3408 -256 ) (3072 -3408 -80 ) 
4 174 176 0 (3072 -3408 -256 ) (3072 -3072 -256 ) (3562.392334 -3072 -256 ) (3562.392334 -3408 -256 ) 
4 174 175 0 (3072 -3408 -256 ) (3562.392334 -3408 -256 ) (3562.392334 -3408 -80 ) (3072 -3408 -80 ) 
4 175 222 0 (3072 -4096 -256 ) (3072 -4096 0 ) (3072 -3408 0 ) (3072 -3408 -256 ) 
4 175 178 0 (3072 -4096 0 ) (3072 -4096 -256 ) (4096 -4096 -256 ) (4096 -4096 0 ) 
4 175 176 0 (4096 -4096 -256 ) (3072 -4096 -256 ) (3072 -3408 -256 ) (4096 -3408 -256 ) 
4 176 221 0 (3072 -3408 -256 ) (3072 -3072 -256 ) (3072 -3072 -1024 ) (3072 -3408 -1024 ) 
4 176 222 0 (3072 -4096 -1024 ) (3072 -4096 -256 ) (3072 -3408 -256 ) (3072 -3408 -1024 ) 
4 176 178 0 (3072 -4096 -256 ) (3072 -4096 -1024 ) (4096 -4096 -1024 ) (4096 -4096 -256 ) 
4 177 223 0 (3072 -5120 0 ) (3072 -5120 272 ) (3072 -4096 272 ) (3072 -4096 0 ) 
4 177 179 0 (3072 -5120 272 ) (3072 -5120 0 ) (4096 -5120 0 ) (4096 -5120 272 ) 
4 177 178 0 (4096 -5120 0 ) (3072 -5120 0 ) (3072 -4096 0 ) (4096 -4096 0 ) 
4 178 224 0 (3072 -5120 -1024 ) (3072 -5120 0 ) (3072 -4096 0 ) (3072 -4096 -1024 ) 
4 178 180 0 (3072 -5120 0 ) (3072 -5120 -1024 ) (4096 -5120 -1024 ) (4096 -5120 0 ) 
4 179 225 0 (3072 -5120 272 ) (3072 -5120 0 ) (3072 -5376 0 ) (3072 -5376 272 ) 
4 179 180 0 (3072 -5376 0 ) (3072 -5120 0 ) (4096 -5120 0 ) (4096 -5376 0 ) 
4 180 226 0 (3072 -5376 -1024 ) (3072 -5376 0 ) (3072 -5120 0 ) (3072 -5120 -1024 ) 
4 181 227 0 (2048 4096 0 ) (2048 4096 272 ) (2048 4624 272 ) (2048 4624 0 ) 
4 181 183 0 (2048 4096 272 ) (2048 4096 0 ) (3072 4096 0 ) (3072 4096 272 ) 
4 181 182 0 (3072 4096 0 ) (2048 4096 0 ) (2048 4624 0 ) (3072 4624 0 ) 
4 182 228 0 (2048 4096 -1024 ) (2048 4096 0 ) (2048 4624 0 ) (2048 4624 -1024 ) 
4 182 184 0 (2048 4096 0 ) (2048 4096 -1024 ) (3072 4096 -1024 ) (3072 4096 0 ) 
4 183 229 0 (2048 3072 0 ) (2048 3072 272 ) (2048 4096 272 ) (2048 4096 0 ) 
4 183 185 0 (2048 3072 272 ) (2048 3072 0 ) (3072 3072 0 ) (3072 3072 272 ) 
4 183 184 0 (3072 3072 0 ) (2048 3072 0 ) (2048 4096 0 ) (3072 4096 0 ) 
4 184 230 0 (2048 3072 -1024 ) (2048 3072 0 ) (2048 4096 0 ) (2048 4096 -1024 ) 
4 184 186 0 (2048 3072 0 ) (2048 3072 -1024 ) (3072 3072 -1024 ) (3072 3072 0 ) 
4 185 231 0 (2048 2048 0 ) (2048 2048 272 ) (2048 3072 272 ) (2048 3072 0 ) 
4 185 187 0 (2048 2048 272 ) (2048 2048 0 ) (3072 2048 0 ) (3072 2048 272 ) 
4 185 186 0 (3072 2048 0 ) (2048 2048 0 ) (2048 3072 0 ) (3072 3072 0 ) 
4 186 232 0 (2048 2048 -1024 ) (2048 2048 0 ) (2048 3072 0 ) (2048 3072 -1024 ) 
4 186 190 0 (2048 2048 -1017 ) (2048 2048 -1024 ) (3072 2048 -1024 ) (3072 2048 -1017 ) 
4 186 188 0 (2048 2048 0 ) (2048 2048 -1017 ) (3072 2048 -1017 ) (3072 2048 0 ) 
4 187 233 0 (2048 1024 0 ) (2048 1024 272 ) (2048 2048 272 ) (2048 2048 0 ) 
4 187 191 0 (2048 1024 272 ) (2048 1024 0 ) (3072 1024 0 ) (3072 1024 272 ) 
4 187 189 0 (3072 1024 0 ) (2048 1024 0 ) (2048 1408 0 ) (3072 1408 0 ) 
4 187 188 0 (2048 1408 0 ) (2048 2048 0 ) (3072 2048 0 ) (3072 1408 0 ) 
4 188 236 0 (2048 1408 0 ) (2048 2048 0 ) (2048 2048 -1017 ) (2048 1408 -1017 ) 
4 188 190 0 (2048 1408 -1017 ) (2048 2048 -1017 ) (3072 2048 -1017 ) (3072 1408 -1017 ) 
5 188 189 0 (2103.200684 1408 -1017 ) (3072 1408 -1017 ) (3072 1408 0 ) (2048 1408 0 ) (2048 1408 -939.841370 ) 
4 189 238 0 (2048 1024 -939.841370 ) (2048 1024 -48 ) (2048 1408 -48 ) (2048 1408 -939.841370 ) 
4 189 237 0 (2048 1024 -48 ) (2048 1024 0 ) (2048 1408 0 ) (2048 1408 -48 ) 
5 189 192 0 (2048 1024 0 ) (2048 1024 -939.841370 ) (2103.200684 1024 -1017 ) (3072 1024 -1017 ) (3072 1024 0 ) 
4 189 190 0 (3072 1024 -1017 ) (2103.200684 1024 -1017 ) (2103.200684 1408 -1017 ) (3072 1408 -1017 ) 
4 190 239 0 (2048 1024 -1024 ) (2048 1024 -1017 ) (2048 1408 -1017 ) (2048 1408 -1024 ) 
4 190 236 0 (2048 1408 -1017 ) (2048 2048 -1017 ) (2048 2048 -1024 ) (2048 1408 -1024 ) 
4 190 193 0 (2048 1024 -1017 ) (2048 1024 -1024 ) (3072 1024 -1024 ) (3072 1024 -1017 ) 
4 191 244 0 (2048 0 0 ) (2048 0 272 ) (2048 1024 272 ) (2048 1024 0 ) 
4 191 194 0 (2048 0 272 ) (2048 0 0 ) (3072 0 0 ) (3072 0 272 ) 
4 191 192 0 (3072 0 0 ) (2048 0 0 ) (2048 1024 0 ) (3072 1024 0 ) 
4 192 251 0 (2048 0 -939.841370 ) (2048 0 -48 ) (2048 1024 -48 ) (2048 1024 -939.841370 ) 
4 192 248 0 (2048 280 -4 ) (2048 288 -4 ) (2048 288 -48 ) (2048 280 -48 ) 
4 192 249 0 (2048 0 -48 ) (2048 0 -4 ) (2048 280 -4 ) (2048 280 -48 ) 
4 192 247 0 (2048 288 -4 ) (2048 1024 -4 ) (2048 1024 -48 ) (2048 288 -48 ) 
4 192 246 0 (2048 0 -4 ) (2048 0 0 ) (2048 1024 0 ) (2048 1024 -4 ) 
5 192 195 0 (2048 0 0 ) (2048 0 -939.841370 ) (2103.200684 0 -1017 ) (3072 0 -1017 ) (3072 0 0 ) 
4 192 193 0 (3072 0 -1017 ) (2103.200684 0 -1017 ) (2103.200684 1024 -1017 ) (3072 1024 -1017 ) 
4 193 252 0 (2048 0 -1024 ) (2048 0 -1017 ) (2048 1024 -1017 ) (2048 1024 -1024 ) 
4 193 198 0 (2048 0 -1017 ) (2048 0 -1024 ) (3072 0 -1024 ) (3072 0 -1017 ) 
4 194 256 0 (2048 -1024 0 ) (2048 -1024 96 ) (2048 0 96 ) (2048 0 0 ) 
4 194 255 0 (2048 -1024 96 ) (2048 -1024 272 ) (2048 0 272 ) (2048 0 96 ) 
4 194 200 0 (2048 -1024 160 ) (2048 -1024 0 ) (3072 -1024 0 ) (3072 -1024 160 ) 
4 194 199 0 (2048 -1024 272 ) (2048 -1024 160 ) (3072 -1024 160 ) (3072 -1024 272 ) 
4 194 195 0 (3072 -1024 0 ) (2048 -1024 0 ) (2048 0 0 ) (3072 0 0 ) 
5 195 271 0 (2048 -1024 -253.714172 ) (2048 -1024 -48 ) (2048 -960 -48 ) (2048 -960 -378.523560 ) (2048 -992 -336 ) 
5 195 270 0 (2048 -960 -48 ) (2048 0 -48 ) (2048 0 -939.841370 ) (2048 -537.594177 -939.841370 ) (2048 -960 -378.523560 ) 
4 195 266 0 (2048 -1024 -48 ) (2048 -1024 0 ) (2048 -566.921753 0 ) (2048 -566.921753 -48 ) 
4 195 262 0 (2048 0 -4 ) (2048 0 -48 ) (2048 -566.921753 -48 ) (2048 -566.921753 -4 ) 
4 195 261 0 (2048 -566.921753 0 ) (2048 0 0 ) (2048 0 -4 ) (2048 -566.921753 -4 ) 
4 195 204 0 (2048 -1024 -48 ) (2048 -1024 -253.714172 ) (3072 -1024 -253.714172 ) (3072 -1024 -48 ) 
4 195 202 0 (2048 -1024 0 ) (2048 -1024 -48 ) (3072 -1024 -48 ) (3072 -1024 0 ) 
4 195 198 0 (2103.200684 0 -1017 ) (3072 0 -1017 ) (3072 -479.530334 -1017 ) (2103.200684 -479.530334 -1017 ) 
4 195 196 0 (2103.200684 -479.528046 -1017 ) (3072 -479.528046 -1017 ) (3072 -480.280579 -1016 ) (2102.485352 -480.280579 -1016 ) 
4 196 198 0 (2103.200684 -479.530334 -1017 ) (3072 -479.530334 -1017 ) (3072 -960 -1017 ) (2103.200684 -960 -1017 ) 
4 196 197 0 (2103.200684 -960 -1017 ) (3072 -960 -1017 ) (3072 -960 -1016 ) (2102.485352 -960 -1016 ) 
4 197 272 0 (2048 -1024 -1017 ) (2048 -1024 -1016 ) (2048 -960 -1016 ) (2048 -960 -1017 ) 
4 197 205 0 (2048 -1024 -1016 ) (2048 -1024 -1017 ) (3072 -1024 -1017 ) (3072 -1024 -1016 ) 
4 197 198 0 (3072 -1024 -1017 ) (2048 -1024 -1017 ) (2048 -960 -1017 ) (3072 -960 -1017 ) 
4 198 274 0 (2048 -1024 -1024 ) (2048 -1024 -1017 ) (2048 0 -1017 ) (2048 0 -1024 ) 
4 198 205 0 (2048 -1024 -1017 ) (2048 -1024 -1024 ) (3072 -1024 -1024 ) (3072 -1024 -1017 ) 
4 199 277 0 (2048 -1546.532715 272 ) (2048 -1024 272 ) (2048 -1024 160 ) (2048 -1546.532715 160 ) 
4 199 200 0 (2048 -1532.389038 160 ) (2048 -1024 160 ) (3072 -1024 160 ) (3072 -1532.389038 160 ) 
4 199 201 0 (3072 -1546.532715 160 ) (3072 -1546.532715 272 ) (2048 -1546.532715 272 ) (2048 -1546.532715 160 ) 
4 200 279 0 (2048 -1024 160 ) (2048 -1024 0 ) (2048 -1532.389038 0 ) (2048 -1532.389038 160 ) 
4 200 202 0 (2048 -1532.389038 0 ) (2048 -1024 0 ) (3072 -1024 0 ) (3072 -1532.389038 0 ) 
4 201 280 0 (2048 -2048 0 ) (2048 -2048 160 ) (2048 -1546.532715 160 ) (2048 -1546.532715 0 ) 
4 201 277 0 (2048 -2048 160 ) (2048 -2048 272 ) (2048 -1546.532715 272 ) (2048 -1546.532715 160 ) 
4 201 210 0 (2048 -2048 160 ) (2048 -2048 0 ) (3072 -2048 0 ) (3072 -2048 160 ) 
4 201 209 0 (2048 -2048 272 ) (2048 -2048 160 ) (3072 -2048 160 ) (3072 -2048 272 ) 
4 201 203 0 (3072 -2048 0 ) (2048 -2048 0 ) (2048 -1546.532715 0 ) (3072 -1546.532715 0 ) 
4 202 292 0 (2048 -1532.389038 0 ) (2048 -1024 0 ) (2048 -1024 -48 ) (2048 -1532.389038 -48 ) 
4 202 204 0 (2048 -1104 -48 ) (2048 -1024 -48 ) (3072 -1024 -48 ) (3072 -1104 -48 ) 
4 203 293 0 (2048 -2048 -48 ) (2048 -2048 0 ) (2048 -1546.532715 0 ) (2048 -1546.532715 -48 ) 
4 203 212 0 (2048 -2048 0 ) (2048 -2048 -48 ) (3072 -2048 -48 ) (3072 -2048 0 ) 
4 203 207 0 (2688 -2048 -48 ) (2048 -2048 -48 ) (2048 -2032 -48 ) (2688 -2032 -48 ) 
4 203 206 0 (3072 -2048 -48 ) (2688 -2048 -48 ) (2688 -1680 -48 ) (3072 -1680 -48 ) 
3 204 303 0 (2048 -1104 -48 ) (2048 -1024 -48 ) (2048 -1024 -253.714264 ) 
4 205 304 0 (2048 -1680 -1024 ) (2048 -1680 -1016 ) (2048 -1024 -1016 ) (2048 -1024 -1024 ) 
4 205 208 0 (3072 -1680 -1024 ) (3072 -1680 -1016 ) (2048 -1680 -1016 ) (2048 -1680 -1024 ) 
4 206 214 0 (2688 -2048 -64 ) (3072 -2048 -64 ) (3072 -2048 -48 ) (2688 -2048 -48 ) 
4 206 208 0 (3072 -2048 -64 ) (2688 -2048 -64 ) (2688 -1680 -64 ) (3072 -1680 -64 ) 
4 206 207 0 (2688 -2032 -64 ) (2688 -2048 -64 ) (2688 -2048 -48 ) (2688 -2032 -48 ) 
4 207 307 0 (2048 -2048 -64 ) (2048 -2048 -48 ) (2048 -2032 -48 ) (2048 -2032 -64 ) 
4 207 214 0 (2048 -2048 -48 ) (2048 -2048 -64 ) (2688 -2048 -64 ) (2688 -2048 -48 ) 
4 207 208 0 (2688 -2048 -64 ) (2048 -2048 -64 ) (2048 -2032 -64 ) (2688 -2032 -64 ) 
4 208 308 0 (2048 -2048 -1024 ) (2048 -2048 -64 ) (2048 -1680 -64 ) (2048 -1680 -1024 ) 
4 208 214 0 (2048 -2048 -64 ) (2048 -2048 -1024 ) (3072 -2048 -1024 ) (3072 -2048 -64 ) 
4 209 309 0 (2048 -3072 160 ) (2048 -3072 272 ) (2048 -2048 272 ) (2048 -2048 160 ) 
4 209 216 0 (2048 -3072 272 ) (2048 -3072 160 ) (3072 -3072 160 ) (3072 -3072 272 ) 
4 209 211 0 (3072 -3072 160 ) (2048 -3072 160 ) (2048 -2954.532715 160 ) (3072 -2954.532715 160 ) 
4 209 210 0 (2048 -2940.389160 160 ) (2048 -2048 160 ) (3072 -2048 160 ) (3072 -2940.389160 160 ) 
4 210 310 0 (2048 -2940.389160 160 ) (2048 -2048 160 ) (2048 -2048 0 ) (2048 -2940.389160 0 ) 
4 210 212 0 (2048 -2940.389160 0 ) (2048 -2048 0 ) (3072 -2048 0 ) (3072 -2940.389160 0 ) 
4 211 313 0 (2048 -3072 0 ) (2048 -3072 160 ) (2048 -2954.532715 160 ) (2048 -2954.532715 0 ) 
4 211 217 0 (2048 -3072 160 ) (2048 -3072 0 ) (3072 -3072 0 ) (3072 -3072 160 ) 
4 211 213 0 (3072 -3072 0 ) (2048 -3072 0 ) (2048 -2954.532715 0 ) (3072 -2954.532715 0 ) 
4 212 316 0 (2048 -2940.389160 0 ) (2048 -2048 0 ) (2048 -2048 -48 ) (2048 -2940.389160 -48 ) 
4 212 214 0 (2048 -2940.389160 -48 ) (2048 -2048 -48 ) (3072 -2048 -48 ) (3072 -2940.389160 -48 ) 
4 213 317 0 (2048 -3072 -48 ) (2048 -3072 0 ) (2048 -2954.532715 0 ) (2048 -2954.532715 -48 ) 
4 213 219 0 (2048 -3072 0 ) (2048 -3072 -48 ) (3072 -3072 -48 ) (3072 -3072 0 ) 
4 214 322 0 (2048 -2048 -80 ) (2048 -2048 -1024 ) (2048 -2944 -1024 ) (2048 -2944 -80 ) 
4 214 320 0 (2048 -2944 -48 ) (2048 -2048 -48 ) (2048 -2048 -80 ) (2048 -2944 -80 ) 
4 214 215 0 (2048 -2944 -1024 ) (3072 -2944 -1024 ) (3072 -2944 -80 ) (2048 -2944 -80 ) 
4 215 322 0 (2048 -3072 -1024 ) (2048 -3072 -80 ) (2048 -2944 -80 ) (2048 -2944 -1024 ) 
4 215 221 0 (2048 -3072 -80 ) (2048 -3072 -1024 ) (3072 -3072 -1024 ) (3072 -3072 -80 ) 
4 216 323 0 (2048 -3402.532715 272 ) (2048 -3072 272 ) (2048 -3072 160 ) (2048 -3402.532715 160 ) 
4 216 217 0 (2048 -3388.389160 160 ) (2048 -3072 160 ) (3072 -3072 160 ) (3072 -3388.389160 160 ) 
4 216 218 0 (3072 -3402.532715 160 ) (3072 -3402.532715 272 ) (2048 -3402.532715 272 ) (2048 -3402.532715 160 ) 
4 217 324 0 (2048 -3072 160 ) (2048 -3072 0 ) (2048 -3388.389160 0 ) (2048 -3388.389160 160 ) 
4 217 219 0 (2048 -3388.389160 0 ) (2048 -3072 0 ) (3072 -3072 0 ) (3072 -3388.389160 0 ) 
4 218 326 0 (2048 -4096 0 ) (2048 -4096 160 ) (2048 -3402.532715 160 ) (2048 -3402.532715 0 ) 
4 218 323 0 (2048 -4096 160 ) (2048 -4096 272 ) (2048 -3402.532715 272 ) (2048 -3402.532715 160 ) 
4 218 223 0 (2048 -4096 272 ) (2048 -4096 0 ) (3072 -4096 0 ) (3072 -4096 272 ) 
4 218 220 0 (2048 -3408 0 ) (2048 -3402.532715 0 ) (3072 -3402.532715 0 ) (3072 -3408 0 ) 
4 218 222 0 (3072 -4096 0 ) (2048 -4096 0 ) (2048 -3408 0 ) (3072 -3408 0 ) 
4 219 332 0 (2048 -3388.389160 0 ) (2048 -3072 0 ) (2048 -3072 -48 ) (2048 -3388.389160 -48 ) 
4 220 334 0 (2048 -3408 0 ) (2048 -3402.532715 0 ) (2048 -3402.532715 -48 ) (2048 -3408 -48 ) 
4 220 222 0 (3072 -3408 -48 ) (3072 -3408 0 ) (2048 -3408 0 ) (2048 -3408 -48 ) 
4 221 340 0 (2048 -3072 -80 ) (2048 -3072 -1024 ) (2048 -3408 -1024 ) (2048 -3408 -80 ) 
4 221 222 0 (2048 -3408 -1024 ) (3072 -3408 -1024 ) (3072 -3408 -80 ) (2048 -3408 -80 ) 
4 222 340 0 (2048 -4096 -1024 ) (2048 -4096 -80 ) (2048 -3408 -80 ) (2048 -3408 -1024 ) 
4 222 338 0 (2048 -4096 -80 ) (2048 -4096 -48 ) (2048 -3408 -48 ) (2048 -3408 -80 ) 
4 222 334 0 (2048 -4096 -48 ) (2048 -4096 0 ) (2048 -3408 0 ) (2048 -3408 -48 ) 
4 222 224 0 (2048 -4096 0 ) (2048 -4096 -1024 ) (3072 -4096 -1024 ) (3072 -4096 0 ) 
4 223 342 0 (2048 -5120 0 ) (2048 -5120 160 ) (2048 -4096 160 ) (2048 -4096 0 ) 
4 223 341 0 (2048 -5120 160 ) (2048 -5120 272 ) (2048 -4096 272 ) (2048 -4096 160 ) 
4 223 225 0 (2048 -5120 272 ) (2048 -5120 0 ) (3072 -5120 0 ) (3072 -5120 272 ) 
4 223 224 0 (3072 -5120 0 ) (2048 -5120 0 ) (2048 -4096 0 ) (3072 -4096 0 ) 
4 224 356 0 (2048 -5120 -1024 ) (2048 -5120 0 ) (2048 -4096 0 ) (2048 -4096 -1024 ) 
4 224 226 0 (2048 -5120 0 ) (2048 -5120 -1024 ) (3072 -5120 -1024 ) (3072 -5120 0 ) 
4 225 367 0 (2048 -5376 272 ) (2048 -5120 272 ) (2048 -5120 0 ) (2048 -5376 0 ) 
4 225 226 0 (2048 -5376 0 ) (2048 -5120 0 ) (3072 -5120 0 ) (3072 -5376 0 ) 
4 226 368 0 (2048 -5376 0 ) (2048 -5120 0 ) (2048 -5120 -1024 ) (2048 -5376 -1024 ) 
4 227 369 0 (1024 4624 0 ) (1024 4096 0 ) (1024 4096 272 ) (1024 4624 272 ) 
4 227 229 0 (1024 4096 272 ) (1024 4096 0 ) (2048 4096 0 ) (2048 4096 272 ) 
4 227 228 0 (2048 4096 0 ) (1024 4096 0 ) (1024 4624 0 ) (2048 4624 0 ) 
4 228 370 0 (1024 4096 -1024 ) (1024 4096 0 ) (1024 4624 0 ) (1024 4624 -1024 ) 
4 228 230 0 (1024 4096 0 ) (1024 4096 -1024 ) (2048 4096 -1024 ) (2048 4096 0 ) 
4 229 371 0 (1024 3072 0 ) (1024 3072 272 ) (1024 4096 272 ) (1024 4096 0 ) 
4 229 231 0 (1024 3072 272 ) (1024 3072 0 ) (2048 3072 0 ) (2048 3072 272 ) 
4 229 230 0 (2048 3072 0 ) (1024 3072 0 ) (1024 4096 0 ) (2048 4096 0 ) 
4 230 372 0 (1024 3072 -1024 ) (1024 3072 0 ) (1024 4096 0 ) (1024 4096 -1024 ) 
4 230 232 0 (1024 3072 0 ) (1024 3072 -1024 ) (2048 3072 -1024 ) (2048 3072 0 ) 
4 231 373 0 (1024 2048 0 ) (1024 2048 272 ) (1024 3072 272 ) (1024 3072 0 ) 
4 231 234 0 (1024 2048 272 ) (1024 2048 0 ) (1120 2048 0 ) (1120 2048 272 ) 
4 231 233 0 (1120 2048 0 ) (2048 2048 0 ) (2048 2048 272 ) (1120 2048 272 ) 
4 231 232 0 (2048 2048 0 ) (1024 2048 0 ) (1024 3072 0 ) (2048 3072 0 ) 
4 232 374 0 (1024 2048 -1024 ) (1024 2048 0 ) (1024 3072 0 ) (1024 3072 -1024 ) 
4 232 242 0 (1024 2048 -48 ) (1024 2048 -1024 ) (1120 2048 -1024 ) (1120 2048 -48 ) 
4 232 240 0 (1024 2048 0 ) (1024 2048 -48 ) (1120 2048 -48 ) (1120 2048 0 ) 
4 232 236 0 (1120 2048 -1024 ) (2048 2048 -1024 ) (2048 2048 0 ) (1120 2048 0 ) 
4 233 244 0 (1120 1024 0 ) (2048 1024 0 ) (2048 1024 272 ) (1120 1024 272 ) 
4 233 237 0 (2048 1024 0 ) (1120 1024 0 ) (1120 1408 0 ) (2048 1408 0 ) 
4 233 236 0 (1120 1408 0 ) (1120 2048 0 ) (2048 2048 0 ) (2048 1408 0 ) 
4 233 234 0 (1120 2048 0 ) (1120 1424 0 ) (1120 1424 272 ) (1120 2048 272 ) 
4 234 380 0 (1024 2048 96 ) (1024 2048 0 ) (1024 1424 0 ) (1024 1424 96 ) 
4 234 375 0 (1024 1424 272 ) (1024 2048 272 ) (1024 2048 96 ) (1024 1424 96 ) 
4 234 240 0 (1024 1424 0 ) (1024 2048 0 ) (1120 2048 0 ) (1120 1424 0 ) 
4 235 382 0 (1024 1024 0 ) (1024 1024 96 ) (1024 1232 96 ) (1024 1232 0 ) 
4 235 381 0 (1024 1232 96 ) (1024 1408 96 ) (1024 1408 0 ) (1024 1232 0 ) 
3 235 377 0 (1024 1024 96 ) (1024 1024 218.857208 ) (1024 1253.333374 96 ) 
5 235 376 0 (1024 1024 218.857208 ) (1024 1024 272 ) (1024 1408 272 ) (1024 1408 96 ) (1024 1253.333374 96 ) 
4 235 245 0 (1024 1024 272 ) (1024 1024 0 ) (1088 1024 0 ) (1088 1024 272 ) 
4 235 241 0 (1088 1024 0 ) (1024 1024 0 ) (1024 1408 0 ) (1088 1408 0 ) 
4 236 242 0 (1120 2048 -48 ) (1120 2048 -1024 ) (1120 1408 -1024 ) (1120 1408 -48 ) 
4 236 240 0 (1120 1424 0 ) (1120 2048 0 ) (1120 2048 -48 ) (1120 1424 -48 ) 
4 236 239 0 (1120 1408 -1017 ) (1120 1408 -1024 ) (2048 1408 -1024 ) (2048 1408 -1017 ) 
4 236 238 0 (2048 1408 -939.841492 ) (2048 1408 -48 ) (1504 1408 -48 ) (1616 1408 -336 ) 
4 236 237 0 (1120 1408 0 ) (1120 1408 -48 ) (2048 1408 -48 ) (2048 1408 0 ) 
4 237 247 0 (2048 1024 -48 ) (2048 1024 -4 ) (1120 1024 -4 ) (1120 1024 -48 ) 
4 237 246 0 (2048 1024 -4 ) (2048 1024 0 ) (1120 1024 0 ) (1120 1024 -4 ) 
4 237 238 0 (2048 1024 -48 ) (1504 1024 -48 ) (1504 1408 -48 ) (2048 1408 -48 ) 
4 238 251 0 (2048 1024 -939.841492 ) (2048 1024 -48 ) (1504 1024 -48 ) (1616 1024 -336 ) 
4 239 252 0 (2048 1024 -1024 ) (2048 1024 -1017 ) (1120 1024 -1017 ) (1120 1024 -1024 ) 
4 239 243 0 (1120 1024 -1024 ) (1120 1024 -1017 ) (1120 1408 -1017 ) (1120 1408 -1024 ) 
4 240 385 0 (1024 1424 0 ) (1024 2048 0 ) (1024 2048 -48 ) (1024 1424 -48 ) 
4 240 242 0 (1024 2048 -48 ) (1120 2048 -48 ) (1120 1424 -48 ) (1024 1424 -48 ) 
4 241 388 0 (1024 1024 -48 ) (1024 1024 -47 ) (1024 1320 -47 ) (1024 1320 -48 ) 
4 241 387 0 (1024 1024 -47 ) (1024 1024 0 ) (1024 1320 0 ) (1024 1320 -47 ) 
4 241 386 0 (1024 1320 0 ) (1024 1408 0 ) (1024 1408 -48 ) (1024 1320 -48 ) 
4 241 253 0 (1024 1024 0 ) (1024 1024 -48 ) (1088 1024 -48 ) (1088 1024 0 ) 
4 242 395 0 (1024 2048 -64 ) (1024 2048 -1024 ) (1024 1408 -1024 ) (1024 1408 -64 ) 
4 242 394 0 (1024 1408 -48 ) (1024 2048 -48 ) (1024 2048 -64 ) (1024 1408 -64 ) 
4 242 243 0 (1024 1408 -1024 ) (1120 1408 -1024 ) (1120 1408 -64 ) (1024 1408 -64 ) 
4 243 395 0 (1024 1024 -1024 ) (1024 1024 -64 ) (1024 1408 -64 ) (1024 1408 -1024 ) 
4 243 254 0 (1024 1024 -64 ) (1024 1024 -1024 ) (1120 1024 -1024 ) (1120 1024 -64 ) 
4 244 258 0 (1120 0 0 ) (1482.392334 0 0 ) (1482.392334 0 272 ) (1120 0 272 ) 
4 244 257 0 (1482.392334 0 0 ) (1496.536011 0 0 ) (1496.536011 0 96 ) (1482.392334 0 96 ) 
4 244 256 0 (1496.536011 0 0 ) (2048 0 0 ) (2048 0 96 ) (1496.536011 0 96 ) 
4 244 255 0 (2048 0 96 ) (2048 0 272 ) (1482.392334 0 272 ) (1482.392334 0 96 ) 
4 244 246 0 (2048 0 0 ) (1120 0 0 ) (1120 1024 0 ) (2048 1024 0 ) 
4 245 407 0 (1024 608 96 ) (1024 864 96 ) (1024 864 0 ) (1024 608 0 ) 
4 245 411 0 (1024 0 0 ) (1024 0 96 ) (1024 608 96 ) (1024 608 0 ) 
4 245 404 0 (1024 976 96 ) (1024 1024 96 ) (1024 1024 0 ) (1024 976 0 ) 
4 245 406 0 (1024 864 96 ) (1024 976 96 ) (1024 976 0 ) (1024 864 0 ) 
3 245 400 0 (1024 736 176 ) (1024 885.333313 96 ) (1024 586.666687 96 ) 
5 245 399 0 (1024 0 96 ) (1024 0 272 ) (1024 556.799988 272 ) (1024 736 176 ) (1024 586.666687 96 ) 
4 245 397 0 (1024 1024 133.142792 ) (1024 1024 96 ) (1024 960 96 ) (1024 960 98.857071 ) 
3 245 398 0 (1024 960 96 ) (1024 954.666809 96 ) (1024 960 98.857071 ) 
5 245 396 0 (1024 556.799988 272 ) (1024 1024 272 ) (1024 1024 133.142792 ) (1024 954.666809 96 ) (1024 885.333313 96 ) 
4 245 260 0 (1024 0 272 ) (1024 0 0 ) (1088 0 0 ) (1088 0 272 ) 
4 245 253 0 (1088 0 0 ) (1024 0 0 ) (1024 1024 0 ) (1088 1024 0 ) 
4 246 267 0 (1482.392334 0 0 ) (1120 0 0 ) (1120 0 -4 ) (1482.392334 0 -4 ) 
4 246 261 0 (2048 0 -4 ) (2048 0 0 ) (1488 0 0 ) (1488 0 -4 ) 
4 246 265 0 (1488 0 0 ) (1482.392334 0 0 ) (1482.392334 0 -4 ) (1488 0 -4 ) 
4 246 248 0 (1492 288 -4 ) (2048 288 -4 ) (2048 280 -4 ) (1492 280 -4 ) 
4 246 249 0 (2048 0 -4 ) (1488 0 -4 ) (1488 280 -4 ) (2048 280 -4 ) 
4 246 250 0 (1488 0 -4 ) (1120 0 -4 ) (1120 288 -4 ) (1488 288 -4 ) 
4 246 247 0 (1120 288 -4 ) (1120 1024 -4 ) (2048 1024 -4 ) (2048 288 -4 ) 
4 247 251 0 (1504 1024 -48 ) (2048 1024 -48 ) (2048 288 -48 ) (1504 288 -48 ) 
4 247 248 0 (1492 288 -48 ) (2048 288 -48 ) (2048 288 -4 ) (1492 288 -4 ) 
4 247 250 0 (1120 288 -48 ) (1488 288 -48 ) (1488 288 -4 ) (1120 288 -4 ) 
4 248 251 0 (1504 288 -48 ) (2048 288 -48 ) (2048 280 -48 ) (1504 280 -48 ) 
4 248 249 0 (1492 280 -48 ) (2048 280 -48 ) (2048 280 -4 ) (1492 280 -4 ) 
4 249 263 0 (1492 0 -4 ) (1488 0 -4 ) (1488 0 -48 ) (1492 0 -48 ) 
4 249 262 0 (2048 0 -48 ) (2048 0 -4 ) (1492 0 -4 ) (1492 0 -48 ) 
4 249 251 0 (2048 0 -48 ) (1504 0 -48 ) (1504 280 -48 ) (2048 280 -48 ) 
4 249 250 0 (1488 280 -48 ) (1488 0 -48 ) (1488 0 -4 ) (1488 280 -4 ) 
4 250 267 0 (1482.392334 0 -4 ) (1120 0 -4 ) (1120 0 -48 ) (1482.392334 0 -48 ) 
4 250 265 0 (1488 0 -4 ) (1482.392334 0 -4 ) (1482.392334 0 -48 ) (1488 0 -48 ) 
4 251 270 0 (2048 0 -939.841370 ) (2048 0 -48 ) (1504 0 -48 ) (1616 0 -336 ) 
4 252 274 0 (2048 0 -1024 ) (2048 0 -1017 ) (1120 0 -1017 ) (1120 0 -1024 ) 
4 252 254 0 (1120 0 -1024 ) (1120 0 -1017 ) (1120 1024 -1017 ) (1120 1024 -1024 ) 
4 253 417 0 (1024 0 -48 ) (1024 0 0 ) (1024 608 0 ) (1024 608 -48 ) 
4 253 413 0 (1024 608 0 ) (1024 864 0 ) (1024 864 -48 ) (1024 608 -48 ) 
4 253 412 0 (1024 864 0 ) (1024 1024 0 ) (1024 1024 -48 ) (1024 864 -48 ) 
4 253 269 0 (1024 0 0 ) (1024 0 -48 ) (1088 0 -48 ) (1088 0 0 ) 
4 254 430 0 (1024 0 -1024 ) (1024 0 -64 ) (1024 1024 -64 ) (1024 1024 -1024 ) 
4 254 276 0 (1024 0 -429 ) (1024 0 -1024 ) (1120 0 -1024 ) (1120 0 -429 ) 
4 254 275 0 (1024 0 -64 ) (1024 0 -429 ) (1120 0 -429 ) (1120 0 -64 ) 
4 255 282 0 (1496.536011 -1024 160 ) (1482.392334 -1024 160 ) (1482.392334 -1024 96 ) (1496.536011 -1024 96 ) 
4 255 279 0 (2048 -1024 96 ) (2048 -1024 160 ) (1496.536011 -1024 160 ) (1496.536011 -1024 96 ) 
4 255 277 0 (2048 -1024 160 ) (2048 -1024 272 ) (1482.392334 -1024 272 ) (1482.392334 -1024 160 ) 
4 255 258 0 (1482.392334 -1024 96 ) (1482.392334 -1024 272 ) (1482.392334 0 272 ) (1482.392334 0 96 ) 
4 255 257 0 (1482.392334 -566.921753 96 ) (1482.392334 0 96 ) (1496.536011 0 96 ) (1496.536011 -566.921753 96 ) 
4 255 256 0 (2048 -1024 96 ) (1496.536011 -1024 96 ) (1496.536011 0 96 ) (2048 0 96 ) 
4 256 279 0 (1496.536011 -1024 0 ) (2048 -1024 0 ) (2048 -1024 96 ) (1496.536011 -1024 96 ) 
4 256 266 0 (2048 -1024 0 ) (1496.536011 -1024 0 ) (1496.536011 -566.921753 0 ) (2048 -566.921753 0 ) 
4 256 261 0 (1496.536011 -566.921753 0 ) (1496.536011 0 0 ) (2048 0 0 ) (2048 -566.921753 0 ) 
4 256 257 0 (1496.536011 0 0 ) (1496.536011 -566.921753 0 ) (1496.536011 -566.921753 96 ) (1496.536011 0 96 ) 
4 257 261 0 (1488 0 0 ) (1496.536011 0 0 ) (1496.536011 -566.921753 0 ) (1488 -566.921753 0 ) 
4 257 265 0 (1482.392334 -566.921753 0 ) (1482.392334 0 0 ) (1488 0 0 ) (1488 -566.921753 0 ) 
4 257 258 0 (1482.392334 0 0 ) (1482.392334 -566.921753 0 ) (1482.392334 -566.921753 96 ) (1482.392334 0 96 ) 
4 258 287 0 (1120 -1024 0 ) (1482.392334 -1024 0 ) (1482.392334 -1024 160 ) (1120 -1024 160 ) 
4 258 277 0 (1482.392334 -1024 160 ) (1482.392334 -1024 272 ) (1120 -1024 272 ) (1120 -1024 160 ) 
4 258 267 0 (1482.392334 -1024 0 ) (1120 -1024 0 ) (1120 0 0 ) (1482.392334 0 0 ) 
4 258 259 0 (1120 -960 0 ) (1120 -1024 0 ) (1120 -1024 272 ) (1120 -960 272 ) 
4 259 290 0 (1064.347778 -1024 0 ) (1072.542358 -1024 0 ) (1072.542358 -1024 160 ) (1064.347778 -1024 160 ) 
4 259 287 0 (1072.542358 -1024 0 ) (1120 -1024 0 ) (1120 -1024 160 ) (1072.542358 -1024 160 ) 
4 259 277 0 (1120 -1024 160 ) (1120 -1024 272 ) (1064.347778 -1024 272 ) (1064.347778 -1024 160 ) 
3 259 268 0 (1120 -1024 0 ) (1064.347778 -1024 0 ) (1120 -960 0 ) 
4 260 431 0 (1024 -1024 0 ) (1024 -1024 272 ) (1024 0 272 ) (1024 0 0 ) 
4 260 289 0 (1024 -1024 160 ) (1024 -1024 0 ) (1032.347778 -1024 0 ) (1032.347778 -1024 160 ) 
4 260 278 0 (1024 -1024 272 ) (1024 -1024 160 ) (1032.347778 -1024 160 ) (1032.347778 -1024 272 ) 
5 260 269 0 (1032.347778 -1024 0 ) (1024 -1024 0 ) (1024 0 0 ) (1088 0 0 ) (1088 -960 0 ) 
4 261 266 0 (2048 -566.921753 -4 ) (2048 -566.921753 0 ) (1496.536011 -566.921753 0 ) (1496.536011 -566.921753 -4 ) 
4 261 264 0 (1492 -566.921753 -4 ) (1488 -566.921753 -4 ) (1488 -560 -4 ) (1492 -560 -4 ) 
4 261 263 0 (1488 -552 -4 ) (1488 0 -4 ) (1492 0 -4 ) (1492 -552 -4 ) 
4 261 262 0 (2048 -566.921753 -4 ) (1492 -566.921753 -4 ) (1492 0 -4 ) (2048 0 -4 ) 
4 261 265 0 (1488 -566.921753 -4 ) (1488 -566.921753 0 ) (1488 0 0 ) (1488 0 -4 ) 
4 262 270 0 (1504 0 -48 ) (2048 0 -48 ) (2048 -566.921753 -48 ) (1504 -566.921753 -48 ) 
4 262 266 0 (1496.536011 -566.921753 -48 ) (2048 -566.921753 -48 ) (2048 -566.921753 -4 ) (1496.536011 -566.921753 -4 ) 
4 262 264 0 (1492 -560 -48 ) (1492 -566.921753 -48 ) (1492 -566.921753 -4 ) (1492 -560 -4 ) 
4 262 263 0 (1492 0 -48 ) (1492 -552 -48 ) (1492 -552 -4 ) (1492 0 -4 ) 
4 263 265 0 (1488 0 -48 ) (1488 -552 -48 ) (1488 -552 -4 ) (1488 0 -4 ) 
4 264 265 0 (1488 -560 -48 ) (1488 -566.921753 -48 ) (1488 -566.921753 -4 ) (1488 -560 -4 ) 
4 265 267 0 (1482.392334 0 -48 ) (1482.392334 -566.921753 -48 ) (1482.392334 -566.921753 0 ) (1482.392334 0 0 ) 
4 266 292 0 (1496.536011 -1024 -48 ) (2048 -1024 -48 ) (2048 -1024 0 ) (1496.536011 -1024 0 ) 
4 266 271 0 (2048 -1024 -48 ) (1504 -1024 -48 ) (1504 -960 -48 ) (2048 -960 -48 ) 
4 266 270 0 (1504 -566.921753 -48 ) (2048 -566.921753 -48 ) (2048 -960 -48 ) (1504 -960 -48 ) 
4 267 298 0 (1120 -1024 -48 ) (1482.392334 -1024 -48 ) (1482.392334 -1024 0 ) (1120 -1024 0 ) 
4 267 268 0 (1120 -960 -48 ) (1120 -1024 -48 ) (1120 -1024 0 ) (1120 -960 0 ) 
4 268 301 0 (1064.347778 -1024 -48 ) (1072.542358 -1024 -48 ) (1072.542358 -1024 0 ) (1064.347778 -1024 0 ) 
4 268 298 0 (1072.542358 -1024 -48 ) (1120 -1024 -48 ) (1120 -1024 0 ) (1072.542358 -1024 0 ) 
4 269 433 0 (1024 -1024 -48 ) (1024 -1024 -47 ) (1024 0 -47 ) (1024 0 -48 ) 
4 269 432 0 (1024 -1024 -47 ) (1024 -1024 0 ) (1024 0 0 ) (1024 0 -47 ) 
4 269 300 0 (1024 -1024 0 ) (1024 -1024 -48 ) (1032.347778 -1024 -48 ) (1032.347778 -1024 0 ) 
5 270 271 0 (2048 -960 -378.523590 ) (2048 -960 -48 ) (1504 -960 -48 ) (1616 -960 -336 ) (1646.422241 -960 -378.523590 ) 
4 271 303 0 (2048 -1024 -253.714203 ) (2048 -1024 -48 ) (1504 -1024 -48 ) (1584 -1024 -253.714203 ) 
4 272 304 0 (2048 -1024 -1017 ) (2048 -1024 -1016 ) (1504 -1024 -1016 ) (1504 -1024 -1017 ) 
4 272 273 0 (1504 -960 -1016 ) (1504 -960 -1017 ) (1504 -1024 -1017 ) (1504 -1024 -1016 ) 
4 272 274 0 (2048 -1024 -1017 ) (1504 -1024 -1017 ) (1504 -960 -1017 ) (2048 -960 -1017 ) 
4 273 306 0 (1120 -1024 -429 ) (1120 -1024 -1017 ) (1504 -1024 -1017 ) (1504 -1024 -429 ) 
4 273 276 0 (1120 -1024 -1017 ) (1120 -1024 -429 ) (1120 -960 -429 ) (1120 -960 -1017 ) 
4 273 274 0 (1504 -1024 -1017 ) (1120 -1024 -1017 ) (1120 -960 -1017 ) (1504 -960 -1017 ) 
4 274 306 0 (1504 -1024 -1017 ) (1120 -1024 -1017 ) (1120 -1024 -1024 ) (1504 -1024 -1024 ) 
4 274 304 0 (2048 -1024 -1024 ) (2048 -1024 -1017 ) (1504 -1024 -1017 ) (1504 -1024 -1024 ) 
4 274 276 0 (1120 -1024 -1024 ) (1120 -1024 -1017 ) (1120 0 -1017 ) (1120 0 -1024 ) 
4 275 443 0 (1024 -1024 -429 ) (1024 -1024 -64 ) (1024 0 -64 ) (1024 0 -429 ) 
4 275 305 0 (1024 -1024 -64 ) (1024 -1024 -429 ) (1064.347778 -1024 -429 ) (1064.347778 -1024 -64 ) 
5 275 276 0 (1024 0 -429 ) (1120 0 -429 ) (1120 -960 -429 ) (1064.347778 -1024 -429 ) (1024 -1024 -429 ) 
4 276 443 0 (1024 -1024 -1024 ) (1024 -1024 -429 ) (1024 0 -429 ) (1024 0 -1024 ) 
4 276 306 0 (1024 -1024 -429 ) (1024 -1024 -1024 ) (1120 -1024 -1024 ) (1120 -1024 -429 ) 
4 277 453 0 (1024 -2048 160 ) (1024 -2048 272 ) (1024 -2035.071777 272 ) (1024 -2035.071777 160 ) 
4 277 451 0 (1024 -2035.071777 272 ) (1024 -2016.928223 272 ) (1024 -2016.928223 160 ) (1024 -2035.071777 160 ) 
4 277 450 0 (1024 -2016.928223 272 ) (1024 -1328 272 ) (1024 -1328 160 ) (1024 -2016.928223 160 ) 
4 277 447 0 (1024 -1328 272 ) (1024 -1296 272 ) (1024 -1296 160 ) (1024 -1328 160 ) 
4 277 444 0 (1024 -1296 272 ) (1024 -1070.399902 272 ) (1024 -1070.399902 160 ) (1024 -1296 160 ) 
4 277 309 0 (1098.392334 -2048 160 ) (2048 -2048 160 ) (2048 -2048 272 ) (1098.392334 -2048 272 ) 
4 277 315 0 (1024 -2048 272 ) (1024 -2048 160 ) (1098.392334 -2048 160 ) (1098.392334 -2048 272 ) 
6 277 290 0 (1024 -1984.810059 160 ) (1024 -1070.399902 160 ) (1064.347778 -1024 160 ) (1072.542358 -1024 160 ) (1072.542358 -2000.092285 160 ) (1055.912231 -2016.722290 160 ) 
3 277 288 0 (1024 -2016.928223 160 ) (1024 -1984.810059 160 ) (1056.118164 -2016.928223 160 ) 
4 277 287 0 (1072.542358 -1024 160 ) (1482.392334 -1024 160 ) (1482.392334 -1590.242432 160 ) (1072.542358 -2000.092163 160 ) 
4 277 286 0 (1482.392334 -1615.901367 160 ) (1482.392334 -2035.071777 160 ) (1072.542358 -2035.071777 160 ) (1072.542358 -2025.751343 160 ) 
4 277 291 0 (1482.392334 -2048 160 ) (1024 -2048 160 ) (1024 -2035.071777 160 ) (1482.392334 -2035.071777 160 ) 
4 277 283 0 (1496.536011 -2048 160 ) (1482.392334 -2048 160 ) (1482.392334 -1615.901245 160 ) (1496.536011 -1601.757446 160 ) 
4 277 282 0 (1482.392334 -1532 160 ) (1482.392334 -1024 160 ) (1496.536011 -1024 160 ) (1496.536011 -1532 160 ) 
4 277 281 0 (1496.536011 -1592.797729 160 ) (1496.536011 -1546.532715 160 ) (1551.761108 -1546.532715 160 ) (1501.016113 -1597.277710 160 ) 
5 277 280 0 (2048 -2048 160 ) (1496.536011 -2048 160 ) (1496.536011 -1601.757812 160 ) (1551.761108 -1546.532715 160 ) (2048 -1546.532715 160 ) 
4 277 279 0 (1496.536011 -1532.389038 160 ) (1496.536011 -1024 160 ) (2048 -1024 160 ) (2048 -1532.389038 160 ) 
4 278 445 0 (1024 -1033.599976 272 ) (1024 -1024 272 ) (1024 -1024 160 ) (1024 -1033.599976 160 ) 
3 278 289 0 (1024 -1033.599976 160 ) (1024 -1024 160 ) (1032.347778 -1024 160 ) 
4 279 292 0 (1496.536011 -1532.389038 0 ) (1496.536011 -1024 0 ) (2048 -1024 0 ) (2048 -1532.389038 0 ) 
4 279 284 0 (1496.536011 -1264 0 ) (1496.536011 -1344 0 ) (1496.536011 -1344 96 ) (1496.536011 -1264 96 ) 
4 279 282 0 (1496.536011 -1532 160 ) (1496.536011 -1024 160 ) (1496.536011 -1024 96 ) (1496.536011 -1532 96 ) 
4 280 310 0 (1496.536011 -2048 0 ) (2048 -2048 0 ) (2048 -2048 160 ) (1496.536011 -2048 160 ) 
5 280 293 0 (2048 -2048 0 ) (1496.536011 -2048 0 ) (1496.536011 -1601.757812 0 ) (1551.761108 -1546.532715 0 ) (2048 -1546.532715 0 ) 
4 280 285 0 (1496.536011 -1601.757812 0 ) (1496.536011 -2048 0 ) (1496.536011 -2048 96 ) (1496.536011 -1601.757812 96 ) 
4 280 283 0 (1496.536011 -2048 96 ) (1496.536011 -2048 160 ) (1496.536011 -1601.757812 160 ) (1496.536011 -1601.757812 96 ) 
4 280 281 0 (1551.766968 -1546.532715 160 ) (1551.766968 -1546.532715 0 ) (1501.019287 -1597.280884 0 ) (1501.019287 -1597.280884 160 ) 
4 281 294 0 (1496.536011 -1592.797729 0 ) (1496.536011 -1546.532715 0 ) (1551.761108 -1546.532715 0 ) (1501.016113 -1597.277710 0 ) 
4 282 287 0 (1482.392334 -1532 160 ) (1482.392334 -1024 160 ) (1482.392334 -1024 96 ) (1482.392334 -1532 96 ) 
4 282 284 0 (1482.392334 -1344 96 ) (1482.392334 -1264 96 ) (1496.536011 -1264 96 ) (1496.536011 -1344 96 ) 
4 283 310 0 (1496.536011 -2048 96 ) (1496.536011 -2048 160 ) (1482.392334 -2048 160 ) (1482.392334 -2048 96 ) 
4 283 286 0 (1482.392334 -2035.071777 160 ) (1482.392334 -1615.901245 160 ) (1482.392334 -1615.901245 96 ) (1482.392334 -2035.071777 96 ) 
4 283 291 0 (1482.392334 -2048 96 ) (1482.392334 -2048 160 ) (1482.392334 -2035.071777 160 ) (1482.392334 -2035.071777 96 ) 
4 283 285 0 (1482.392334 -2048 96 ) (1482.392334 -1615.901245 96 ) (1496.536011 -1601.757446 96 ) (1496.536011 -2048 96 ) 
4 284 295 0 (1482.392334 -1344 0 ) (1482.392334 -1264 0 ) (1496.536011 -1264 0 ) (1496.536011 -1344 0 ) 
4 284 287 0 (1482.392334 -1264 0 ) (1482.392334 -1344 0 ) (1482.392334 -1344 96 ) (1482.392334 -1264 96 ) 
4 285 310 0 (1482.392334 -2048 0 ) (1496.536011 -2048 0 ) (1496.536011 -2048 96 ) (1482.392334 -2048 96 ) 
4 285 296 0 (1496.536011 -2048 0 ) (1482.392334 -2048 0 ) (1482.392334 -1615.901367 0 ) (1496.536011 -1601.757690 0 ) 
4 285 286 0 (1482.392334 -1615.901367 0 ) (1482.392334 -2035.071777 0 ) (1482.392334 -2035.071777 96 ) (1482.392334 -1615.901367 96 ) 
4 285 291 0 (1482.392334 -2035.071777 0 ) (1482.392334 -2048 0 ) (1482.392334 -2048 96 ) (1482.392334 -2035.071777 96 ) 
4 286 297 0 (1482.392334 -1615.901367 0 ) (1482.392334 -2035.071777 0 ) (1072.542358 -2035.071777 0 ) (1072.542358 -2025.751343 0 ) 
4 286 291 0 (1072.542358 -2035.071777 0 ) (1482.392334 -2035.071777 0 ) (1482.392334 -2035.071777 160 ) (1072.542358 -2035.071777 160 ) 
4 287 298 0 (1072.542358 -1024 0 ) (1482.392334 -1024 0 ) (1482.392334 -1590.242432 0 ) (1072.542358 -2000.092163 0 ) 
4 287 290 0 (1072.542358 -1024 0 ) (1072.542358 -2000.092163 0 ) (1072.542358 -2000.092163 160 ) (1072.542358 -1024 160 ) 
4 288 450 0 (1024 -2016.928223 160 ) (1024 -1984.810059 160 ) (1024 -1984.810059 0 ) (1024 -2016.928223 0 ) 
3 288 299 0 (1024 -2016.928223 0 ) (1024 -1984.810059 0 ) (1056.118164 -2016.928223 0 ) 
4 288 290 0 (1055.910522 -2016.724121 0 ) (1024 -1984.813599 0 ) (1024 -1984.813477 160 ) (1055.910522 -2016.724121 160 ) 
4 289 445 0 (1024 -1033.599976 160 ) (1024 -1024 160 ) (1024 -1024 0 ) (1024 -1033.599976 0 ) 
3 289 300 0 (1024 -1033.599976 0 ) (1024 -1024 0 ) (1032.347778 -1024 0 ) 
4 290 450 0 (1024 -1984.810059 160 ) (1024 -1328 160 ) (1024 -1328 0 ) (1024 -1984.810059 0 ) 
4 290 447 0 (1024 -1328 160 ) (1024 -1296 160 ) (1024 -1296 0 ) (1024 -1328 0 ) 
4 290 444 0 (1024 -1296 160 ) (1024 -1070.399902 160 ) (1024 -1070.399902 0 ) (1024 -1296 0 ) 
6 290 301 0 (1024 -1984.810059 0 ) (1024 -1070.399902 0 ) (1064.347778 -1024 0 ) (1072.542358 -1024 0 ) (1072.542358 -2000.092285 0 ) (1055.912231 -2016.722290 0 ) 
4 291 454 0 (1024 -2048 0 ) (1024 -2048 159 ) (1024 -2035.071777 159 ) (1024 -2035.071777 0 ) 
4 291 453 0 (1024 -2048 159 ) (1024 -2048 160 ) (1024 -2035.071777 160 ) (1024 -2035.071777 159 ) 
4 291 310 0 (1098.392334 -2048 0 ) (1482.392334 -2048 0 ) (1482.392334 -2048 160 ) (1098.392334 -2048 160 ) 
4 291 315 0 (1024 -2048 160 ) (1024 -2048 0 ) (1098.392334 -2048 0 ) (1098.392334 -2048 160 ) 
4 291 302 0 (1482.392334 -2048 0 ) (1024 -2048 0 ) (1024 -2035.071777 0 ) (1482.392334 -2035.071777 0 ) 
4 292 303 0 (1504 -1024 -48 ) (2048 -1024 -48 ) (2048 -1104 -48 ) (1504 -1104 -48 ) 
4 292 295 0 (1496.536011 -1264 -48 ) (1496.536011 -1344 -48 ) (1496.536011 -1344 0 ) (1496.536011 -1264 0 ) 
4 293 316 0 (1496.536011 -2048 -48 ) (2048 -2048 -48 ) (2048 -2048 0 ) (1496.536011 -2048 0 ) 
4 293 307 0 (2048 -2048 -48 ) (1496.536011 -2048 -48 ) (1496.536011 -2032 -48 ) (2048 -2032 -48 ) 
4 293 296 0 (1496.536011 -1601.757812 -48 ) (1496.536011 -2048 -48 ) (1496.536011 -2048 0 ) (1496.536011 -1601.757812 0 ) 
4 293 294 0 (1551.766968 -1546.532715 0 ) (1551.766968 -1546.532715 -48 ) (1501.019165 -1597.280884 -48 ) (1501.019165 -1597.280884 0 ) 
4 295 298 0 (1482.392334 -1264 -48 ) (1482.392334 -1344 -48 ) (1482.392334 -1344 0 ) (1482.392334 -1264 0 ) 
4 296 316 0 (1482.392334 -2048 -48 ) (1496.536011 -2048 -48 ) (1496.536011 -2048 0 ) (1482.392334 -2048 0 ) 
4 296 307 0 (1496.536011 -2048 -48 ) (1482.392334 -2048 -48 ) (1482.392334 -2032 -48 ) (1496.536011 -2032 -48 ) 
4 296 297 0 (1482.392334 -1615.901367 -48 ) (1482.392334 -2035.071777 -48 ) (1482.392334 -2035.071777 0 ) (1482.392334 -1615.901367 0 ) 
4 296 302 0 (1482.392334 -2035.071777 -48 ) (1482.392334 -2048 -48 ) (1482.392334 -2048 0 ) (1482.392334 -2035.071777 0 ) 
4 297 307 0 (1482.392334 -2032 -48 ) (1482.392334 -2035.071777 -48 ) (1072.542358 -2035.071777 -48 ) (1072.542358 -2032 -48 ) 
4 297 302 0 (1072.542358 -2035.071777 -48 ) (1482.392334 -2035.071777 -48 ) (1482.392334 -2035.071777 0 ) (1072.542358 -2035.071777 0 ) 
4 298 301 0 (1072.542358 -1024 -48 ) (1072.542358 -2000.092163 -48 ) (1072.542358 -2000.092163 0 ) (1072.542358 -1024 0 ) 
4 299 464 0 (1024 -2016.928223 0 ) (1024 -1984.810059 0 ) (1024 -1984.810059 -48 ) (1024 -2016.928223 -48 ) 
4 299 301 0 (1055.910522 -2016.724121 -48 ) (1024 -1984.813599 -48 ) (1024 -1984.813477 0 ) (1055.910522 -2016.724121 0 ) 
4 300 457 0 (1024 -1033.599976 0 ) (1024 -1024 0 ) (1024 -1024 -48 ) (1024 -1033.599976 -48 ) 
4 301 464 0 (1024 -1984.810059 0 ) (1024 -1328 0 ) (1024 -1328 -48 ) (1024 -1984.810059 -48 ) 
4 301 461 0 (1024 -1328 0 ) (1024 -1296 0 ) (1024 -1296 -48 ) (1024 -1328 -48 ) 
4 301 456 0 (1024 -1296 0 ) (1024 -1070.399902 0 ) (1024 -1070.399902 -48 ) (1024 -1296 -48 ) 
4 302 465 0 (1024 -2048 -48 ) (1024 -2048 0 ) (1024 -2035.071777 0 ) (1024 -2035.071777 -48 ) 
4 302 316 0 (1098.392334 -2048 -48 ) (1482.392334 -2048 -48 ) (1482.392334 -2048 0 ) (1098.392334 -2048 0 ) 
4 302 319 0 (1024 -2048 0 ) (1024 -2048 -48 ) (1098.392334 -2048 -48 ) (1098.392334 -2048 0 ) 
4 302 307 0 (1482.392334 -2048 -48 ) (1024 -2048 -48 ) (1024 -2035.071777 -48 ) (1482.392334 -2035.071777 -48 ) 
4 304 308 0 (2048 -1680 -1024 ) (2048 -1680 -1016 ) (1504 -1680 -1016 ) (1504 -1680 -1024 ) 
4 304 306 0 (1504 -1680 -1024 ) (1504 -1680 -1016 ) (1504 -1024 -1016 ) (1504 -1024 -1024 ) 
4 305 468 0 (1024 -1070.399902 -64 ) (1024 -1024 -64 ) (1024 -1024 -429 ) (1024 -1070.399902 -429 ) 
3 305 306 0 (1024 -1024 -429 ) (1064.347778 -1024 -429 ) (1024 -1070.399902 -429 ) 
4 306 485 0 (1024 -1680 -1024 ) (1024 -1680 -429 ) (1024 -1344 -429 ) (1024 -1344 -1024 ) 
4 306 479 0 (1024 -1344 -429 ) (1024 -1280 -429 ) (1024 -1280 -1024 ) (1024 -1344 -1024 ) 
4 306 469 0 (1024 -1280 -429 ) (1024 -1024 -429 ) (1024 -1024 -1024 ) (1024 -1280 -1024 ) 
4 306 308 0 (1024 -1680 -429 ) (1024 -1680 -1024 ) (1504 -1680 -1024 ) (1504 -1680 -429 ) 
4 307 467 0 (1024 -2048 -64 ) (1024 -2048 -48 ) (1024 -2032 -48 ) (1024 -2032 -64 ) 
4 307 320 0 (1024 -2048 -48 ) (1024 -2048 -64 ) (2048 -2048 -64 ) (2048 -2048 -48 ) 
4 307 308 0 (2048 -2048 -64 ) (1024 -2048 -64 ) (1024 -2032 -64 ) (2048 -2032 -64 ) 
4 308 483 0 (1024 -2048 -80 ) (1024 -2048 -64 ) (1024 -2032 -64 ) (1024 -2032 -80 ) 
4 308 484 0 (1024 -2048 -429 ) (1024 -2048 -80 ) (1024 -2032 -80 ) (1024 -2032 -429 ) 
4 308 482 0 (1024 -2032 -64 ) (1024 -1680 -64 ) (1024 -1680 -429 ) (1024 -2032 -429 ) 
4 308 485 0 (1024 -2048 -1024 ) (1024 -2048 -429 ) (1024 -1680 -429 ) (1024 -1680 -1024 ) 
4 308 322 0 (1024 -2048 -80 ) (1024 -2048 -1024 ) (2048 -2048 -1024 ) (2048 -2048 -80 ) 
4 308 320 0 (1024 -2048 -64 ) (1024 -2048 -80 ) (2048 -2048 -80 ) (2048 -2048 -64 ) 
4 309 323 0 (2048 -3072 160 ) (2048 -3072 272 ) (1098.392334 -3072 272 ) (1098.392334 -3072 160 ) 
4 309 314 0 (1112.536011 -3072 160 ) (1098.392334 -3072 160 ) (1098.392334 -2954.532715 160 ) (1112.536011 -2954.532715 160 ) 
4 309 313 0 (2048 -3072 160 ) (1112.536011 -3072 160 ) (1112.536011 -2954.532715 160 ) (2048 -2954.532715 160 ) 
4 309 312 0 (1098.392334 -2954.532715 160 ) (1098.392334 -2945.921875 160 ) (1108.925049 -2945.921875 160 ) (1108.925049 -2954.532715 160 ) 
4 309 311 0 (1098.392334 -2945.921875 160 ) (1098.392334 -2940.389160 160 ) (1108.925049 -2940.389160 160 ) (1108.925049 -2945.921875 160 ) 
4 309 310 0 (1098.392334 -2940.389160 160 ) (1098.392334 -2048 160 ) (2048 -2048 160 ) (2048 -2940.389160 160 ) 
4 309 315 0 (1098.392334 -3072 160 ) (1098.392334 -3072 272 ) (1098.392334 -2048 272 ) (1098.392334 -2048 160 ) 
4 310 316 0 (1098.392334 -2940.389160 0 ) (1098.392334 -2048 0 ) (2048 -2048 0 ) (2048 -2940.389160 0 ) 
4 310 311 0 (1108.925049 -2940.389160 160 ) (1098.392334 -2940.389160 160 ) (1098.392334 -2940.389160 0 ) (1108.925049 -2940.389160 0 ) 
4 310 315 0 (1098.392334 -2048 0 ) (1098.392334 -2940.389160 0 ) (1098.392334 -2940.389160 160 ) (1098.392334 -2048 160 ) 
4 311 318 0 (1098.392334 -2945.921875 0 ) (1098.392334 -2940.389160 0 ) (1108.925049 -2940.389160 0 ) (1108.925049 -2945.921875 0 ) 
4 311 312 0 (1108.925049 -2945.921875 160 ) (1098.392334 -2945.921875 160 ) (1098.392334 -2945.921875 159 ) (1108.925049 -2945.921875 159 ) 
4 311 315 0 (1098.392334 -2940.389160 0 ) (1098.392334 -2945.921875 0 ) (1098.392334 -2945.921875 160 ) (1098.392334 -2940.389160 160 ) 
4 312 314 0 (1108.925049 -2954.532715 160 ) (1098.392334 -2954.532715 160 ) (1098.392334 -2954.532715 159 ) (1108.925049 -2954.532715 159 ) 
4 312 315 0 (1098.392334 -2954.532715 159 ) (1098.392334 -2954.532715 160 ) (1098.392334 -2945.921875 160 ) (1098.392334 -2945.921875 159 ) 
4 313 329 0 (1112.536011 -3072 0 ) (1450.392334 -3072 0 ) (1450.392334 -3072 159 ) (1112.536011 -3072 159 ) 
4 313 328 0 (1450.392334 -3072 159 ) (1450.392334 -3072 160 ) (1112.536011 -3072 160 ) (1112.536011 -3072 159 ) 
4 313 324 0 (1450.392334 -3072 0 ) (2048 -3072 0 ) (2048 -3072 160 ) (1450.392334 -3072 160 ) 
4 313 317 0 (2048 -3072 0 ) (1112.536011 -3072 0 ) (1112.536011 -2954.532715 0 ) (2048 -2954.532715 0 ) 
4 313 314 0 (1112.536011 -2954.532715 160 ) (1112.536011 -2954.532715 159 ) (1112.536011 -3072 159 ) (1112.536011 -3072 160 ) 
4 314 328 0 (1112.536011 -3072 159 ) (1112.536011 -3072 160 ) (1098.392334 -3072 160 ) (1098.392334 -3072 159 ) 
4 314 315 0 (1098.392334 -3072 159 ) (1098.392334 -3072 160 ) (1098.392334 -2954.532715 160 ) (1098.392334 -2954.532715 159 ) 
4 315 487 0 (1024 -3072 0 ) (1024 -3072 159 ) (1024 -2048 159 ) (1024 -2048 0 ) 
4 315 486 0 (1024 -3072 159 ) (1024 -3072 272 ) (1024 -2048 272 ) (1024 -2048 159 ) 
4 315 330 0 (1080 -3072 0 ) (1098.392334 -3072 0 ) (1098.392334 -3072 159 ) (1080 -3072 159 ) 
4 315 331 0 (1024 -3072 159 ) (1024 -3072 0 ) (1080 -3072 0 ) (1080 -3072 159 ) 
4 315 328 0 (1024 -3072 160 ) (1024 -3072 159 ) (1098.392334 -3072 159 ) (1098.392334 -3072 160 ) 
4 315 323 0 (1024 -3072 272 ) (1024 -3072 160 ) (1098.392334 -3072 160 ) (1098.392334 -3072 272 ) 
4 315 319 0 (1098.392334 -3072 0 ) (1024 -3072 0 ) (1024 -2048 0 ) (1098.392334 -2048 0 ) 
4 316 320 0 (1098.392334 -2940.389160 -48 ) (1098.392334 -2048 -48 ) (2048 -2048 -48 ) (2048 -2940.389160 -48 ) 
4 316 318 0 (1098.392334 -2940.389160 0 ) (1098.392334 -2940.389160 -48 ) (1108.925049 -2940.389160 -48 ) (1108.925049 -2940.389160 0 ) 
4 316 319 0 (1098.392334 -2048 -48 ) (1098.392334 -2940.389160 -48 ) (1098.392334 -2940.389160 0 ) (1098.392334 -2048 0 ) 
4 317 336 0 (1112.536011 -3072 -48 ) (1450.392334 -3072 -48 ) (1450.392334 -3072 0 ) (1112.536011 -3072 0 ) 
4 317 332 0 (1450.392334 -3072 -48 ) (2048 -3072 -48 ) (2048 -3072 0 ) (1450.392334 -3072 0 ) 
4 318 320 0 (1098.392334 -2944 -48 ) (1098.392334 -2940.389160 -48 ) (1108.925049 -2940.389160 -48 ) (1108.925049 -2944 -48 ) 
4 318 319 0 (1098.392334 -2940.389160 -48 ) (1098.392334 -2945.921875 -48 ) (1098.392334 -2945.921875 0 ) (1098.392334 -2940.389160 0 ) 
4 319 489 0 (1024 -3072 -48 ) (1024 -3072 0 ) (1024 -2048 0 ) (1024 -2048 -48 ) 
4 319 337 0 (1080 -3072 -48 ) (1098.392334 -3072 -48 ) (1098.392334 -3072 0 ) (1080 -3072 0 ) 
4 319 339 0 (1024 -3072 0 ) (1024 -3072 -48 ) (1080 -3072 -48 ) (1080 -3072 0 ) 
4 319 321 0 (1080 -3072 -48 ) (1024 -3072 -48 ) (1024 -2944 -48 ) (1080 -2944 -48 ) 
4 319 320 0 (1024 -2944 -48 ) (1024 -2048 -48 ) (1098.392334 -2048 -48 ) (1098.392334 -2944 -48 ) 
4 320 491 0 (1024 -2944 -48 ) (1024 -2048 -48 ) (1024 -2048 -80 ) (1024 -2944 -80 ) 
4 320 322 0 (1024 -2944 -80 ) (1024 -2048 -80 ) (2048 -2048 -80 ) (2048 -2944 -80 ) 
4 320 321 0 (1024 -2944 -80 ) (1080 -2944 -80 ) (1080 -2944 -48 ) (1024 -2944 -48 ) 
4 321 491 0 (1024 -3072 -80 ) (1024 -3072 -48 ) (1024 -2944 -48 ) (1024 -2944 -80 ) 
4 321 339 0 (1024 -3072 -48 ) (1024 -3072 -80 ) (1080 -3072 -80 ) (1080 -3072 -48 ) 
4 321 322 0 (1080 -3072 -80 ) (1024 -3072 -80 ) (1024 -2944 -80 ) (1080 -2944 -80 ) 
4 322 492 0 (1024 -3072 -1024 ) (1024 -3072 -80 ) (1024 -2048 -80 ) (1024 -2048 -1024 ) 
4 322 340 0 (1024 -3072 -80 ) (1024 -3072 -1024 ) (2048 -3072 -1024 ) (2048 -3072 -80 ) 
4 323 493 0 (1024 -4096 160 ) (1024 -4096 272 ) (1024 -3072 272 ) (1024 -3072 160 ) 
4 323 341 0 (1024 -4096 272 ) (1024 -4096 160 ) (2048 -4096 160 ) (2048 -4096 272 ) 
4 323 328 0 (1450.392334 -4096 160 ) (1024 -4096 160 ) (1024 -3072 160 ) (1450.392334 -3072 160 ) 
4 323 327 0 (1488 -4096 160 ) (1464.536011 -4096 160 ) (1464.536011 -3402.532715 160 ) (1488 -3402.532715 160 ) 
4 323 326 0 (2048 -4096 160 ) (1488 -4096 160 ) (1488 -3402.532715 160 ) (2048 -3402.532715 160 ) 
4 323 325 0 (1450.392334 -3388.921875 160 ) (1450.392334 -3388.389160 160 ) (1460.925049 -3388.389160 160 ) (1460.925049 -3388.921875 160 ) 
4 323 324 0 (1450.392334 -3388.389160 160 ) (1450.392334 -3072 160 ) (2048 -3072 160 ) (2048 -3388.389160 160 ) 
4 324 332 0 (1450.392334 -3388.389160 0 ) (1450.392334 -3072 0 ) (2048 -3072 0 ) (2048 -3388.389160 0 ) 
4 324 329 0 (1450.392334 -3072 0 ) (1450.392334 -3388.389160 0 ) (1450.392334 -3388.389160 159 ) (1450.392334 -3072 159 ) 
4 324 328 0 (1450.392334 -3388.389160 159 ) (1450.392334 -3388.389160 160 ) (1450.392334 -3072 160 ) (1450.392334 -3072 159 ) 
4 324 325 0 (1450.392334 -3388.389160 160 ) (1450.392334 -3388.389160 0 ) (1460.925049 -3388.389160 0 ) (1460.925049 -3388.389160 160 ) 
4 325 333 0 (1450.392334 -3388.921875 0 ) (1450.392334 -3388.389160 0 ) (1460.925049 -3388.389160 0 ) (1460.925049 -3388.921875 0 ) 
4 325 329 0 (1450.392334 -3388.389160 0 ) (1450.392334 -3388.921875 0 ) (1450.392334 -3388.921875 159 ) (1450.392334 -3388.389160 159 ) 
4 325 328 0 (1450.392334 -3388.921875 159 ) (1450.392334 -3388.921875 160 ) (1450.392334 -3388.389160 160 ) (1450.392334 -3388.389160 159 ) 
4 326 343 0 (1488 -4096 0 ) (1489.464233 -4096 0 ) (1489.464233 -4096 160 ) (1488 -4096 160 ) 
4 326 342 0 (1489.464233 -4096 0 ) (2048 -4096 0 ) (2048 -4096 160 ) (1489.464233 -4096 160 ) 
4 326 334 0 (2048 -4096 0 ) (1488 -4096 0 ) (1488 -3402.532715 0 ) (2048 -3402.532715 0 ) 
5 326 327 0 (1488 -3402.532715 160 ) (1488 -3402.532715 0 ) (1488 -4036 0 ) (1488 -4096 4.705874 ) (1488 -4096 160 ) 
4 327 346 0 (1488 -4096 4.705874 ) (1488 -4096 16 ) (1464.536011 -4096 16 ) (1464.536011 -4096 4.705877 ) 
4 327 344 0 (1488 -4096 16 ) (1488 -4096 160 ) (1464.536011 -4096 160 ) (1464.536011 -4096 16 ) 
4 327 335 0 (1464.536011 -4036 0 ) (1464.536011 -3402.532715 0 ) (1488 -3402.532715 0 ) (1488 -4036 0 ) 
4 328 494 0 (1024 -3888 160 ) (1024 -3072 160 ) (1024 -3072 159 ) (1024 -3888 159 ) 
4 328 500 0 (1024 -4096 159 ) (1024 -4096 160 ) (1024 -3888 160 ) (1024 -3888 159 ) 
4 328 353 0 (1024 -4096 160 ) (1024 -4096 159 ) (1080 -4096 159 ) (1080 -4096 160 ) 
4 328 348 0 (1080 -4096 159 ) (1112.536011 -4096 159 ) (1112.536011 -4096 160 ) (1080 -4096 160 ) 
4 328 345 0 (1112.536011 -4096 159 ) (1450.392334 -4096 159 ) (1450.392334 -4096 160 ) (1112.536011 -4096 160 ) 
4 328 330 0 (1080 -3072 159 ) (1098.392334 -3072 159 ) (1098.392334 -4096 159 ) (1080 -4096 159 ) 
4 328 331 0 (1024 -3072 159 ) (1080 -3072 159 ) (1080 -4096 159 ) (1024 -4096 159 ) 
4 328 329 0 (1112.536011 -3072 159 ) (1450.392334 -3072 159 ) (1450.392334 -4096 159 ) (1112.536011 -4096 159 ) 
4 329 347 0 (1450.392334 -4096 4.705874 ) (1450.392334 -4096 16 ) (1112.536011 -4096 16 ) (1112.536011 -4096 4.705873 ) 
4 329 345 0 (1450.392334 -4096 16 ) (1450.392334 -4096 159 ) (1112.536011 -4096 159 ) (1112.536011 -4096 16 ) 
4 329 336 0 (1112.536011 -4036 0 ) (1112.536011 -3072 0 ) (1450.392334 -3072 0 ) (1450.392334 -4036 0 ) 
4 330 349 0 (1098.392334 -4096 4.705874 ) (1098.392334 -4096 159 ) (1080 -4096 159 ) (1080 -4096 4.705873 ) 
4 330 337 0 (1080 -4036 0 ) (1080 -3072 0 ) (1098.392334 -3072 0 ) (1098.392334 -4036 0 ) 
5 330 331 0 (1080 -3072 0 ) (1080 -4036 0 ) (1080 -4096 4.705874 ) (1080 -4096 159 ) (1080 -3072 159 ) 
4 331 494 0 (1024 -3888 159 ) (1024 -3072 159 ) (1024 -3072 0 ) (1024 -3888 0 ) 
4 331 500 0 (1024 -4096 0 ) (1024 -4096 159 ) (1024 -3888 159 ) (1024 -3888 0 ) 
4 331 353 0 (1024 -4096 159 ) (1024 -4096 0 ) (1080 -4096 0 ) (1080 -4096 159 ) 
4 331 339 0 (1080 -4096 0 ) (1024 -4096 0 ) (1024 -3072 0 ) (1080 -3072 0 ) 
4 332 336 0 (1450.392334 -3072 -48 ) (1450.392334 -3388.389160 -48 ) (1450.392334 -3388.389160 0 ) (1450.392334 -3072 0 ) 
4 332 333 0 (1450.392334 -3388.389160 0 ) (1450.392334 -3388.389160 -48 ) (1460.925049 -3388.389160 -48 ) (1460.925049 -3388.389160 0 ) 
4 333 336 0 (1450.392334 -3388.389160 -48 ) (1450.392334 -3388.921875 -48 ) (1450.392334 -3388.921875 0 ) (1450.392334 -3388.389160 0 ) 
4 334 357 0 (1489.464233 -4096 0 ) (1488 -4096 0 ) (1488 -4096 -48 ) (1489.464233 -4096 -48 ) 
4 334 356 0 (2048 -4096 -48 ) (2048 -4096 0 ) (1489.464233 -4096 0 ) (1489.464233 -4096 -48 ) 
4 334 338 0 (2048 -4096 -48 ) (1488 -4096 -48 ) (1488 -3408 -48 ) (2048 -3408 -48 ) 
4 334 335 0 (1488 -3402.532715 0 ) (1488 -3402.532715 -48 ) (1488 -3424 -48 ) (1488 -4036 0 ) 
4 337 339 0 (1080 -4036 0 ) (1080 -3072 0 ) (1080 -3072 -48 ) (1080 -3424 -48 ) 
4 338 357 0 (1488 -4096 -80 ) (1489.464233 -4096 -80 ) (1489.464233 -4096 -48 ) (1488 -4096 -48 ) 
4 338 356 0 (1489.464233 -4096 -80 ) (2048 -4096 -80 ) (2048 -4096 -48 ) (1489.464233 -4096 -48 ) 
4 338 340 0 (2048 -4096 -80 ) (1488 -4096 -80 ) (1488 -3408 -80 ) (2048 -3408 -80 ) 
4 339 505 0 (1024 -3872 -48 ) (1024 -3072 -48 ) (1024 -3072 -80 ) (1024 -3872 -80 ) 
4 339 506 0 (1024 -4096 -80 ) (1024 -4096 -48 ) (1024 -3872 -48 ) (1024 -3872 -80 ) 
4 339 501 0 (1024 -4096 -48 ) (1024 -4096 0 ) (1024 -3072 0 ) (1024 -3072 -48 ) 
4 339 363 0 (1024 -4096 -48 ) (1024 -4096 -80 ) (1080 -4096 -80 ) (1080 -4096 -48 ) 
4 339 361 0 (1024 -4096 0 ) (1024 -4096 -48 ) (1080 -4096 -48 ) (1080 -4096 0 ) 
4 339 340 0 (1080 -4096 -80 ) (1024 -4096 -80 ) (1024 -3072 -80 ) (1080 -3072 -80 ) 
4 340 507 0 (1024 -4096 -1024 ) (1024 -4096 -80 ) (1024 -3072 -80 ) (1024 -3072 -1024 ) 
4 340 366 0 (1024 -4096 -80 ) (1024 -4096 -1024 ) (1489.464233 -4096 -1024 ) (1489.464233 -4096 -80 ) 
4 340 356 0 (1489.464233 -4096 -1024 ) (2048 -4096 -1024 ) (2048 -4096 -80 ) (1489.464233 -4096 -80 ) 
4 341 508 0 (1024 -5120 160 ) (1024 -5120 272 ) (1024 -4096 272 ) (1024 -4096 160 ) 
4 341 367 0 (1024 -5120 272 ) (1024 -5120 160 ) (2048 -5120 160 ) (2048 -5120 272 ) 
4 341 355 0 (1489.464233 -5120 160 ) (1024 -5120 160 ) (1024 -4615.072266 160 ) (1489.464233 -4615.072266 160 ) 
4 341 354 0 (1024 -4600.928711 160 ) (1024 -4247.072266 160 ) (1112.536011 -4247.072266 160 ) (1112.536011 -4600.928711 160 ) 
4 341 353 0 (1024 -4232.928711 160 ) (1024 -4096 160 ) (1080 -4096 160 ) (1080 -4232.928711 160 ) 
4 341 350 0 (1112.536011 -4232.928711 160 ) (1112.536011 -4247.072266 160 ) (1111.464233 -4247.072266 160 ) (1111.464233 -4232.928711 160 ) 
4 341 348 0 (1080 -4096 160 ) (1112.536011 -4096 160 ) (1112.536011 -4232.928711 160 ) (1080 -4232.928711 160 ) 
4 341 345 0 (1112.536011 -4096 160 ) (1450.392334 -4096 160 ) (1450.392334 -4600.928711 160 ) (1112.536011 -4600.928711 160 ) 
4 341 344 0 (1464.536011 -4096 160 ) (1488 -4096 160 ) (1488 -4600.928711 160 ) (1464.536011 -4600.928711 160 ) 
4 341 343 0 (1488 -4096 160 ) (1489.464233 -4096 160 ) (1489.464233 -4600.928711 160 ) (1488 -4600.928711 160 ) 
4 341 342 0 (2048 -5120 160 ) (1489.464233 -5120 160 ) (1489.464233 -4096 160 ) (2048 -4096 160 ) 
4 342 367 0 (1489.464233 -5120 0 ) (2048 -5120 0 ) (2048 -5120 160 ) (1489.464233 -5120 160 ) 
4 342 356 0 (2048 -5120 0 ) (1489.464233 -5120 0 ) (1489.464233 -4096 0 ) (2048 -4096 0 ) 
4 342 355 0 (1489.464233 -4615.072266 0 ) (1489.464233 -5120 0 ) (1489.464233 -5120 160 ) (1489.464233 -4615.072266 160 ) 
4 342 343 0 (1489.464233 -4096 0 ) (1489.464233 -4600.928711 0 ) (1489.464233 -4600.928711 160 ) (1489.464233 -4096 160 ) 
4 343 357 0 (1488 -4096 0 ) (1489.464233 -4096 0 ) (1489.464233 -4600.928711 0 ) (1488 -4600.928711 0 ) 
3 343 346 0 (1488 -4240 16 ) (1488 -4096 16 ) (1488 -4096 4.705873 ) 
4 343 344 0 (1488 -4600.928711 16 ) (1488 -4600.928711 160 ) (1488 -4096 160 ) (1488 -4096 16 ) 
4 344 346 0 (1464.536011 -4096 16 ) (1488 -4096 16 ) (1488 -4240 16 ) (1464.536011 -4240 16 ) 
4 345 354 0 (1112.536011 -4600.928711 16 ) (1112.536011 -4600.928711 160 ) (1112.536011 -4247.072266 160 ) (1112.536011 -4247.072266 16 ) 
3 345 352 0 (1112.536011 -4240 16 ) (1112.536011 -4247.072266 16 ) (1112.536011 -4247.072266 16.554676 ) 
5 345 351 0 (1112.536011 -4234 16 ) (1112.536011 -4240 16 ) (1112.536011 -4247.072266 16.554676 ) (1112.536011 -4247.072266 159 ) (1112.536011 -4234 159 ) 
4 345 350 0 (1112.536011 -4247.072266 160 ) (1112.536011 -4232.928711 160 ) (1112.536011 -4232.928711 159 ) (1112.536011 -4247.072266 159 ) 
4 345 348 0 (1112.536011 -4232.928711 160 ) (1112.536011 -4096 160 ) (1112.536011 -4096 159 ) (1112.536011 -4232.928711 159 ) 
4 345 347 0 (1112.536011 -4240 16 ) (1112.536011 -4096 16 ) (1450.392334 -4096 16 ) (1450.392334 -4240 16 ) 
3 347 351 0 (1112.536011 -4240 16 ) (1112.536011 -4234 16 ) (1112.536011 -4234 15.529411 ) 
4 348 353 0 (1080 -4232.928711 159 ) (1080 -4232.928711 160 ) (1080 -4096 160 ) (1080 -4096 159 ) 
4 348 350 0 (1111.464233 -4232.928711 159 ) (1112.536011 -4232.928711 159 ) (1112.536011 -4232.928711 160 ) (1111.464233 -4232.928711 160 ) 
4 348 349 0 (1098.392334 -4232.928711 159 ) (1080 -4232.928711 159 ) (1080 -4096 159 ) (1098.392334 -4096 159 ) 
4 349 353 0 (1080 -4232.928711 15.445389 ) (1080 -4232.928711 159 ) (1080 -4096 159 ) (1080 -4096 4.705873 ) 
4 350 354 0 (1112.536011 -4247.072266 159 ) (1112.536011 -4247.072266 160 ) (1111.464233 -4247.072266 160 ) (1111.464233 -4247.072266 159 ) 
4 350 351 0 (1112.536011 -4247.072266 159 ) (1111.464233 -4247.072266 159 ) (1111.464233 -4234 159 ) (1112.536011 -4234 159 ) 
4 351 354 0 (1112.536011 -4247.072266 16.554682 ) (1112.536011 -4247.072266 159 ) (1111.464233 -4247.072266 159 ) (1111.464233 -4247.072266 16.554684 ) 
4 351 352 0 (1112.536011 -4247.072266 16.555130 ) (1111.464233 -4247.072266 16.555130 ) (1111.464233 -4239.994629 16 ) (1112.536011 -4239.994629 16 ) 
4 352 354 0 (1112.536011 -4247.072266 16 ) (1112.536011 -4247.072266 16.554682 ) (1111.464233 -4247.072266 16.554684 ) (1111.464233 -4247.072266 16 ) 
4 353 509 0 (1024 -4232.928711 160 ) (1024 -4096 160 ) (1024 -4096 0 ) (1024 -4232.928711 0 ) 
4 353 361 0 (1024 -4232.928711 0 ) (1024 -4096 0 ) (1080 -4096 0 ) (1080 -4232.928711 0 ) 
4 354 510 0 (1024 -4600.928711 160 ) (1024 -4247.072266 160 ) (1024 -4247.072266 16 ) (1024 -4600.928711 16 ) 
4 355 511 0 (1024 -5120 0 ) (1024 -5120 160 ) (1024 -4615.072266 160 ) (1024 -4615.072266 0 ) 
4 355 367 0 (1024 -5120 160 ) (1024 -5120 0 ) (1489.464233 -5120 0 ) (1489.464233 -5120 160 ) 
4 355 365 0 (1489.464233 -5120 0 ) (1024 -5120 0 ) (1024 -4615.072266 0 ) (1489.464233 -4615.072266 0 ) 
4 356 368 0 (1489.464233 -5120 -1024 ) (2048 -5120 -1024 ) (2048 -5120 0 ) (1489.464233 -5120 0 ) 
4 356 358 0 (1489.464233 -4600.928711 -48 ) (1489.464233 -4600.928711 -80 ) (1489.464233 -4615.072266 -80 ) (1489.464233 -4615.072266 -48 ) 
4 356 357 0 (1489.464233 -4600.928711 0 ) (1489.464233 -4096 0 ) (1489.464233 -4096 -80 ) (1489.464233 -4600.928711 -80 ) 
4 356 365 0 (1489.464233 -5120 -80 ) (1489.464233 -5120 0 ) (1489.464233 -4615.072266 0 ) (1489.464233 -4615.072266 -80 ) 
4 356 366 0 (1489.464233 -4096 -1024 ) (1489.464233 -5120 -1024 ) (1489.464233 -5120 -80 ) (1489.464233 -4096 -80 ) 
4 357 364 0 (1488 -4240 -80 ) (1488 -4600.928711 -80 ) (1488 -4600.928711 -48 ) (1488 -4240 -48 ) 
4 357 359 0 (1488 -4600.928711 -48 ) (1488 -4600.928711 -16 ) (1488 -4240 -16 ) (1488 -4240 -48 ) 
4 357 358 0 (1488 -4600.928711 -48 ) (1488 -4600.928711 -80 ) (1489.464233 -4600.928711 -80 ) (1489.464233 -4600.928711 -48 ) 
4 357 366 0 (1488 -4096 -80 ) (1489.464233 -4096 -80 ) (1489.464233 -4600.928711 -80 ) (1488 -4600.928711 -80 ) 
4 358 364 0 (1488 -4600.928711 -80 ) (1488 -4615.072266 -80 ) (1488 -4615.072266 -48 ) (1488 -4600.928711 -48 ) 
4 358 365 0 (1488 -4615.072266 -80 ) (1489.464233 -4615.072266 -80 ) (1489.464233 -4615.072266 -48 ) (1488 -4615.072266 -48 ) 
4 358 366 0 (1489.464233 -4600.928711 -80 ) (1489.464233 -4615.072266 -80 ) (1488 -4615.072266 -80 ) (1488 -4600.928711 -80 ) 
4 359 364 0 (1488 -4240 -48 ) (1488 -4600.928711 -48 ) (1464.536011 -4600.928711 -48 ) (1464.536011 -4240 -48 ) 
4 360 364 0 (1450.392334 -4600.928711 -48 ) (1111.464233 -4600.928711 -48 ) (1111.464233 -4240 -48 ) (1450.392334 -4240 -48 ) 
4 360 362 0 (1111.464233 -4247.072266 -48 ) (1111.464233 -4600.928711 -48 ) (1111.464233 -4600.928711 -16 ) (1111.464233 -4247.072266 -16 ) 
4 361 512 0 (1024 -4232.928711 0 ) (1024 -4096 0 ) (1024 -4096 -48 ) (1024 -4232.928711 -48 ) 
4 361 363 0 (1024 -4096 -48 ) (1080 -4096 -48 ) (1080 -4232.928711 -48 ) (1024 -4232.928711 -48 ) 
4 362 513 0 (1024 -4247.072266 -16 ) (1024 -4247.072266 -48 ) (1024 -4600.928711 -48 ) (1024 -4600.928711 -16 ) 
4 362 364 0 (1111.464233 -4247.072266 -48 ) (1111.464233 -4600.928711 -48 ) (1024 -4600.928711 -48 ) (1024 -4247.072266 -48 ) 
4 363 515 0 (1024 -4096 -48 ) (1024 -4096 -80 ) (1024 -4240 -80 ) (1024 -4240 -48 ) 
4 363 364 0 (1024 -4240 -80 ) (1080 -4240 -80 ) (1080 -4240 -48 ) (1024 -4240 -48 ) 
4 363 366 0 (1024 -4096 -80 ) (1080 -4096 -80 ) (1080 -4240 -80 ) (1024 -4240 -80 ) 
4 364 515 0 (1024 -4240 -80 ) (1024 -4615.072266 -80 ) (1024 -4615.072266 -48 ) (1024 -4240 -48 ) 
4 364 365 0 (1024 -4615.072266 -80 ) (1488 -4615.072266 -80 ) (1488 -4615.072266 -48 ) (1024 -4615.072266 -48 ) 
4 364 366 0 (1488 -4240 -80 ) (1488 -4615.072266 -80 ) (1024 -4615.072266 -80 ) (1024 -4240 -80 ) 
4 365 515 0 (1024 -5120 -80 ) (1024 -5120 -48 ) (1024 -4615.072266 -48 ) (1024 -4615.072266 -80 ) 
4 365 514 0 (1024 -5120 -48 ) (1024 -5120 0 ) (1024 -4615.072266 0 ) (1024 -4615.072266 -48 ) 
4 365 368 0 (1024 -5120 0 ) (1024 -5120 -80 ) (1489.464233 -5120 -80 ) (1489.464233 -5120 0 ) 
4 365 366 0 (1489.464233 -4615.072266 -80 ) (1489.464233 -5120 -80 ) (1024 -5120 -80 ) (1024 -4615.072266 -80 ) 
4 366 515 0 (1024 -5120 -1024 ) (1024 -5120 -80 ) (1024 -4096 -80 ) (1024 -4096 -1024 ) 
4 366 368 0 (1024 -5120 -80 ) (1024 -5120 -1024 ) (1489.464233 -5120 -1024 ) (1489.464233 -5120 -80 ) 
4 367 516 0 (1024 -5120 272 ) (1024 -5120 0 ) (1024 -5376 0 ) (1024 -5376 272 ) 
4 367 368 0 (1024 -5376 0 ) (1024 -5120 0 ) (2048 -5120 0 ) (2048 -5376 0 ) 
4 368 517 0 (1024 -5376 -1024 ) (1024 -5376 0 ) (1024 -5120 0 ) (1024 -5120 -1024 ) 
4 369 518 0 (0 4096 0 ) (0 4096 272 ) (0 4624 272 ) (0 4624 0 ) 
4 369 371 0 (0 4096 272 ) (0 4096 0 ) (1024 4096 0 ) (1024 4096 272 ) 
4 369 370 0 (1024 4096 0 ) (0 4096 0 ) (0 4624 0 ) (1024 4624 0 ) 
4 370 519 0 (0 4096 -1024 ) (0 4096 0 ) (0 4624 0 ) (0 4624 -1024 ) 
4 370 372 0 (0 4096 0 ) (0 4096 -1024 ) (1024 4096 -1024 ) (1024 4096 0 ) 
4 371 520 0 (0 3072 0 ) (0 3072 272 ) (0 4096 272 ) (0 4096 0 ) 
4 371 373 0 (0 3072 272 ) (0 3072 0 ) (1024 3072 0 ) (1024 3072 272 ) 
4 371 372 0 (1024 3072 0 ) (0 3072 0 ) (0 4096 0 ) (1024 4096 0 ) 
4 372 521 0 (0 3072 -1024 ) (0 3072 0 ) (0 4096 0 ) (0 4096 -1024 ) 
4 372 374 0 (0 3072 0 ) (0 3072 -1024 ) (1024 3072 -1024 ) (1024 3072 0 ) 
4 373 522 0 (0 2048 0 ) (0 2048 272 ) (0 3072 272 ) (0 3072 0 ) 
4 373 380 0 (0 2048 96 ) (0 2048 0 ) (1024 2048 0 ) (1024 2048 96 ) 
4 373 375 0 (0 2048 272 ) (0 2048 96 ) (1024 2048 96 ) (1024 2048 272 ) 
4 373 374 0 (1024 2048 0 ) (0 2048 0 ) (0 3072 0 ) (1024 3072 0 ) 
4 374 523 0 (0 2048 -1024 ) (0 2048 0 ) (0 3072 0 ) (0 3072 -1024 ) 
4 374 395 0 (0 2048 -64 ) (0 2048 -1024 ) (1024 2048 -1024 ) (1024 2048 -64 ) 
4 374 394 0 (0 2048 -48 ) (0 2048 -64 ) (1024 2048 -64 ) (1024 2048 -48 ) 
4 374 390 0 (0 2048 0 ) (0 2048 -48 ) (256 2048 -48 ) (256 2048 0 ) 
4 374 385 0 (256 2048 -48 ) (1024 2048 -48 ) (1024 2048 0 ) (256 2048 0 ) 
4 375 524 0 (0 1424 272 ) (0 2048 272 ) (0 2048 96 ) (0 1424 96 ) 
4 375 380 0 (0 1424 96 ) (0 2048 96 ) (1024 2048 96 ) (1024 1424 96 ) 
5 376 525 0 (0 1024 218.857178 ) (0 1024 272 ) (0 1408 272 ) (0 1408 96 ) (0 1253.333374 96 ) 
4 376 396 0 (0 1024 272 ) (0 1024 218.857178 ) (1024 1024 218.857178 ) (1024 1024 272 ) 
4 376 381 0 (0 1253.333374 96 ) (0 1408 96 ) (1024 1408 96 ) (1024 1253.333374 96 ) 
4 376 379 0 (222.856995 1024 218.857635 ) (0 1024 218.857635 ) (0 1104 176 ) (240 1104 176 ) 
4 376 378 0 (0 1248 98.856476 ) (0 1253.332031 96 ) (272 1253.332031 96 ) (270.857452 1248 98.856476 ) 
4 376 377 0 (1024 1024 218.857620 ) (222.856995 1024 218.857635 ) (272 1253.332031 96 ) (1024 1253.332031 96 ) 
4 377 397 0 (272 1024 96 ) (1024 1024 96 ) (1024 1024 133.142792 ) (257.142914 1024 133.142792 ) 
4 377 396 0 (1024 1024 133.142792 ) (1024 1024 218.857178 ) (222.857178 1024 218.857178 ) (257.142914 1024 133.142792 ) 
4 377 382 0 (1024 1024 96 ) (272 1024 96 ) (272 1232 96 ) (1024 1232 96 ) 
4 377 381 0 (272 1232 96 ) (272 1253.333374 96 ) (1024 1253.333374 96 ) (1024 1232 96 ) 
3 377 379 0 (222.856262 1024 218.854462 ) (239.998581 1103.997559 175.998611 ) (257.140900 1024 133.142792 ) 
3 377 378 0 (270.856262 1248 98.854355 ) (271.998016 1253.328125 96 ) (271.998016 1248 96 ) 
3 378 527 0 (0 1248 98.857170 ) (0 1253.333374 96 ) (0 1248 96 ) 
4 378 381 0 (0 1248 96 ) (0 1253.333374 96 ) (272 1253.333374 96 ) (272 1248 96 ) 
4 379 528 0 (0 1024 133.142792 ) (0 1024 216 ) (0 1029.333496 216 ) (0 1104 176 ) 
3 379 526 0 (0 1024 216 ) (0 1024 218.857178 ) (0 1029.333496 216 ) 
4 379 396 0 (0 1024 218.857178 ) (0 1024 133.142792 ) (257.142914 1024 133.142792 ) (222.857178 1024 218.857178 ) 
4 380 529 0 (0 1424 96 ) (0 2048 96 ) (0 2048 0 ) (0 1424 0 ) 
4 380 390 0 (0 1424 0 ) (0 2048 0 ) (256 2048 0 ) (256 1424 0 ) 
4 380 385 0 (256 2048 0 ) (1024 2048 0 ) (1024 1424 0 ) (256 1424 0 ) 
4 381 530 0 (0 1232 96 ) (0 1408 96 ) (0 1408 0 ) (0 1232 0 ) 
4 381 391 0 (0 1232 0 ) (0 1408 0 ) (256 1408 0 ) (256 1232 0 ) 
4 381 387 0 (1024 1320 0 ) (1024 1232 0 ) (256 1232 0 ) (256 1320 0 ) 
4 381 386 0 (256 1408 0 ) (1024 1408 0 ) (1024 1320 0 ) (256 1320 0 ) 
4 381 382 0 (256 1232 0 ) (1024 1232 0 ) (1024 1232 96 ) (256 1232 96 ) 
4 382 404 0 (256 1024 0 ) (1024 1024 0 ) (1024 1024 96 ) (256 1024 96 ) 
4 382 387 0 (1024 1024 0 ) (256 1024 0 ) (256 1232 0 ) (1024 1232 0 ) 
4 382 383 0 (256 1136 0 ) (256 1072 0 ) (256 1072 36 ) (256 1136 36 ) 
4 383 392 0 (240 1072 0 ) (240 1136 0 ) (256 1136 0 ) (256 1072 0 ) 
4 383 384 0 (240 1136 0 ) (240 1072 0 ) (240 1072 36 ) (240 1136 36 ) 
4 384 531 0 (0 1024 0 ) (0 1024 96 ) (0 1216 96 ) (0 1216 0 ) 
4 384 405 0 (0 1024 96 ) (0 1024 0 ) (240 1024 0 ) (240 1024 96 ) 
4 384 393 0 (240 1024 0 ) (0 1024 0 ) (0 1216 0 ) (240 1216 0 ) 
4 385 394 0 (256 1424 -48 ) (256 2048 -48 ) (1024 2048 -48 ) (1024 1424 -48 ) 
4 385 390 0 (256 2048 -48 ) (256 1424 -48 ) (256 1424 0 ) (256 2048 0 ) 
4 386 391 0 (256 1408 -48 ) (256 1320 -48 ) (256 1320 0 ) (256 1408 0 ) 
4 386 388 0 (576 1320 -48 ) (1024 1320 -48 ) (1024 1320 -47 ) (576 1320 -47 ) 
4 386 389 0 (256 1320 -47 ) (256 1320 -48 ) (384 1320 -48 ) (384 1320 -47 ) 
4 386 387 0 (256 1320 0 ) (256 1320 -47 ) (1024 1320 -47 ) (1024 1320 0 ) 
4 387 422 0 (576 1024 0 ) (384 1024 0 ) (384 1024 -47 ) (576 1024 -47 ) 
4 387 423 0 (384 1024 0 ) (256 1024 0 ) (256 1024 -47 ) (384 1024 -47 ) 
4 387 412 0 (1024 1024 -47 ) (1024 1024 0 ) (576 1024 0 ) (576 1024 -47 ) 
4 387 392 0 (256 1072 0 ) (256 1136 0 ) (256 1136 -44 ) (256 1072 -44 ) 
4 387 391 0 (256 1232 0 ) (256 1320 0 ) (256 1320 -47 ) (256 1232 -47 ) 
4 387 388 0 (1024 1024 -47 ) (576 1024 -47 ) (576 1320 -47 ) (1024 1320 -47 ) 
4 387 389 0 (384 1024 -47 ) (256 1024 -47 ) (256 1320 -47 ) (384 1320 -47 ) 
4 388 412 0 (576 1024 -48 ) (1024 1024 -48 ) (1024 1024 -47 ) (576 1024 -47 ) 
4 389 423 0 (256 1024 -48 ) (384 1024 -48 ) (384 1024 -47 ) (256 1024 -47 ) 
4 389 391 0 (256 1320 -48 ) (256 1232 -48 ) (256 1232 -47 ) (256 1320 -47 ) 
4 390 534 0 (0 1424 0 ) (0 2048 0 ) (0 2048 -48 ) (0 1424 -48 ) 
4 390 394 0 (0 1424 -48 ) (0 2048 -48 ) (256 2048 -48 ) (256 1424 -48 ) 
4 391 535 0 (0 1232 0 ) (0 1408 0 ) (0 1408 -48 ) (0 1232 -48 ) 
4 392 393 0 (240 1136 -44 ) (240 1072 -44 ) (240 1072 0 ) (240 1136 0 ) 
4 393 536 0 (0 1024 -44 ) (0 1024 0 ) (0 1216 0 ) (0 1216 -44 ) 
4 393 424 0 (0 1024 0 ) (0 1024 -44 ) (240 1024 -44 ) (240 1024 0 ) 
4 394 539 0 (0 1408 -48 ) (0 2048 -48 ) (0 2048 -64 ) (0 1408 -64 ) 
4 394 395 0 (0 1408 -64 ) (0 2048 -64 ) (1024 2048 -64 ) (1024 1408 -64 ) 
4 395 541 0 (0 1024 -1024 ) (0 1024 -64 ) (0 2048 -64 ) (0 2048 -1024 ) 
4 395 430 0 (0 1024 -64 ) (0 1024 -1024 ) (1024 1024 -1024 ) (1024 1024 -64 ) 
5 396 542 0 (0 1024 272 ) (0 1024 133.142792 ) (0 954.666809 96 ) (0 885.333313 96 ) (0 556.799988 272 ) 
4 396 406 0 (0 885.333313 96 ) (0 954.666809 96 ) (1024 954.666809 96 ) (1024 885.333313 96 ) 
4 396 402 0 (704 885.335999 96 ) (1024 885.335999 96 ) (1022.856567 880 98.858566 ) (705.143433 880 98.858566 ) 
4 396 401 0 (0 736.001221 176 ) (0 885.335999 96 ) (704 885.335999 96 ) (736 736.001160 176 ) 
3 396 400 0 (1024 885.335999 96 ) (1024 736.001160 176 ) (992 736.001160 176 ) 
4 396 399 0 (0 556.802002 272 ) (0 736.001221 176 ) (1024 736.001160 176 ) (1024 556.802002 272 ) 
4 396 397 0 (257.141968 1024 133.145157 ) (1024 1024 133.145157 ) (1024 960 98.859818 ) (270.856079 960 98.859818 ) 
4 396 398 0 (1024 954.661621 96 ) (0 954.661621 96 ) (0 960 98.859818 ) (1024 960 98.859818 ) 
4 397 404 0 (272 1024 96 ) (1024 1024 96 ) (1024 976 96 ) (272 976 96 ) 
4 397 406 0 (1024 976 96 ) (1024 960 96 ) (272 960 96 ) (272 976 96 ) 
4 397 398 0 (272 960 96 ) (1024 960 96 ) (1024 960 98.859375 ) (270.856323 960 98.859375 ) 
3 398 545 0 (0 960 96 ) (0 954.666809 96 ) (0 960 98.857071 ) 
4 398 406 0 (0 954.666809 96 ) (0 960 96 ) (1024 960 96 ) (1024 954.666809 96 ) 
5 399 542 0 (0 0 96 ) (0 0 272 ) (0 556.799988 272 ) (0 736 176 ) (0 586.666687 96 ) 
4 399 431 0 (0 0 272 ) (0 0 96 ) (1024 0 96 ) (1024 0 272 ) 
4 399 411 0 (1024 0 96 ) (0 0 96 ) (0 586.666687 96 ) (1024 586.666687 96 ) 
4 399 403 0 (1024 586.665833 96 ) (704 586.665833 96 ) (705.143066 592 98.857635 ) (1022.856934 592 98.857635 ) 
4 399 401 0 (704 586.665833 96 ) (0 586.665833 96 ) (0 735.996033 176 ) (736 735.996033 176 ) 
3 399 400 0 (1024 586.665833 96 ) (992 735.996033 176 ) (1024 735.996033 176 ) 
3 400 402 0 (1022.857727 880 98.853767 ) (1024 885.327026 96 ) (1024 880 96 ) 
3 400 403 0 (1024 586.666138 96 ) (1022.857178 592 98.857300 ) (1024 592 96 ) 
3 401 542 0 (0 736 176 ) (0 885.333313 96 ) (0 586.666687 96 ) 
4 401 410 0 (0 608 96 ) (0 864 96 ) (704 864 96 ) (704 608 96 ) 
4 401 411 0 (0 586.666687 96 ) (0 608 96 ) (704 608 96 ) (704 586.666687 96 ) 
4 401 406 0 (0 864 96 ) (0 885.333313 96 ) (704 885.333313 96 ) (704 864 96 ) 
3 401 402 0 (704 885.336365 96 ) (705.142822 880 98.858711 ) (704 880 96 ) 
3 401 403 0 (705.142334 592 98.857689 ) (704 586.665649 96 ) (704 592 96 ) 
4 402 406 0 (704 885.333313 96 ) (1024 885.333313 96 ) (1024 880 96 ) (704 880 96 ) 
4 403 411 0 (1024 592 96 ) (1024 586.666687 96 ) (704 586.666687 96 ) (704 592 96 ) 
4 404 422 0 (384 1024 0 ) (576 1024 0 ) (576 976 0 ) (384 976 0 ) 
4 404 423 0 (256 1024 0 ) (384 1024 0 ) (384 976 0 ) (256 976 0 ) 
4 404 412 0 (576 1024 0 ) (1024 1024 0 ) (1024 976 0 ) (576 976 0 ) 
4 404 406 0 (256 976 0 ) (1024 976 0 ) (1024 976 96 ) (256 976 96 ) 
4 405 547 0 (0 992 96 ) (0 1024 96 ) (0 1024 0 ) (0 992 0 ) 
4 405 424 0 (0 992 0 ) (0 1024 0 ) (240 1024 0 ) (240 992 0 ) 
4 406 549 0 (0 864 96 ) (0 976 96 ) (0 976 0 ) (0 864 0 ) 
4 406 425 0 (0 864 0 ) (0 976 0 ) (576 976 0 ) (576 864 0 ) 
4 406 412 0 (576 976 0 ) (1024 976 0 ) (1024 864 0 ) (576 864 0 ) 
4 406 407 0 (1008 864 0 ) (1024 864 0 ) (1024 864 96 ) (1008 864 96 ) 
4 406 410 0 (0 864 0 ) (720 864 0 ) (720 864 96 ) (0 864 96 ) 
4 407 413 0 (1008 864 0 ) (1024 864 0 ) (1024 608 0 ) (1008 608 0 ) 
4 407 411 0 (1008 608 0 ) (1024 608 0 ) (1024 608 96 ) (1008 608 96 ) 
4 408 414 0 (992 848 0 ) (992 624 0 ) (736 624 0 ) (736 848 0 ) 
4 408 409 0 (736 768 0 ) (736 704 0 ) (736 704 36 ) (736 768 36 ) 
4 409 415 0 (736 768 0 ) (736 704 0 ) (720 704 0 ) (720 768 0 ) 
4 409 410 0 (720 768 0 ) (720 704 0 ) (720 704 36 ) (720 768 36 ) 
4 410 549 0 (0 608 96 ) (0 864 96 ) (0 864 0 ) (0 608 0 ) 
4 410 425 0 (0 608 0 ) (0 864 0 ) (576 864 0 ) (576 608 0 ) 
4 410 416 0 (576 864 0 ) (720 864 0 ) (720 608 0 ) (576 608 0 ) 
4 410 411 0 (0 608 0 ) (720 608 0 ) (720 608 96 ) (0 608 96 ) 
4 411 549 0 (0 0 0 ) (0 0 96 ) (0 608 96 ) (0 608 0 ) 
4 411 431 0 (0 0 96 ) (0 0 0 ) (1024 0 0 ) (1024 0 96 ) 
4 411 425 0 (576 0 0 ) (0 0 0 ) (0 608 0 ) (576 608 0 ) 
4 411 418 0 (812 0 0 ) (576 0 0 ) (576 608 0 ) (812 608 0 ) 
4 411 417 0 (1024 0 0 ) (812 0 0 ) (812 608 0 ) (1024 608 0 ) 
4 412 425 0 (576 864 -47 ) (576 864 0 ) (576 976 0 ) (576 976 -47 ) 
4 412 422 0 (576 976 -47 ) (576 976 0 ) (576 1024 0 ) (576 1024 -47 ) 
4 412 413 0 (1008 864 -48 ) (1024 864 -48 ) (1024 864 0 ) (1008 864 0 ) 
4 412 416 0 (576 864 0 ) (576 864 -48 ) (720 864 -48 ) (720 864 0 ) 
4 413 417 0 (1008 608 -48 ) (1024 608 -48 ) (1024 608 0 ) (1008 608 0 ) 
4 414 415 0 (736 768 -44 ) (736 704 -44 ) (736 704 0 ) (736 768 0 ) 
4 415 416 0 (720 768 -44 ) (720 704 -44 ) (720 704 0 ) (720 768 0 ) 
4 416 425 0 (576 608 -47 ) (576 608 0 ) (576 864 0 ) (576 864 -47 ) 
4 416 419 0 (576 608 -47 ) (576 608 -48 ) (720 608 -48 ) (720 608 -47 ) 
4 416 418 0 (576 608 0 ) (576 608 -47 ) (720 608 -47 ) (720 608 0 ) 
4 417 433 0 (812 0 -48 ) (1024 0 -48 ) (1024 0 -47 ) (812 0 -47 ) 
4 417 432 0 (1024 0 -47 ) (1024 0 0 ) (812 0 0 ) (812 0 -47 ) 
4 417 421 0 (812 68 -48 ) (812 0 -48 ) (812 0 -47 ) (812 68 -47 ) 
4 417 420 0 (812 324 -48 ) (812 164 -48 ) (812 164 -47 ) (812 324 -47 ) 
4 417 419 0 (812 608 -47 ) (812 608 -48 ) (812 420 -48 ) (812 420 -47 ) 
4 417 418 0 (812 608 0 ) (812 608 -47 ) (812 0 -47 ) (812 0 0 ) 
4 418 432 0 (812 0 -47 ) (812 0 0 ) (576 0 0 ) (576 0 -47 ) 
4 418 425 0 (576 0 -47 ) (576 0 0 ) (576 608 0 ) (576 608 -47 ) 
4 418 421 0 (576 0 -47 ) (576 68 -47 ) (812 68 -47 ) (812 0 -47 ) 
4 418 420 0 (576 164 -47 ) (576 324 -47 ) (812 324 -47 ) (812 164 -47 ) 
4 418 419 0 (576 420 -47 ) (576 608 -47 ) (812 608 -47 ) (812 420 -47 ) 
4 421 434 0 (576 0 -48 ) (812 0 -48 ) (812 0 -47 ) (576 0 -47 ) 
4 422 425 0 (576 976 -47 ) (576 976 0 ) (384 976 0 ) (384 976 -47 ) 
4 422 423 0 (384 976 -47 ) (384 976 0 ) (384 1024 0 ) (384 1024 -47 ) 
4 423 426 0 (256 976 -48 ) (384 976 -48 ) (384 976 -47 ) (256 976 -47 ) 
4 423 425 0 (384 976 -47 ) (384 976 0 ) (256 976 0 ) (256 976 -47 ) 
4 424 551 0 (0 992 0 ) (0 1024 0 ) (0 1024 -44 ) (0 992 -44 ) 
4 425 552 0 (0 0 -47 ) (0 0 0 ) (0 976 0 ) (0 976 -47 ) 
4 425 432 0 (0 0 0 ) (0 0 -47 ) (576 0 -47 ) (576 0 0 ) 
4 425 428 0 (384 68 -47 ) (384 0 -47 ) (148 0 -47 ) (148 68 -47 ) 
4 425 427 0 (384 324 -47 ) (384 164 -47 ) (148 164 -47 ) (148 324 -47 ) 
4 425 426 0 (148 976 -47 ) (384 976 -47 ) (384 420 -47 ) (148 420 -47 ) 
4 425 429 0 (0 976 -47 ) (148 976 -47 ) (148 0 -47 ) (0 0 -47 ) 
4 426 429 0 (148 420 -47 ) (148 976 -47 ) (148 976 -48 ) (148 420 -48 ) 
4 427 429 0 (148 164 -47 ) (148 324 -47 ) (148 324 -48 ) (148 164 -48 ) 
4 428 438 0 (148 0 -48 ) (384 0 -48 ) (384 0 -47 ) (148 0 -47 ) 
4 428 429 0 (148 0 -47 ) (148 68 -47 ) (148 68 -48 ) (148 0 -48 ) 
4 429 552 0 (0 0 -48 ) (0 0 -47 ) (0 976 -47 ) (0 976 -48 ) 
4 429 442 0 (0 0 -47 ) (0 0 -48 ) (148 0 -48 ) (148 0 -47 ) 
4 430 556 0 (0 0 -1024 ) (0 0 -64 ) (0 1024 -64 ) (0 1024 -1024 ) 
4 430 443 0 (0 0 -64 ) (0 0 -1024 ) (1024 0 -1024 ) (1024 0 -64 ) 
4 431 558 0 (0 -1024 0 ) (0 -1024 272 ) (0 0 272 ) (0 0 0 ) 
4 431 445 0 (0 -1024 272 ) (0 -1024 0 ) (1024 -1024 0 ) (1024 -1024 272 ) 
4 431 432 0 (1024 -1024 0 ) (0 -1024 0 ) (0 0 0 ) (1024 0 0 ) 
4 432 564 0 (0 -1024 -47 ) (0 -1024 0 ) (0 0 0 ) (0 0 -47 ) 
4 432 459 0 (0 -1024 0 ) (0 -1024 -47 ) (384 -1024 -47 ) (384 -1024 0 ) 
4 432 458 0 (384 -1024 -47 ) (576 -1024 -47 ) (576 -1024 0 ) (384 -1024 0 ) 
4 432 457 0 (576 -1024 -47 ) (1024 -1024 -47 ) (1024 -1024 0 ) (576 -1024 0 ) 
4 432 441 0 (384 -1024 -47 ) (148 -1024 -47 ) (148 -700 -47 ) (384 -700 -47 ) 
4 432 440 0 (148 -604 -47 ) (148 -444 -47 ) (384 -444 -47 ) (384 -604 -47 ) 
4 432 439 0 (148 -348 -47 ) (148 -188 -47 ) (384 -188 -47 ) (384 -348 -47 ) 
4 432 438 0 (148 -92 -47 ) (148 0 -47 ) (384 0 -47 ) (384 -92 -47 ) 
4 432 435 0 (576 -348 -47 ) (576 -188 -47 ) (812 -188 -47 ) (812 -348 -47 ) 
4 432 436 0 (576 -604 -47 ) (576 -444 -47 ) (812 -444 -47 ) (812 -604 -47 ) 
4 432 434 0 (576 -92 -47 ) (576 0 -47 ) (812 0 -47 ) (812 -92 -47 ) 
4 432 437 0 (812 -1024 -47 ) (576 -1024 -47 ) (576 -700 -47 ) (812 -700 -47 ) 
4 432 442 0 (148 -1024 -47 ) (0 -1024 -47 ) (0 0 -47 ) (148 0 -47 ) 
4 432 433 0 (1024 -1024 -47 ) (812 -1024 -47 ) (812 0 -47 ) (1024 0 -47 ) 
4 433 457 0 (812 -1024 -48 ) (1024 -1024 -48 ) (1024 -1024 -47 ) (812 -1024 -47 ) 
4 433 435 0 (812 -188 -48 ) (812 -348 -48 ) (812 -348 -47 ) (812 -188 -47 ) 
4 433 436 0 (812 -444 -48 ) (812 -604 -48 ) (812 -604 -47 ) (812 -444 -47 ) 
4 433 434 0 (812 0 -48 ) (812 -92 -48 ) (812 -92 -47 ) (812 0 -47 ) 
4 433 437 0 (812 -700 -48 ) (812 -1024 -48 ) (812 -1024 -47 ) (812 -700 -47 ) 
4 437 457 0 (576 -1024 -48 ) (812 -1024 -48 ) (812 -1024 -47 ) (576 -1024 -47 ) 
4 438 442 0 (148 0 -48 ) (148 -92 -48 ) (148 -92 -47 ) (148 0 -47 ) 
4 439 442 0 (148 -188 -48 ) (148 -348 -48 ) (148 -348 -47 ) (148 -188 -47 ) 
4 440 442 0 (148 -444 -48 ) (148 -604 -48 ) (148 -604 -47 ) (148 -444 -47 ) 
4 441 459 0 (148 -1024 -48 ) (384 -1024 -48 ) (384 -1024 -47 ) (148 -1024 -47 ) 
4 441 442 0 (148 -700 -48 ) (148 -1024 -48 ) (148 -1024 -47 ) (148 -700 -47 ) 
4 442 564 0 (0 -1024 -48 ) (0 -1024 -47 ) (0 0 -47 ) (0 0 -48 ) 
4 442 459 0 (0 -1024 -47 ) (0 -1024 -48 ) (148 -1024 -48 ) (148 -1024 -47 ) 
4 443 569 0 (0 -1024 -1024 ) (0 -1024 -64 ) (0 0 -64 ) (0 0 -1024 ) 
4 443 468 0 (0 -1024 -64 ) (0 -1024 -429 ) (1024 -1024 -429 ) (1024 -1024 -64 ) 
4 443 469 0 (0 -1024 -429 ) (0 -1024 -1024 ) (1024 -1024 -1024 ) (1024 -1024 -429 ) 
3 444 456 0 (1024 -1070.399902 0 ) (1024 -1296 0 ) (827.826050 -1296 0 ) 
4 444 447 0 (827.826050 -1296 0 ) (1024 -1296 0 ) (1024 -1296 272 ) (827.826050 -1296 272 ) 
4 445 570 0 (0 -1024 272 ) (0 -1024 0 ) (0 -1107.199951 0 ) (0 -1107.199951 272 ) 
5 445 459 0 (0 -1107.199951 0 ) (0 -1024 0 ) (384 -1024 0 ) (384 -1296 0 ) (164.173889 -1296 0 ) 
4 445 458 0 (384 -1024 0 ) (576 -1024 0 ) (576 -1296 0 ) (384 -1296 0 ) 
5 445 457 0 (576 -1024 0 ) (1024 -1024 0 ) (1024 -1033.599976 0 ) (795.826111 -1296 0 ) (576 -1296 0 ) 
12 445 448 0 (416 -1296 0 ) (544 -1296 0 ) (544 -1296 110 ) (540 -1296 120 ) (530 -1296 130 ) (506 -1296 142 ) (494 -1296 144 ) (466 -1296 144 ) (454 -1296 142 ) (430 -1296 130 ) (420 -1296 120 ) (416 -1296 110 ) 
4 446 575 0 (0 -1144 0 ) (0 -1296 0 ) (0 -1296 96 ) (0 -1144 96 ) 
4 446 571 0 (0 -1296 96 ) (0 -1296 272 ) (0 -1144 272 ) (0 -1144 96 ) 
3 446 460 0 (0 -1296 0 ) (0 -1144 0 ) (132.173859 -1296 0 ) 
4 446 449 0 (0 -1296 272 ) (0 -1296 0 ) (132.173859 -1296 0 ) (132.173859 -1296 272 ) 
4 447 461 0 (827.826111 -1296 0 ) (1024 -1296 0 ) (1024 -1328 0 ) (800 -1328 0 ) 
4 447 450 0 (800 -1328 0 ) (1024 -1328 0 ) (1024 -1328 272 ) (800 -1328 272 ) 
4 448 462 0 (416 -1296 0 ) (544 -1296 0 ) (544 -1328 0 ) (416 -1328 0 ) 
12 448 450 0 (416 -1328 0 ) (544 -1328 0 ) (544 -1328 110 ) (540 -1328 120 ) (530 -1328 130 ) (506 -1328 142 ) (494 -1328 144 ) (466 -1328 144 ) (454 -1328 142 ) (430 -1328 130 ) (420 -1328 120 ) (416 -1328 110 ) 
4 449 575 0 (0 -1296 96 ) (0 -1296 0 ) (0 -1328 0 ) (0 -1328 96 ) 
4 449 571 0 (0 -1296 272 ) (0 -1296 96 ) (0 -1328 96 ) (0 -1328 272 ) 
4 449 463 0 (0 -1328 0 ) (0 -1296 0 ) (132.173874 -1296 0 ) (160 -1328 0 ) 
4 449 450 0 (0 -1328 272 ) (0 -1328 0 ) (160 -1328 0 ) (160 -1328 272 ) 
4 450 575 0 (0 -1328 96 ) (0 -1328 0 ) (0 -2016.928223 0 ) (0 -2016.928223 96 ) 
4 450 571 0 (0 -1328 272 ) (0 -1328 96 ) (0 -2016.928223 96 ) (0 -2016.928223 272 ) 
4 450 464 0 (0 -2016.928223 0 ) (0 -1328 0 ) (1024 -1328 0 ) (1024 -2016.928223 0 ) 
4 450 452 0 (938 -2016.928223 160 ) (0 -2016.928223 160 ) (0 -2016.928223 96 ) (938 -2016.928223 96 ) 
4 450 451 0 (1024 -2016.928223 160 ) (1024 -2016.928223 272 ) (0 -2016.928223 272 ) (0 -2016.928223 160 ) 
4 451 572 0 (0 -2035.071777 160 ) (0 -2035.071777 272 ) (0 -2033.921875 272 ) (0 -2033.921875 160 ) 
4 451 571 0 (0 -2033.921875 272 ) (0 -2016.928223 272 ) (0 -2016.928223 160 ) (0 -2033.921875 160 ) 
4 451 453 0 (938.392334 -2035.071777 160 ) (1024 -2035.071777 160 ) (1024 -2035.071777 272 ) (938.392334 -2035.071777 272 ) 
4 451 455 0 (0 -2035.071777 272 ) (0 -2035.071777 160 ) (938.392334 -2035.071777 160 ) (938.392334 -2035.071777 272 ) 
4 451 452 0 (938 -2035.071777 160 ) (0 -2035.071777 160 ) (0 -2016.928223 160 ) (938 -2016.928223 160 ) 
4 452 573 0 (0 -2035.071777 96 ) (0 -2035.071777 159 ) (0 -2033.921875 159 ) (0 -2033.921875 96 ) 
4 452 572 0 (0 -2035.071777 159 ) (0 -2035.071777 160 ) (0 -2033.921875 160 ) (0 -2033.921875 159 ) 
4 452 571 0 (0 -2033.921875 160 ) (0 -2016.928223 160 ) (0 -2016.928223 96 ) (0 -2033.921875 96 ) 
4 452 455 0 (0 -2035.071777 160 ) (0 -2035.071777 96 ) (938 -2035.071777 96 ) (938 -2035.071777 160 ) 
4 453 486 0 (1024 -2048 159 ) (1024 -2048 272 ) (938.392334 -2048 272 ) (938.392334 -2048 159 ) 
4 453 454 0 (1024 -2048 159 ) (952.535950 -2048 159 ) (952.535950 -2035.071777 159 ) (1024 -2035.071777 159 ) 
4 453 455 0 (938.392334 -2048 272 ) (938.392334 -2035.071777 272 ) (938.392334 -2035.071777 159 ) (938.392334 -2048 159 ) 
4 454 487 0 (952.535950 -2048 0 ) (1024 -2048 0 ) (1024 -2048 159 ) (952.535950 -2048 159 ) 
4 454 465 0 (1024 -2048 0 ) (952.535950 -2048 0 ) (952.535950 -2035.071777 0 ) (1024 -2035.071777 0 ) 
4 455 576 0 (0 -2048 0 ) (0 -2048 96 ) (0 -2035.071777 96 ) (0 -2035.071777 0 ) 
4 455 573 0 (0 -2048 96 ) (0 -2048 159 ) (0 -2035.071777 159 ) (0 -2035.071777 96 ) 
4 455 572 0 (0 -2048 159 ) (0 -2048 272 ) (0 -2035.071777 272 ) (0 -2035.071777 159 ) 
4 455 488 0 (0 -2048 159 ) (0 -2048 0 ) (938.392334 -2048 0 ) (938.392334 -2048 159 ) 
4 455 486 0 (0 -2048 272 ) (0 -2048 159 ) (938.392334 -2048 159 ) (938.392334 -2048 272 ) 
4 455 466 0 (938.392334 -2048 0 ) (0 -2048 0 ) (0 -2035.071777 0 ) (938.392334 -2035.071777 0 ) 
4 456 461 0 (827.826111 -1296 -48 ) (1024 -1296 -48 ) (1024 -1296 0 ) (827.826111 -1296 0 ) 
4 457 458 0 (576 -1296 -47 ) (576 -1296 0 ) (576 -1024 0 ) (576 -1024 -47 ) 
4 458 462 0 (544 -1296 0 ) (416 -1296 0 ) (416 -1296 -47 ) (544 -1296 -47 ) 
4 458 459 0 (384 -1296 -47 ) (384 -1296 0 ) (384 -1024 0 ) (384 -1024 -47 ) 
4 459 581 0 (0 -1107.199951 0 ) (0 -1024 0 ) (0 -1024 -48 ) (0 -1107.199951 -48 ) 
4 460 582 0 (0 -1296 0 ) (0 -1144 0 ) (0 -1144 -48 ) (0 -1296 -48 ) 
4 460 463 0 (0 -1296 -48 ) (132.173859 -1296 -48 ) (132.173859 -1296 0 ) (0 -1296 0 ) 
4 461 464 0 (800 -1328 -48 ) (1024 -1328 -48 ) (1024 -1328 0 ) (800 -1328 0 ) 
4 462 464 0 (416 -1328 -48 ) (544 -1328 -48 ) (544 -1328 0 ) (416 -1328 0 ) 
4 463 582 0 (0 -1328 0 ) (0 -1296 0 ) (0 -1296 -48 ) (0 -1328 -48 ) 
4 463 464 0 (0 -1328 -48 ) (160 -1328 -48 ) (160 -1328 0 ) (0 -1328 0 ) 
4 464 582 0 (0 -2016.928223 0 ) (0 -1328 0 ) (0 -1328 -48 ) (0 -2016.928223 -48 ) 
4 465 489 0 (952.535950 -2048 -48 ) (1024 -2048 -48 ) (1024 -2048 0 ) (952.535950 -2048 0 ) 
4 465 467 0 (1024 -2048 -48 ) (960 -2048 -48 ) (960 -2035.071777 -48 ) (1024 -2035.071777 -48 ) 
4 466 583 0 (0 -2048 -48 ) (0 -2048 0 ) (0 -2035.071777 0 ) (0 -2035.071777 -48 ) 
4 466 490 0 (0 -2048 0 ) (0 -2048 -48 ) (938.392334 -2048 -48 ) (938.392334 -2048 0 ) 
4 467 491 0 (960 -2048 -64 ) (1024 -2048 -64 ) (1024 -2048 -48 ) (960 -2048 -48 ) 
4 467 483 0 (1024 -2048 -64 ) (960 -2048 -64 ) (960 -2032 -64 ) (1024 -2032 -64 ) 
4 468 593 0 (0 -1024 -80 ) (0 -1024 -429 ) (0 -1280 -429 ) (0 -1280 -80 ) 
4 468 591 0 (0 -1280 -64 ) (0 -1024 -64 ) (0 -1024 -80 ) (0 -1280 -80 ) 
3 468 477 0 (400 -1280 -168 ) (400 -1280 -192 ) (408 -1280 -160 ) 
3 468 476 0 (560 -1280 -192 ) (560 -1280 -168 ) (552 -1280 -160 ) 
3 468 475 0 (560 -1280 -168 ) (560 -1280 -156 ) (536 -1280 -144 ) 
3 468 474 0 (440 -1280 -136 ) (432 -1280 -136 ) (424 -1280 -144 ) 
3 468 473 0 (400 -1280 -136 ) (400 -1280 -168 ) (432 -1280 -136 ) 
3 468 472 0 (560 -1280 -156 ) (560 -1280 -136 ) (520 -1280 -136 ) 
4 468 471 0 (560 -1280 -64 ) (400 -1280 -64 ) (400 -1280 -136 ) (560 -1280 -136 ) 
4 468 478 0 (400 -1280 -336 ) (400 -1280 -429 ) (560 -1280 -429 ) (560 -1280 -336 ) 
4 468 470 0 (841.739136 -1280 -64 ) (560 -1280 -64 ) (560 -1280 -429 ) (841.739136 -1280 -429 ) 
4 468 480 0 (400 -1280 -64 ) (0 -1280 -64 ) (0 -1280 -429 ) (400 -1280 -429 ) 
5 468 469 0 (841.739136 -1280 -429 ) (0 -1280 -429 ) (0 -1024 -429 ) (1024 -1024 -429 ) (1024 -1070.399902 -429 ) 
4 469 593 0 (0 -1024 -429 ) (0 -1024 -1024 ) (0 -1280 -1024 ) (0 -1280 -429 ) 
4 469 479 0 (400 -1280 -1024 ) (1024 -1280 -1024 ) (1024 -1280 -429 ) (400 -1280 -429 ) 
4 469 480 0 (0 -1280 -1024 ) (400 -1280 -1024 ) (400 -1280 -429 ) (0 -1280 -429 ) 
4 470 481 0 (786.086914 -1344 -64 ) (560 -1344 -64 ) (560 -1344 -429 ) (786.086914 -1344 -429 ) 
4 470 476 0 (560 -1280 -168 ) (560 -1280 -192 ) (560 -1344 -192 ) (560 -1344 -168 ) 
4 470 475 0 (560 -1280 -156 ) (560 -1280 -168 ) (560 -1344 -168 ) (560 -1344 -156 ) 
4 470 472 0 (560 -1280 -136 ) (560 -1280 -156 ) (560 -1344 -156 ) (560 -1344 -136 ) 
4 470 471 0 (560 -1280 -64 ) (560 -1280 -136 ) (560 -1344 -136 ) (560 -1344 -64 ) 
4 470 478 0 (560 -1280 -336 ) (560 -1280 -429 ) (560 -1344 -429 ) (560 -1344 -336 ) 
4 470 479 0 (786.086914 -1344 -429 ) (560 -1344 -429 ) (560 -1280 -429 ) (841.739136 -1280 -429 ) 
4 471 481 0 (560 -1344 -64 ) (400 -1344 -64 ) (400 -1344 -136 ) (560 -1344 -136 ) 
4 471 474 0 (432 -1280 -136 ) (440 -1280 -136 ) (440 -1344 -136 ) (432 -1344 -136 ) 
4 471 473 0 (400 -1344 -136 ) (400 -1280 -136 ) (432 -1280 -136 ) (432 -1344 -136 ) 
4 471 472 0 (520 -1280 -136 ) (560 -1280 -136 ) (560 -1344 -136 ) (520 -1344 -136 ) 
4 471 480 0 (400 -1280 -64 ) (400 -1280 -136 ) (400 -1344 -136 ) (400 -1344 -64 ) 
3 472 481 0 (560 -1344 -156 ) (560 -1344 -136 ) (520 -1344 -136 ) 
4 472 475 0 (536 -1280 -144 ) (560 -1280 -156 ) (560 -1344 -156 ) (536 -1344 -144 ) 
3 473 481 0 (400 -1344 -136 ) (400 -1344 -168 ) (432 -1344 -136 ) 
4 473 477 0 (400 -1344 -168 ) (400 -1280 -168 ) (408 -1280 -160 ) (408 -1344 -160 ) 
4 473 474 0 (424 -1280 -144 ) (432 -1280 -136 ) (432 -1344 -136 ) (424 -1344 -144 ) 
4 473 480 0 (400 -1280 -136 ) (400 -1280 -168 ) (400 -1344 -168 ) (400 -1344 -136 ) 
3 474 481 0 (440 -1344 -136 ) (432 -1344 -136 ) (424 -1344 -144 ) 
3 475 481 0 (560 -1344 -168 ) (560 -1344 -156 ) (536 -1344 -144 ) 
4 475 476 0 (560 -1280 -168 ) (560 -1344 -168 ) (552 -1344 -160 ) (552 -1280 -160 ) 
3 476 481 0 (560 -1344 -192 ) (560 -1344 -168 ) (552 -1344 -160 ) 
3 477 481 0 (400 -1344 -168 ) (400 -1344 -192 ) (408 -1344 -160 ) 
4 477 480 0 (400 -1280 -168 ) (400 -1280 -192 ) (400 -1344 -192 ) (400 -1344 -168 ) 
4 478 481 0 (400 -1344 -336 ) (400 -1344 -429 ) (560 -1344 -429 ) (560 -1344 -336 ) 
4 478 480 0 (400 -1280 -336 ) (400 -1280 -429 ) (400 -1344 -429 ) (400 -1344 -336 ) 
4 478 479 0 (560 -1344 -429 ) (400 -1344 -429 ) (400 -1280 -429 ) (560 -1280 -429 ) 
4 479 485 0 (400 -1344 -1024 ) (1024 -1344 -1024 ) (1024 -1344 -429 ) (400 -1344 -429 ) 
4 479 480 0 (400 -1280 -429 ) (400 -1280 -1024 ) (400 -1344 -1024 ) (400 -1344 -429 ) 
4 480 593 0 (0 -1280 -80 ) (0 -1280 -1024 ) (0 -1344 -1024 ) (0 -1344 -80 ) 
4 480 591 0 (0 -1344 -64 ) (0 -1280 -64 ) (0 -1280 -80 ) (0 -1344 -80 ) 
4 480 481 0 (400 -1344 -429 ) (400 -1344 -64 ) (0 -1344 -64 ) (0 -1344 -429 ) 
4 480 485 0 (0 -1344 -1024 ) (400 -1344 -1024 ) (400 -1344 -429 ) (0 -1344 -429 ) 
4 481 593 0 (0 -1344 -80 ) (0 -1344 -429 ) (0 -1680 -429 ) (0 -1680 -80 ) 
4 481 591 0 (0 -1680 -64 ) (0 -1344 -64 ) (0 -1344 -80 ) (0 -1680 -80 ) 
4 481 482 0 (0 -1680 -429 ) (493.912994 -1680 -429 ) (493.912964 -1680 -64 ) (0 -1680 -64 ) 
4 481 485 0 (0 -1680 -429 ) (0 -1344 -429 ) (786.086914 -1344 -429 ) (493.912964 -1680 -429 ) 
4 482 593 0 (0 -1680 -80 ) (0 -1680 -429 ) (0 -2032 -429 ) (0 -2032 -80 ) 
4 482 591 0 (0 -2032 -64 ) (0 -1680 -64 ) (0 -1680 -80 ) (0 -2032 -80 ) 
4 482 483 0 (1024 -2032 -80 ) (1024 -2032 -64 ) (960 -2032 -64 ) (960 -2032 -80 ) 
4 482 484 0 (0 -2032 -429 ) (1024 -2032 -429 ) (1024 -2032 -80 ) (0 -2032 -80 ) 
4 482 485 0 (0 -2032 -429 ) (0 -1680 -429 ) (1024 -1680 -429 ) (1024 -2032 -429 ) 
4 483 491 0 (960 -2048 -80 ) (1024 -2048 -80 ) (1024 -2048 -64 ) (960 -2048 -64 ) 
4 483 484 0 (1024 -2048 -80 ) (960 -2048 -80 ) (960 -2032 -80 ) (1024 -2032 -80 ) 
4 484 593 0 (0 -2048 -429 ) (0 -2048 -80 ) (0 -2032 -80 ) (0 -2032 -429 ) 
4 484 492 0 (0 -2048 -80 ) (0 -2048 -429 ) (1024 -2048 -429 ) (1024 -2048 -80 ) 
4 484 485 0 (1024 -2048 -429 ) (0 -2048 -429 ) (0 -2032 -429 ) (1024 -2032 -429 ) 
4 485 593 0 (0 -2048 -1024 ) (0 -2048 -429 ) (0 -1344 -429 ) (0 -1344 -1024 ) 
4 485 492 0 (0 -2048 -429 ) (0 -2048 -1024 ) (1024 -2048 -1024 ) (1024 -2048 -429 ) 
4 486 595 0 (0 -3072 159 ) (0 -3072 160 ) (0 -2048 160 ) (0 -2048 159 ) 
4 486 594 0 (0 -3072 160 ) (0 -3072 272 ) (0 -2048 272 ) (0 -2048 160 ) 
4 486 496 0 (0 -3072 160 ) (0 -3072 159 ) (944.542419 -3072 159 ) (944.542419 -3072 160 ) 
4 486 495 0 (944.542419 -3072 159 ) (952.535950 -3072 159 ) (952.535950 -3072 160 ) (944.542419 -3072 160 ) 
4 486 494 0 (952.535950 -3072 159 ) (1024 -3072 159 ) (1024 -3072 160 ) (952.535950 -3072 160 ) 
4 486 493 0 (0 -3072 272 ) (0 -3072 160 ) (1024 -3072 160 ) (1024 -3072 272 ) 
4 486 488 0 (938.392334 -3072 159 ) (0 -3072 159 ) (0 -2048 159 ) (938.392334 -2048 159 ) 
4 486 487 0 (1024 -3072 159 ) (952.535950 -3072 159 ) (952.535950 -2048 159 ) (1024 -2048 159 ) 
4 487 494 0 (952.535950 -3072 0 ) (1024 -3072 0 ) (1024 -3072 159 ) (952.535950 -3072 159 ) 
4 487 489 0 (1024 -3072 0 ) (952.535950 -3072 0 ) (952.535950 -2048 0 ) (1024 -2048 0 ) 
4 488 595 0 (0 -3072 0 ) (0 -3072 159 ) (0 -2048 159 ) (0 -2048 0 ) 
4 488 497 0 (0 -3072 159 ) (0 -3072 0 ) (938.392334 -3072 0 ) (938.392334 -3072 159 ) 
4 488 490 0 (938.392334 -3072 0 ) (0 -3072 0 ) (0 -2048 0 ) (938.392334 -2048 0 ) 
4 489 501 0 (952.535950 -3072 -48 ) (1024 -3072 -48 ) (1024 -3072 0 ) (952.535950 -3072 0 ) 
4 489 491 0 (1024 -3072 -48 ) (960 -3072 -48 ) (960 -2048 -48 ) (1024 -2048 -48 ) 
4 490 607 0 (0 -3072 -48 ) (0 -3072 0 ) (0 -2048 0 ) (0 -2048 -48 ) 
4 490 502 0 (0 -3072 0 ) (0 -3072 -48 ) (938.392334 -3072 -48 ) (938.392334 -3072 0 ) 
4 491 505 0 (960 -3072 -80 ) (1024 -3072 -80 ) (1024 -3072 -48 ) (960 -3072 -48 ) 
4 491 492 0 (1024 -3072 -80 ) (960 -3072 -80 ) (960 -2048 -80 ) (1024 -2048 -80 ) 
4 492 616 0 (0 -3072 -1024 ) (0 -3072 -80 ) (0 -2048 -80 ) (0 -2048 -1024 ) 
4 492 507 0 (0 -3072 -80 ) (0 -3072 -1024 ) (1024 -3072 -1024 ) (1024 -3072 -80 ) 
4 493 617 0 (0 -4096 160 ) (0 -4096 272 ) (0 -3072 272 ) (0 -3072 160 ) 
4 493 508 0 (0 -4096 272 ) (0 -4096 160 ) (1024 -4096 160 ) (1024 -4096 272 ) 
4 493 498 0 (0 -3888 160 ) (0 -3875.071777 160 ) (944.542419 -3875.071777 160 ) (944.542419 -3888 160 ) 
4 493 496 0 (0 -3856.928223 160 ) (0 -3072 160 ) (944.542419 -3072 160 ) (944.542419 -3856.928223 160 ) 
4 493 495 0 (944.542419 -3072 160 ) (952.535950 -3072 160 ) (952.535950 -3888 160 ) (944.542419 -3888 160 ) 
4 493 494 0 (952.535950 -3072 160 ) (1024 -3072 160 ) (1024 -3888 160 ) (952.535950 -3888 160 ) 
4 493 500 0 (1024 -4096 160 ) (0 -4096 160 ) (0 -3888 160 ) (1024 -3888 160 ) 
4 494 501 0 (952.535950 -3072 0 ) (1024 -3072 0 ) (1024 -3888 0 ) (952.535950 -3888 0 ) 
4 494 495 0 (952.535950 -3888 159 ) (952.535950 -3888 160 ) (952.535950 -3072 160 ) (952.535950 -3072 159 ) 
4 494 500 0 (952.535950 -3888 0 ) (1024 -3888 0 ) (1024 -3888 160 ) (952.535950 -3888 160 ) 
4 495 498 0 (944.542419 -3888 159 ) (944.542419 -3888 160 ) (944.542419 -3875.071777 160 ) (944.542419 -3875.071777 159 ) 
4 495 496 0 (944.542419 -3856.928223 160 ) (944.542419 -3072 160 ) (944.542419 -3072 159 ) (944.542419 -3856.928223 159 ) 
4 495 500 0 (952.535950 -3888 159 ) (952.535950 -3888 160 ) (944.542419 -3888 160 ) (944.542419 -3888 159 ) 
4 496 618 0 (0 -3856.928223 160 ) (0 -3072 160 ) (0 -3072 159 ) (0 -3856.928223 159 ) 
4 496 497 0 (0 -3856.928223 159 ) (0 -3072 159 ) (938.392334 -3072 159 ) (938.392334 -3856.928223 159 ) 
4 497 620 0 (0 -3072 159 ) (0 -3072 0 ) (0 -3856.928223 0 ) (0 -3856.928223 159 ) 
4 497 502 0 (0 -3856.928223 0 ) (0 -3072 0 ) (938.392334 -3072 0 ) (938.392334 -3856.928223 0 ) 
4 498 619 0 (0 -3888 160 ) (0 -3875.071777 160 ) (0 -3875.071777 159 ) (0 -3888 159 ) 
4 498 499 0 (0 -3875.071777 159 ) (938.392334 -3875.071777 159 ) (938.392334 -3888 159 ) (0 -3888 159 ) 
4 498 500 0 (944.542419 -3888 159 ) (944.542419 -3888 160 ) (0 -3888 160 ) (0 -3888 159 ) 
4 499 621 0 (0 -3875.071777 159 ) (0 -3875.071777 0 ) (0 -3888 0 ) (0 -3888 159 ) 
4 499 503 0 (0 -3888 0 ) (0 -3875.071777 0 ) (938.392334 -3875.071777 0 ) (938.392334 -3888 0 ) 
4 499 500 0 (0 -3888 0 ) (938.392334 -3888 0 ) (938.392334 -3888 159 ) (0 -3888 159 ) 
4 500 621 0 (0 -4096 0 ) (0 -4096 159 ) (0 -3888 159 ) (0 -3888 0 ) 
4 500 619 0 (0 -4096 159 ) (0 -4096 160 ) (0 -3888 160 ) (0 -3888 159 ) 
4 500 509 0 (0 -4096 160 ) (0 -4096 0 ) (1024 -4096 0 ) (1024 -4096 160 ) 
4 500 504 0 (952.535950 -4096 0 ) (0 -4096 0 ) (0 -3888 0 ) (952.535950 -3888 0 ) 
4 500 501 0 (1024 -4096 0 ) (952.535950 -4096 0 ) (952.535950 -3888 0 ) (1024 -3888 0 ) 
4 501 512 0 (952.535950 -4096 -48 ) (1024 -4096 -48 ) (1024 -4096 0 ) (952.535950 -4096 0 ) 
4 501 505 0 (960 -3072 -48 ) (1024 -3072 -48 ) (1024 -3872 -48 ) (960 -3872 -48 ) 
4 501 506 0 (1024 -4096 -48 ) (952.535950 -4096 -48 ) (952.535950 -3872 -48 ) (1024 -3872 -48 ) 
4 501 504 0 (952.535950 -3888 -48 ) (952.535950 -4096 -48 ) (952.535950 -4096 0 ) (952.535950 -3888 0 ) 
4 502 626 0 (0 -3856.928223 0 ) (0 -3072 0 ) (0 -3072 -48 ) (0 -3856.928223 -48 ) 
4 503 627 0 (0 -3888 0 ) (0 -3875.071777 0 ) (0 -3875.071777 -48 ) (0 -3888 -48 ) 
4 503 506 0 (0 -3888 -48 ) (0 -3875.071777 -48 ) (938.392334 -3875.071777 -48 ) (938.392334 -3888 -48 ) 
4 503 504 0 (0 -3888 -48 ) (938.392334 -3888 -48 ) (938.392334 -3888 0 ) (0 -3888 0 ) 
4 504 627 0 (0 -4096 -48 ) (0 -4096 0 ) (0 -3888 0 ) (0 -3888 -48 ) 
4 504 512 0 (0 -4096 0 ) (0 -4096 -48 ) (952.535950 -4096 -48 ) (952.535950 -4096 0 ) 
4 504 506 0 (952.535950 -4096 -48 ) (0 -4096 -48 ) (0 -3888 -48 ) (952.535950 -3888 -48 ) 
4 505 507 0 (960 -3072 -80 ) (1024 -3072 -80 ) (1024 -3872 -80 ) (960 -3872 -80 ) 
4 505 506 0 (960 -3872 -80 ) (1024 -3872 -80 ) (1024 -3872 -48 ) (960 -3872 -48 ) 
4 506 631 0 (0 -4096 -80 ) (0 -4096 -48 ) (0 -3872 -48 ) (0 -3872 -80 ) 
4 506 515 0 (0 -4096 -48 ) (0 -4096 -80 ) (1024 -4096 -80 ) (1024 -4096 -48 ) 
4 506 507 0 (1024 -4096 -80 ) (0 -4096 -80 ) (0 -3872 -80 ) (1024 -3872 -80 ) 
4 507 632 0 (0 -4096 -1024 ) (0 -4096 -80 ) (0 -3072 -80 ) (0 -3072 -1024 ) 
4 507 515 0 (0 -4096 -80 ) (0 -4096 -1024 ) (1024 -4096 -1024 ) (1024 -4096 -80 ) 
4 508 634 0 (0 -5120 160 ) (0 -5120 272 ) (0 -4096 272 ) (0 -4096 160 ) 
4 508 516 0 (0 -5120 272 ) (0 -5120 160 ) (1024 -5120 160 ) (1024 -5120 272 ) 
4 508 511 0 (1024 -5120 160 ) (0 -5120 160 ) (0 -4615.072266 160 ) (1024 -4615.072266 160 ) 
4 508 510 0 (0 -4600.928711 160 ) (0 -4247.072266 160 ) (1024 -4247.072266 160 ) (1024 -4600.928711 160 ) 
4 508 509 0 (0 -4232.928711 160 ) (0 -4096 160 ) (1024 -4096 160 ) (1024 -4232.928711 160 ) 
4 509 636 0 (0 -4096 159 ) (0 -4096 0 ) (0 -4232.928711 0 ) (0 -4232.928711 159 ) 
4 509 635 0 (0 -4232.928711 160 ) (0 -4096 160 ) (0 -4096 159 ) (0 -4232.928711 159 ) 
4 509 512 0 (0 -4232.928711 0 ) (0 -4096 0 ) (1024 -4096 0 ) (1024 -4232.928711 0 ) 
4 510 640 0 (0 -4600.928711 160 ) (0 -4247.072266 160 ) (0 -4247.072266 16 ) (0 -4600.928711 16 ) 
4 511 641 0 (0 -4616 160 ) (0 -4615.072266 160 ) (0 -4615.072266 0 ) (0 -4616 0 ) 
4 511 645 0 (0 -5120 0 ) (0 -5120 160 ) (0 -4616 160 ) (0 -4616 0 ) 
4 511 516 0 (0 -5120 160 ) (0 -5120 0 ) (1024 -5120 0 ) (1024 -5120 160 ) 
4 511 514 0 (1024 -5120 0 ) (0 -5120 0 ) (0 -4615.072266 0 ) (1024 -4615.072266 0 ) 
4 512 646 0 (0 -4232.928711 0 ) (0 -4096 0 ) (0 -4096 -48 ) (0 -4232.928711 -48 ) 
4 512 515 0 (0 -4232.928711 -48 ) (0 -4096 -48 ) (1024 -4096 -48 ) (1024 -4232.928711 -48 ) 
4 513 650 0 (0 -4247.072266 -48 ) (0 -4600.928711 -48 ) (0 -4600.928711 -16 ) (0 -4247.072266 -16 ) 
4 513 515 0 (0 -4600.928711 -48 ) (0 -4247.072266 -48 ) (1024 -4247.072266 -48 ) (1024 -4600.928711 -48 ) 
4 514 651 0 (0 -4616 0 ) (0 -4615.072266 0 ) (0 -4615.072266 -48 ) (0 -4616 -48 ) 
4 514 655 0 (0 -5120 -48 ) (0 -5120 0 ) (0 -4616 0 ) (0 -4616 -48 ) 
4 514 517 0 (0 -5120 0 ) (0 -5120 -48 ) (1024 -5120 -48 ) (1024 -5120 0 ) 
4 514 515 0 (1024 -5120 -48 ) (0 -5120 -48 ) (0 -4615.072266 -48 ) (1024 -4615.072266 -48 ) 
4 515 656 0 (0 -5120 -1024 ) (0 -5120 -48 ) (0 -4096 -48 ) (0 -4096 -1024 ) 
4 515 517 0 (0 -5120 -48 ) (0 -5120 -1024 ) (1024 -5120 -1024 ) (1024 -5120 -48 ) 
4 516 657 0 (0 -5376 272 ) (0 -5120 272 ) (0 -5120 0 ) (0 -5376 0 ) 
4 516 517 0 (0 -5376 0 ) (0 -5120 0 ) (1024 -5120 0 ) (1024 -5376 0 ) 
4 517 658 0 (0 -5376 0 ) (0 -5120 0 ) (0 -5120 -1024 ) (0 -5376 -1024 ) 
4 518 659 0 (-1024 4624 0 ) (-1024 4096 0 ) (-1024 4096 272 ) (-1024 4624 272 ) 
4 518 520 0 (-1024 4096 272 ) (-1024 4096 0 ) (0 4096 0 ) (0 4096 272 ) 
4 518 519 0 (0 4096 0 ) (-1024 4096 0 ) (-1024 4624 0 ) (0 4624 0 ) 
4 519 660 0 (-1024 4096 -1024 ) (-1024 4096 0 ) (-1024 4624 0 ) (-1024 4624 -1024 ) 
4 519 521 0 (-1024 4096 0 ) (-1024 4096 -1024 ) (0 4096 -1024 ) (0 4096 0 ) 
4 520 661 0 (-1024 3072 0 ) (-1024 3072 272 ) (-1024 4096 272 ) (-1024 4096 0 ) 
4 520 522 0 (-1024 3072 272 ) (-1024 3072 0 ) (0 3072 0 ) (0 3072 272 ) 
4 520 521 0 (0 3072 0 ) (-1024 3072 0 ) (-1024 4096 0 ) (0 4096 0 ) 
4 521 662 0 (-1024 3072 -1024 ) (-1024 3072 0 ) (-1024 4096 0 ) (-1024 4096 -1024 ) 
4 521 523 0 (-1024 3072 0 ) (-1024 3072 -1024 ) (0 3072 -1024 ) (0 3072 0 ) 
4 522 663 0 (-1024 2048 0 ) (-1024 2048 272 ) (-1024 3072 272 ) (-1024 3072 0 ) 
4 522 529 0 (-160 2048 0 ) (0 2048 0 ) (0 2048 96 ) (-160 2048 96 ) 
4 522 524 0 (0 2048 96 ) (0 2048 272 ) (-160 2048 272 ) (-160 2048 96 ) 
4 522 533 0 (-1024 2048 272 ) (-1024 2048 0 ) (-160 2048 0 ) (-160 2048 272 ) 
4 522 523 0 (0 2048 0 ) (-1024 2048 0 ) (-1024 3072 0 ) (0 3072 0 ) 
4 523 664 0 (-1024 2048 -1024 ) (-1024 2048 0 ) (-1024 3072 0 ) (-1024 3072 -1024 ) 
4 523 541 0 (-1024 2048 -64 ) (-1024 2048 -1024 ) (0 2048 -1024 ) (0 2048 -64 ) 
4 523 539 0 (-1024 2048 -48 ) (-1024 2048 -64 ) (0 2048 -64 ) (0 2048 -48 ) 
4 523 534 0 (-160 2048 -48 ) (0 2048 -48 ) (0 2048 0 ) (-160 2048 0 ) 
4 523 538 0 (-1024 2048 0 ) (-1024 2048 -48 ) (-160 2048 -48 ) (-160 2048 0 ) 
4 524 529 0 (-160 1424 96 ) (-160 2048 96 ) (0 2048 96 ) (0 1424 96 ) 
4 524 533 0 (-160 1424 272 ) (-160 2048 272 ) (-160 2048 96 ) (-160 1424 96 ) 
4 525 542 0 (0 1024 218.857208 ) (0 1024 272 ) (-128 1024 272 ) (-128 1024 218.857208 ) 
4 525 530 0 (-128 1408 96 ) (0 1408 96 ) (0 1253.333374 96 ) (-128 1253.333374 96 ) 
3 525 528 0 (0 1104 176 ) (0 1029.334351 216 ) (-16 1104 176 ) 
4 525 527 0 (-48 1253.332031 96 ) (0 1253.332031 96 ) (0 1248 98.856476 ) (-46.857395 1248 98.856476 ) 
5 525 526 0 (0 1024 218.857681 ) (-128 1024 218.857681 ) (-128 1253.332031 96 ) (-48 1253.332031 96 ) (0 1029.334351 216 ) 
4 526 544 0 (-128 1024 133.142792 ) (-128 1024 96 ) (-48 1024 96 ) (-33.142864 1024 133.142792 ) 
5 526 542 0 (0 1024 216 ) (0 1024 218.857208 ) (-128 1024 218.857208 ) (-128 1024 133.142792 ) (-33.142864 1024 133.142792 ) 
4 526 532 0 (-48 1024 96 ) (-128 1024 96 ) (-128 1232 96 ) (-48 1232 96 ) 
4 526 530 0 (-128 1232 96 ) (-128 1253.333374 96 ) (-48 1253.333374 96 ) (-48 1232 96 ) 
4 526 528 0 (-16.001432 1104.001343 176 ) (0 1029.328003 216.004242 ) (0 1024 216.004242 ) (-33.144581 1024 133.142792 ) 
3 526 527 0 (-48.001694 1248 96 ) (-48.001694 1253.335938 96 ) (-46.858280 1248 98.858536 ) 
4 527 530 0 (-48 1248 96 ) (-48 1253.333374 96 ) (0 1253.333374 96 ) (0 1248 96 ) 
3 528 542 0 (0 1024 133.142792 ) (0 1024 216 ) (-33.142864 1024 133.142792 ) 
4 529 534 0 (-160 1424 0 ) (-160 2048 0 ) (0 2048 0 ) (0 1424 0 ) 
4 529 533 0 (-160 2048 0 ) (-160 1424 0 ) (-160 1424 96 ) (-160 2048 96 ) 
4 530 535 0 (-128 1408 0 ) (0 1408 0 ) (0 1232 0 ) (-128 1232 0 ) 
4 530 532 0 (-32 1232 96 ) (-128 1232 96 ) (-128 1232 0 ) (-32 1232 0 ) 
4 531 547 0 (-16 1024 0 ) (0 1024 0 ) (0 1024 96 ) (-16 1024 96 ) 
4 531 536 0 (0 1024 0 ) (-16 1024 0 ) (-16 1216 0 ) (0 1216 0 ) 
4 532 548 0 (-128 1024 0 ) (-32 1024 0 ) (-32 1024 96 ) (-128 1024 96 ) 
4 532 537 0 (-32 1024 0 ) (-128 1024 0 ) (-128 1232 0 ) (-32 1232 0 ) 
4 533 665 0 (-1024 1024 0 ) (-1024 1024 272 ) (-1024 2048 272 ) (-1024 2048 0 ) 
4 533 550 0 (-1024 1024 96 ) (-1024 1024 0 ) (-160 1024 0 ) (-160 1024 96 ) 
4 533 546 0 (-1024 1024 133.142792 ) (-1024 1024 96 ) (-160 1024 96 ) (-160 1024 133.142792 ) 
4 533 543 0 (-1024 1024 272 ) (-1024 1024 133.142792 ) (-160 1024 133.142792 ) (-160 1024 272 ) 
4 533 538 0 (-160 1024 0 ) (-1024 1024 0 ) (-1024 2048 0 ) (-160 2048 0 ) 
4 534 539 0 (-160 1424 -48 ) (-160 2048 -48 ) (0 2048 -48 ) (0 1424 -48 ) 
4 534 538 0 (-160 2048 -48 ) (-160 1424 -48 ) (-160 1424 0 ) (-160 2048 0 ) 
4 535 537 0 (-128 1232 -48 ) (-32 1232 -48 ) (-32 1232 0 ) (-128 1232 0 ) 
4 536 551 0 (0 1024 -44 ) (0 1024 0 ) (-16 1024 0 ) (-16 1024 -44 ) 
4 537 553 0 (-128 1024 -48 ) (-32 1024 -48 ) (-32 1024 0 ) (-128 1024 0 ) 
4 538 666 0 (-1024 1024 -48 ) (-1024 1024 0 ) (-1024 2048 0 ) (-1024 2048 -48 ) 
4 538 554 0 (-1024 1024 0 ) (-1024 1024 -48 ) (-160 1024 -48 ) (-160 1024 0 ) 
4 538 540 0 (-544 1024 -48 ) (-1024 1024 -48 ) (-1024 1408 -48 ) (-544 1408 -48 ) 
4 538 539 0 (-1024 1408 -48 ) (-1024 2048 -48 ) (-160 2048 -48 ) (-160 1408 -48 ) 
4 539 666 0 (-1024 1408 -48 ) (-1024 2048 -48 ) (-1024 2048 -64 ) (-1024 1408 -64 ) 
4 539 541 0 (-1024 1408 -64 ) (-1024 2048 -64 ) (0 2048 -64 ) (0 1408 -64 ) 
4 539 540 0 (-1024 1408 -64 ) (-544 1408 -64 ) (-544 1408 -48 ) (-1024 1408 -48 ) 
4 540 666 0 (-1024 1024 -64 ) (-1024 1024 -48 ) (-1024 1408 -48 ) (-1024 1408 -64 ) 
4 540 555 0 (-1024 1024 -48 ) (-1024 1024 -64 ) (-544 1024 -64 ) (-544 1024 -48 ) 
4 540 541 0 (-544 1024 -64 ) (-1024 1024 -64 ) (-1024 1408 -64 ) (-544 1408 -64 ) 
4 541 666 0 (-1024 1024 -1024 ) (-1024 1024 -64 ) (-1024 2048 -64 ) (-1024 2048 -1024 ) 
4 541 556 0 (-1024 1024 -64 ) (-1024 1024 -1024 ) (0 1024 -1024 ) (0 1024 -64 ) 
4 542 558 0 (-128 0 96 ) (0 0 96 ) (0 0 272 ) (-128 0 272 ) 
4 542 549 0 (0 0 96 ) (-128 0 96 ) (-128 954.666748 96 ) (0 954.666748 96 ) 
4 542 544 0 (-128 960 98.857246 ) (-128 1024 133.143204 ) (-33.142700 1024 133.143204 ) (-46.857079 960 98.857246 ) 
4 542 545 0 (0 954.666504 96 ) (-128 954.666504 96 ) (-128 960 98.857246 ) (0 960 98.857246 ) 
5 543 667 0 (-1024 0 96 ) (-1024 0 272 ) (-1024 1024 272 ) (-1024 1024 133.142792 ) (-1024 954.666748 96 ) 
4 543 560 0 (-549.607666 0 96 ) (-531.464050 0 96 ) (-531.464050 0 272 ) (-549.607666 0 272 ) 
4 543 559 0 (-531.464050 0 96 ) (-160 0 96 ) (-160 0 272 ) (-531.464050 0 272 ) 
4 543 562 0 (-1024 0 272 ) (-1024 0 96 ) (-549.607666 0 96 ) (-549.607666 0 272 ) 
4 543 550 0 (-160 0 96 ) (-1024 0 96 ) (-1024 954.666809 96 ) (-160 954.666748 96 ) 
4 543 546 0 (-160 954.666504 96 ) (-1024 954.666565 96 ) (-1024 1024 133.143188 ) (-160 1024 133.143204 ) 
4 544 548 0 (-128 1024 96 ) (-48 1024 96 ) (-48 976 96 ) (-128 976 96 ) 
4 544 549 0 (-48 976 96 ) (-48 960 96 ) (-128 960 96 ) (-128 976 96 ) 
4 544 545 0 (-128 960 98.859375 ) (-128 960 96 ) (-48 960 96 ) (-46.856228 960 98.859375 ) 
4 545 549 0 (0 960 96 ) (0 954.666748 96 ) (-128 954.666748 96 ) (-128 960 96 ) 
3 546 667 0 (-1024 1024 133.142792 ) (-1024 1024 96 ) (-1024 954.666748 96 ) 
4 546 550 0 (-1024 954.666809 96 ) (-1024 1024 96 ) (-160 1024 96 ) (-160 954.666748 96 ) 
4 547 551 0 (-16 1024 0 ) (0 1024 0 ) (0 992 0 ) (-16 992 0 ) 
4 548 553 0 (-128 976 0 ) (-128 1024 0 ) (-32 1024 0 ) (-32 976 0 ) 
4 548 549 0 (-128 976 96 ) (-128 976 0 ) (-32 976 0 ) (-32 976 96 ) 
4 549 558 0 (-128 0 0 ) (0 0 0 ) (0 0 96 ) (-128 0 96 ) 
4 549 553 0 (-32 0 0 ) (-128 0 0 ) (-128 976 0 ) (-32 976 0 ) 
4 549 552 0 (0 0 0 ) (-32 0 0 ) (-32 976 0 ) (0 976 0 ) 
4 550 667 0 (-1024 0 0 ) (-1024 0 96 ) (-1024 1024 96 ) (-1024 1024 0 ) 
4 550 561 0 (-549.607666 0 0 ) (-531.464050 0 0 ) (-531.464050 0 96 ) (-549.607666 0 96 ) 
4 550 559 0 (-531.464050 0 0 ) (-160 0 0 ) (-160 0 96 ) (-531.464050 0 96 ) 
4 550 562 0 (-1024 0 96 ) (-1024 0 0 ) (-549.607666 0 0 ) (-549.607666 0 96 ) 
4 550 554 0 (-160 0 0 ) (-1024 0 0 ) (-1024 1024 0 ) (-160 1024 0 ) 
4 552 564 0 (-32 0 -48 ) (0 0 -48 ) (0 0 0 ) (-32 0 0 ) 
4 552 553 0 (-32 976 -48 ) (-32 0 -48 ) (-32 0 0 ) (-32 976 0 ) 
4 553 564 0 (-128 0 -48 ) (-32 0 -48 ) (-32 0 0 ) (-128 0 0 ) 
4 554 668 0 (-1024 0 -48 ) (-1024 0 0 ) (-1024 1024 0 ) (-1024 1024 -48 ) 
4 554 566 0 (-549.607666 0 -48 ) (-531.464050 0 -48 ) (-531.464050 0 0 ) (-549.607666 0 0 ) 
4 554 565 0 (-531.464050 0 -48 ) (-160 0 -48 ) (-160 0 0 ) (-531.464050 0 0 ) 
4 554 567 0 (-1024 0 0 ) (-1024 0 -48 ) (-549.607666 0 -48 ) (-549.607666 0 0 ) 
4 554 555 0 (-544 0 -48 ) (-1024 0 -48 ) (-1024 1024 -48 ) (-544 1024 -48 ) 
4 555 668 0 (-1024 0 -64 ) (-1024 0 -48 ) (-1024 1024 -48 ) (-1024 1024 -64 ) 
4 555 568 0 (-1024 0 -48 ) (-1024 0 -64 ) (-544 0 -64 ) (-544 0 -48 ) 
4 555 556 0 (-544 0 -64 ) (-1024 0 -64 ) (-1024 1024 -64 ) (-544 1024 -64 ) 
4 556 668 0 (-1024 0 -1024 ) (-1024 0 -64 ) (-1024 1024 -64 ) (-1024 1024 -1024 ) 
4 556 569 0 (-1024 0 -64 ) (-1024 0 -1024 ) (0 0 -1024 ) (0 0 -64 ) 
4 557 579 0 (-160 -1024 0 ) (-113.614014 -1024 0 ) (-113.614014 -1024 96 ) (-160 -1024 96 ) 
4 557 575 0 (-113.614014 -1024 0 ) (-104.347847 -1024 0 ) (-104.347847 -1024 96 ) (-113.614014 -1024 96 ) 
4 557 571 0 (-104.347847 -1024 96 ) (-104.347839 -1024 272 ) (-160 -1024 272 ) (-160 -1024 96 ) 
3 557 563 0 (-104.347839 -1024 0 ) (-160 -1024 0 ) (-160 -960 0 ) 
4 557 559 0 (-160 -960 0 ) (-160 -1024 0 ) (-160 -1024 272 ) (-160 -960 272 ) 
4 558 570 0 (-72.347816 -1024 0 ) (0 -1024 0 ) (0 -1024 272 ) (-72.347809 -1024 272 ) 
5 558 564 0 (0 -1024 0 ) (-72.347809 -1024 0 ) (-128 -960 0 ) (-128 0 0 ) (0 0 0 ) 
4 559 579 0 (-531.464050 -1024 0 ) (-160 -1024 0 ) (-160 -1024 96 ) (-531.464050 -1024 96 ) 
4 559 571 0 (-160 -1024 96 ) (-160 -1024 272 ) (-531.464050 -1024 272 ) (-531.464050 -1024 96 ) 
4 559 565 0 (-160 -1024 0 ) (-531.464050 -1024 0 ) (-531.464050 0 0 ) (-160 0 0 ) 
4 559 561 0 (-531.464050 0 0 ) (-531.464050 -758.921753 0 ) (-531.464050 -758.921753 96 ) (-531.464050 0 96 ) 
4 559 560 0 (-531.464050 -1024 96 ) (-531.464050 -1024 272 ) (-531.464050 0 272 ) (-531.464050 0 96 ) 
4 560 571 0 (-531.464050 -1024 96 ) (-531.464050 -1024 272 ) (-549.607666 -1024 272 ) (-549.607666 -1024 96 ) 
4 560 561 0 (-549.607666 -758.921753 96 ) (-549.607666 0 96 ) (-531.464050 0 96 ) (-531.464050 -758.921753 96 ) 
4 560 562 0 (-549.607666 -1024 96 ) (-549.607666 -1024 272 ) (-549.607666 0 272 ) (-549.607666 0 96 ) 
4 561 566 0 (-549.607666 -758.921753 0 ) (-549.607666 0 0 ) (-531.464050 0 0 ) (-531.464050 -758.921753 0 ) 
4 561 562 0 (-549.607666 0 0 ) (-549.607666 -758.921753 0 ) (-549.607666 -758.921753 96 ) (-549.607666 0 96 ) 
4 562 669 0 (-1024 -1024 0 ) (-1024 -1024 272 ) (-1024 0 272 ) (-1024 0 0 ) 
4 562 580 0 (-1024 -1024 96 ) (-1024 -1024 0 ) (-549.607666 -1024 0 ) (-549.607666 -1024 96 ) 
4 562 571 0 (-1024 -1024 272 ) (-1024 -1024 96 ) (-549.607666 -1024 96 ) (-549.607666 -1024 272 ) 
4 562 567 0 (-549.607666 -1024 0 ) (-1024 -1024 0 ) (-1024 0 0 ) (-549.607666 0 0 ) 
4 563 586 0 (-160 -1024 -48 ) (-113.614014 -1024 -48 ) (-113.614014 -1024 0 ) (-160 -1024 0 ) 
4 563 582 0 (-113.614014 -1024 -48 ) (-104.347847 -1024 -48 ) (-104.347839 -1024 0 ) (-113.614014 -1024 0 ) 
4 563 565 0 (-160 -960 -48 ) (-160 -1024 -48 ) (-160 -1024 0 ) (-160 -960 0 ) 
4 564 581 0 (-72.347816 -1024 -48 ) (0 -1024 -48 ) (0 -1024 0 ) (-72.347809 -1024 0 ) 
4 565 586 0 (-531.464050 -1024 -48 ) (-160 -1024 -48 ) (-160 -1024 0 ) (-531.464050 -1024 0 ) 
4 565 566 0 (-531.464050 0 -48 ) (-531.464050 -758.921753 -48 ) (-531.464050 -758.921753 0 ) (-531.464050 0 0 ) 
4 566 568 0 (-549.607666 -758.921753 -48 ) (-549.607666 0 -48 ) (-544 0 -48 ) (-544 -758.921753 -48 ) 
4 566 567 0 (-549.607666 0 -48 ) (-549.607666 -758.921753 -48 ) (-549.607666 -758.921753 0 ) (-549.607666 0 0 ) 
4 567 670 0 (-1024 -1024 -48 ) (-1024 -1024 0 ) (-1024 0 0 ) (-1024 0 -48 ) 
4 567 587 0 (-1024 -1024 0 ) (-1024 -1024 -48 ) (-549.607666 -1024 -48 ) (-549.607666 -1024 0 ) 
4 567 568 0 (-549.607666 -1024 -48 ) (-1024 -1024 -48 ) (-1024 0 -48 ) (-549.607666 0 -48 ) 
4 568 670 0 (-1024 -1024 -64 ) (-1024 -1024 -48 ) (-1024 0 -48 ) (-1024 0 -64 ) 
4 568 588 0 (-800 -1024 -64 ) (-544 -1024 -64 ) (-544 -1024 -48 ) (-800 -1024 -48 ) 
4 568 590 0 (-1024 -1024 -48 ) (-1024 -1024 -64 ) (-800 -1024 -64 ) (-800 -1024 -48 ) 
4 568 569 0 (-544 -1024 -64 ) (-1024 -1024 -64 ) (-1024 0 -64 ) (-544 0 -64 ) 
4 569 670 0 (-1024 -1024 -1024 ) (-1024 -1024 -64 ) (-1024 0 -64 ) (-1024 0 -1024 ) 
4 569 593 0 (-1024 -1024 -80 ) (-1024 -1024 -1024 ) (0 -1024 -1024 ) (0 -1024 -80 ) 
4 569 591 0 (-1024 -1024 -64 ) (-1024 -1024 -80 ) (0 -1024 -80 ) (0 -1024 -64 ) 
3 570 581 0 (-72.347778 -1024 0 ) (0 -1024 0 ) (0 -1107.199951 0 ) 
4 571 671 0 (-1024 -2033.921875 272 ) (-1024 -1024 272 ) (-1024 -1024 96 ) (-1024 -2033.921875 96 ) 
5 571 580 0 (-1024 -1024 96 ) (-549.607666 -1024 96 ) (-549.607666 -1596.797607 96 ) (-550.087646 -1597.277588 96 ) (-1024 -1123.365234 96 ) 
4 571 579 0 (-531.464050 -1024 96 ) (-113.614014 -1024 96 ) (-113.614014 -2008.092529 96 ) (-531.464050 -1590.242432 96 ) 
4 571 578 0 (-113.614014 -2033.751343 96 ) (-113.614014 -2033.921875 96 ) (-1024 -2033.921875 96 ) (-1024 -1123.365234 96 ) 
6 571 575 0 (-113.614014 -1024 96 ) (-104.347832 -1024 96 ) (0 -1144 96 ) (0 -2016.928223 96 ) (-104.778290 -2016.928223 96 ) (-113.614014 -2008.092529 96 ) 
4 571 573 0 (-23.464046 -2033.921875 96 ) (0 -2033.921875 96 ) (0 -2033.921875 159 ) (-23.464046 -2033.921875 159 ) 
4 571 572 0 (0 -2033.921875 159 ) (0 -2033.921875 272 ) (-37.607639 -2033.921875 272 ) (-37.607639 -2033.921875 159 ) 
4 571 574 0 (-1024 -2033.921875 96 ) (-37.607639 -2033.921875 96 ) (-37.607639 -2033.921875 272 ) (-1024 -2033.921875 272 ) 
4 572 597 0 (-24.535807 -2048 160 ) (-37.607639 -2048 160 ) (-37.607639 -2048 159 ) (-24.535807 -2048 159 ) 
4 572 596 0 (-23.464046 -2048 160 ) (-24.535807 -2048 160 ) (-24.535807 -2048 159 ) (-23.464046 -2048 159 ) 
4 572 595 0 (0 -2048 159 ) (0 -2048 160 ) (-23.464046 -2048 160 ) (-23.464046 -2048 159 ) 
4 572 594 0 (0 -2048 160 ) (0 -2048 272 ) (-37.607639 -2048 272 ) (-37.607639 -2048 160 ) 
4 572 573 0 (-23.464046 -2033.921875 159 ) (0 -2033.921875 159 ) (0 -2048 159 ) (-23.464046 -2048 159 ) 
4 572 574 0 (-37.607639 -2033.921875 272 ) (-37.607639 -2033.921875 159 ) (-37.607639 -2048 159 ) (-37.607639 -2048 272 ) 
4 573 595 0 (-23.464046 -2048 96 ) (0 -2048 96 ) (0 -2048 159 ) (-23.464046 -2048 159 ) 
4 573 576 0 (0 -2035.071777 96 ) (0 -2048 96 ) (-23.464046 -2048 96 ) (-23.464046 -2035.071777 96 ) 
4 574 671 0 (-1024 -2048 96 ) (-1024 -2048 272 ) (-1024 -2033.921875 272 ) (-1024 -2033.921875 96 ) 
4 574 599 0 (-382.535858 -2048 96 ) (-37.607639 -2048 96 ) (-37.607639 -2048 160 ) (-382.535858 -2048 160 ) 
4 574 606 0 (-1024 -2048 160 ) (-1024 -2048 96 ) (-382.535858 -2048 96 ) (-382.535858 -2048 160 ) 
4 574 594 0 (-1024 -2048 272 ) (-1024 -2048 160 ) (-37.607639 -2048 160 ) (-37.607639 -2048 272 ) 
4 574 578 0 (-113.614014 -2048 96 ) (-1024 -2048 96 ) (-1024 -2033.921875 96 ) (-113.614014 -2033.921875 96 ) 
4 574 577 0 (-37.607639 -2048 96 ) (-113.614014 -2048 96 ) (-113.614014 -2035.071777 96 ) (-37.607639 -2035.071777 96 ) 
6 575 582 0 (-113.614014 -2008.092529 0 ) (-113.614014 -1024 0 ) (-104.347832 -1024 0 ) (0 -1144 0 ) (0 -2016.928223 0 ) (-104.778290 -2016.928223 0 ) 
4 575 579 0 (-113.614014 -1024 0 ) (-113.614014 -2008.092529 0 ) (-113.614014 -2008.092529 96 ) (-113.614014 -1024 96 ) 
4 576 595 0 (-23.464046 -2048 0 ) (0 -2048 0 ) (0 -2048 96 ) (-23.464046 -2048 96 ) 
4 576 583 0 (0 -2048 0 ) (-23.464046 -2048 0 ) (-23.464046 -2035.071777 0 ) (0 -2035.071777 0 ) 
4 577 599 0 (-113.614014 -2048 0 ) (-37.607639 -2048 0 ) (-37.607639 -2048 96 ) (-113.614014 -2048 96 ) 
4 577 584 0 (-37.607639 -2048 0 ) (-113.614014 -2048 0 ) (-113.614014 -2035.071777 0 ) (-37.607639 -2035.071777 0 ) 
4 577 578 0 (-113.614014 -2035.071777 0 ) (-113.614014 -2048 0 ) (-113.614014 -2048 96 ) (-113.614014 -2035.071777 96 ) 
4 578 671 0 (-1024 -2048 0 ) (-1024 -2048 96 ) (-1024 -1123.365234 96 ) (-1024 -1123.365234 0 ) 
4 578 599 0 (-382.535858 -2048 0 ) (-113.614014 -2048 0 ) (-113.614014 -2048 96 ) (-382.535858 -2048 96 ) 
4 578 606 0 (-1024 -2048 96 ) (-1024 -2048 0 ) (-382.535858 -2048 0 ) (-382.535858 -2048 96 ) 
4 578 585 0 (-113.614014 -2048 0 ) (-1024 -2048 0 ) (-1024 -1123.365234 0 ) (-113.614014 -2033.751343 0 ) 
4 578 580 0 (-550.083374 -1597.273438 0 ) (-1024 -1123.356812 0 ) (-1024 -1123.359741 96 ) (-550.084167 -1597.274048 96 ) 
4 579 586 0 (-531.464050 -1024 0 ) (-113.614014 -1024 0 ) (-113.614014 -2008.092529 0 ) (-531.464050 -1590.242432 0 ) 
4 580 671 0 (-1024 -1123.365234 96 ) (-1024 -1024 96 ) (-1024 -1024 0 ) (-1024 -1123.365234 0 ) 
5 580 587 0 (-1024 -1123.365234 0 ) (-1024 -1024 0 ) (-549.607666 -1024 0 ) (-549.607666 -1596.797607 0 ) (-550.087646 -1597.277588 0 ) 
4 582 586 0 (-113.614014 -1024 -48 ) (-113.614014 -2008.092529 -48 ) (-113.614014 -2008.092529 0 ) (-113.614014 -1024 0 ) 
4 583 607 0 (-23.464046 -2048 -48 ) (0 -2048 -48 ) (0 -2048 0 ) (-23.464046 -2048 0 ) 
4 584 608 0 (-113.614014 -2048 -48 ) (-37.607639 -2048 -48 ) (-37.607639 -2048 0 ) (-113.614014 -2048 0 ) 
4 584 589 0 (-40 -2048 -48 ) (-113.614014 -2048 -48 ) (-113.614014 -2035.071777 -48 ) (-40 -2035.071777 -48 ) 
4 584 585 0 (-113.614014 -2035.071777 -48 ) (-113.614014 -2048 -48 ) (-113.614014 -2048 0 ) (-113.614014 -2035.071777 0 ) 
4 585 672 0 (-1024 -2048 -48 ) (-1024 -2048 0 ) (-1024 -1123.365234 0 ) (-1024 -1123.365234 -48 ) 
4 585 608 0 (-382.535858 -2048 -48 ) (-113.614014 -2048 -48 ) (-113.614014 -2048 0 ) (-382.535858 -2048 0 ) 
4 585 614 0 (-1024 -2048 0 ) (-1024 -2048 -48 ) (-382.535858 -2048 -48 ) (-382.535858 -2048 0 ) 
5 585 589 0 (-113.614014 -2048 -48 ) (-800 -2048 -48 ) (-800 -2032 -48 ) (-115.365349 -2032 -48 ) (-113.614014 -2033.751343 -48 ) 
4 585 588 0 (-800 -1680 -48 ) (-800 -1347.365234 -48 ) (-544 -1603.365234 -48 ) (-544 -1680 -48 ) 
4 585 590 0 (-800 -2048 -48 ) (-1024 -2048 -48 ) (-1024 -1123.365234 -48 ) (-800 -1347.365234 -48 ) 
4 585 587 0 (-550.083374 -1597.273438 -48 ) (-1024 -1123.356812 -48 ) (-1024 -1123.359741 0 ) (-550.084167 -1597.274048 0 ) 
4 587 672 0 (-1024 -1123.365234 0 ) (-1024 -1024 0 ) (-1024 -1024 -48 ) (-1024 -1123.365234 -48 ) 
5 587 588 0 (-800 -1024 -48 ) (-549.607666 -1024 -48 ) (-549.607666 -1596.797607 -48 ) (-550.087646 -1597.277588 -48 ) (-800 -1347.365234 -48 ) 
4 587 590 0 (-1024 -1123.365234 -48 ) (-1024 -1024 -48 ) (-800 -1024 -48 ) (-800 -1347.365234 -48 ) 
4 588 591 0 (-800 -1680 -64 ) (-800 -1024 -64 ) (-544 -1024 -64 ) (-544 -1680 -64 ) 
4 588 590 0 (-800 -1024 -64 ) (-800 -1680 -64 ) (-800 -1680 -48 ) (-800 -1024 -48 ) 
4 589 615 0 (-800 -2048 -64 ) (-40 -2048 -64 ) (-40 -2048 -48 ) (-800 -2048 -48 ) 
4 589 592 0 (-40 -2048 -64 ) (-800 -2048 -64 ) (-800 -2032 -64 ) (-40 -2032 -64 ) 
4 589 590 0 (-800 -2032 -64 ) (-800 -2048 -64 ) (-800 -2048 -48 ) (-800 -2032 -48 ) 
4 590 672 0 (-1024 -2048 -64 ) (-1024 -2048 -48 ) (-1024 -1024 -48 ) (-1024 -1024 -64 ) 
4 590 615 0 (-1024 -2048 -48 ) (-1024 -2048 -64 ) (-800 -2048 -64 ) (-800 -2048 -48 ) 
4 590 592 0 (-800 -2048 -64 ) (-1024 -2048 -64 ) (-1024 -2032 -64 ) (-800 -2032 -64 ) 
4 590 591 0 (-1024 -2032 -64 ) (-1024 -1024 -64 ) (-800 -1024 -64 ) (-800 -2032 -64 ) 
4 591 672 0 (-1024 -2032 -64 ) (-1024 -1024 -64 ) (-1024 -1024 -80 ) (-1024 -2032 -80 ) 
4 591 593 0 (-1024 -2032 -80 ) (-1024 -1024 -80 ) (0 -1024 -80 ) (0 -2032 -80 ) 
4 591 592 0 (-1024 -2032 -80 ) (-40 -2032 -80 ) (-40 -2032 -64 ) (-1024 -2032 -64 ) 
4 592 672 0 (-1024 -2048 -80 ) (-1024 -2048 -64 ) (-1024 -2032 -64 ) (-1024 -2032 -80 ) 
4 592 615 0 (-1024 -2048 -64 ) (-1024 -2048 -80 ) (-40 -2048 -80 ) (-40 -2048 -64 ) 
4 592 593 0 (-40 -2048 -80 ) (-1024 -2048 -80 ) (-1024 -2032 -80 ) (-40 -2032 -80 ) 
4 593 672 0 (-1024 -2048 -1024 ) (-1024 -2048 -80 ) (-1024 -1024 -80 ) (-1024 -1024 -1024 ) 
4 593 616 0 (-1024 -2048 -80 ) (-1024 -2048 -1024 ) (0 -2048 -1024 ) (0 -2048 -80 ) 
4 594 673 0 (-1024 -3072 160 ) (-1024 -3072 272 ) (-1024 -2048 272 ) (-1024 -2048 160 ) 
4 594 617 0 (-1024 -3072 272 ) (-1024 -3072 160 ) (0 -3072 160 ) (0 -3072 272 ) 
4 594 605 0 (-381.607727 -3072 160 ) (-382.535858 -3072 160 ) (-382.535858 -3031.072021 160 ) (-381.607727 -3031.072021 160 ) 
4 594 604 0 (-40 -3072 160 ) (-367.464142 -3072 160 ) (-367.464142 -3031.072021 160 ) (-40 -3031.072021 160 ) 
4 594 603 0 (-382.535858 -3016.928467 160 ) (-382.535858 -3000 160 ) (-381.607727 -3000 160 ) (-381.607727 -3016.928467 160 ) 
4 594 602 0 (-367.464142 -3000 160 ) (-40 -3000 160 ) (-40 -3016.928467 160 ) (-367.464142 -3016.928467 160 ) 
4 594 600 0 (-40 -3016.928467 160 ) (-40 -3000 160 ) (-37.607639 -3000 160 ) (-37.607639 -3016.928467 160 ) 
4 594 601 0 (-37.607639 -3072 160 ) (-40 -3072 160 ) (-40 -3031.072021 160 ) (-37.607639 -3031.072021 160 ) 
4 594 599 0 (-382.535858 -3000 160 ) (-382.535858 -2048 160 ) (-37.607639 -2048 160 ) (-37.607639 -3000 160 ) 
4 594 598 0 (-24.535807 -3072 160 ) (-37.607639 -3072 160 ) (-37.607639 -3031.072021 160 ) (-24.535807 -3031.072021 160 ) 
4 594 597 0 (-37.607639 -3016.928467 160 ) (-37.607639 -2048 160 ) (-24.535807 -2048 160 ) (-24.535807 -3016.928467 160 ) 
4 594 596 0 (-23.464046 -3072 160 ) (-24.535807 -3072 160 ) (-24.535807 -2048 160 ) (-23.464046 -2048 160 ) 
4 594 595 0 (0 -3072 160 ) (-23.464046 -3072 160 ) (-23.464046 -2048 160 ) (0 -2048 160 ) 
4 594 606 0 (-382.535858 -3072 160 ) (-1024 -3072 160 ) (-1024 -2048 160 ) (-382.535858 -2048 160 ) 
4 595 620 0 (-23.464046 -3072 0 ) (0 -3072 0 ) (0 -3072 159 ) (-23.464046 -3072 159 ) 
4 595 618 0 (0 -3072 159 ) (0 -3072 160 ) (-23.464046 -3072 160 ) (-23.464046 -3072 159 ) 
4 595 607 0 (0 -3072 0 ) (-23.464046 -3072 0 ) (-23.464046 -2048 0 ) (0 -2048 0 ) 
4 595 596 0 (-23.464046 -3072 159 ) (-23.464046 -3072 160 ) (-23.464046 -2048 160 ) (-23.464046 -2048 159 ) 
4 596 618 0 (-23.464046 -3072 159 ) (-23.464046 -3072 160 ) (-24.535807 -3072 160 ) (-24.535807 -3072 159 ) 
4 596 598 0 (-24.535807 -3072 159 ) (-24.535807 -3072 160 ) (-24.535807 -3031.072021 160 ) (-24.535807 -3031.072021 159 ) 
4 596 597 0 (-24.535807 -3016.928467 160 ) (-24.535807 -2048 160 ) (-24.535807 -2048 159 ) (-24.535807 -3016.928467 159 ) 
4 597 600 0 (-37.607639 -3016.928467 160 ) (-37.607639 -3000 160 ) (-37.607639 -3000 159 ) (-37.607639 -3016.928467 159 ) 
4 597 599 0 (-37.607639 -3000 160 ) (-37.607639 -2048 160 ) (-37.607639 -2048 159 ) (-37.607639 -3000 159 ) 
4 598 622 0 (-33.614014 -3072 160 ) (-37.607639 -3072 160 ) (-37.607639 -3072 159 ) (-33.614014 -3072 159 ) 
4 598 618 0 (-24.535807 -3072 159 ) (-24.535807 -3072 160 ) (-33.614014 -3072 160 ) (-33.614014 -3072 159 ) 
4 598 601 0 (-37.607639 -3072 159 ) (-37.607639 -3072 160 ) (-37.607639 -3031.072021 160 ) (-37.607639 -3031.072021 159 ) 
4 599 608 0 (-382.535858 -3000 0 ) (-382.535858 -2048 0 ) (-37.607639 -2048 0 ) (-37.607639 -3000 0 ) 
4 599 603 0 (-382.535858 -3000 160 ) (-382.535858 -3000 0 ) (-381.607727 -3000 0 ) (-381.607727 -3000 160 ) 
4 599 602 0 (-367.464142 -3000 0 ) (-40 -3000 0 ) (-40 -3000 160 ) (-367.464142 -3000 160 ) 
4 599 600 0 (-40 -3000 0 ) (-37.607639 -3000 0 ) (-37.607639 -3000 160 ) (-40 -3000 160 ) 
4 599 606 0 (-382.535858 -2048 0 ) (-382.535858 -3000 0 ) (-382.535858 -3000 160 ) (-382.535858 -2048 160 ) 
4 600 609 0 (-40 -3016.928467 0 ) (-40 -3000 0 ) (-37.607639 -3000 0 ) (-37.607639 -3016.928467 0 ) 
4 600 602 0 (-40 -3000 160 ) (-40 -3000 0 ) (-40 -3016.928467 0 ) (-40 -3016.928467 160 ) 
4 601 623 0 (-40 -3072 0 ) (-37.607639 -3072 0 ) (-37.607639 -3072 160 ) (-40 -3072 160 ) 
4 601 611 0 (-37.607639 -3072 0 ) (-40 -3072 0 ) (-40 -3031.072021 0 ) (-37.607639 -3031.072021 0 ) 
4 601 604 0 (-40 -3072 16 ) (-40 -3072 160 ) (-40 -3031.072021 160 ) (-40 -3031.072021 16 ) 
4 602 609 0 (-367.464142 -3000 0 ) (-40 -3000 0 ) (-40 -3016.928467 0 ) (-367.464142 -3016.928467 0 ) 
4 603 610 0 (-382.535858 -3016.928467 0 ) (-382.535858 -3000 0 ) (-381.607727 -3000 0 ) (-381.607727 -3016.928467 0 ) 
4 603 606 0 (-382.535858 -3000 0 ) (-382.535858 -3016.928467 0 ) (-382.535858 -3016.928467 160 ) (-382.535858 -3000 160 ) 
4 604 624 0 (-40 -3072 16 ) (-40 -3072 160 ) (-367.464142 -3072 160 ) (-367.464142 -3072 16 ) 
4 605 625 0 (-382.535858 -3072 0 ) (-381.607727 -3072 0 ) (-381.607727 -3072 160 ) (-382.535858 -3072 160 ) 
4 605 613 0 (-381.607727 -3072 0 ) (-382.535858 -3072 0 ) (-382.535858 -3031.072021 0 ) (-381.607727 -3031.072021 0 ) 
4 605 606 0 (-382.535858 -3031.072021 0 ) (-382.535858 -3072 0 ) (-382.535858 -3072 160 ) (-382.535858 -3031.072021 160 ) 
4 606 673 0 (-1024 -3072 0 ) (-1024 -3072 160 ) (-1024 -2048 160 ) (-1024 -2048 0 ) 
4 606 625 0 (-1024 -3072 160 ) (-1024 -3072 0 ) (-382.535858 -3072 0 ) (-382.535858 -3072 160 ) 
4 606 614 0 (-382.535858 -3072 0 ) (-1024 -3072 0 ) (-1024 -2048 0 ) (-382.535858 -2048 0 ) 
4 607 626 0 (-23.464046 -3072 -48 ) (0 -3072 -48 ) (0 -3072 0 ) (-23.464046 -3072 0 ) 
4 608 615 0 (-382.535858 -3000 -48 ) (-382.535858 -2048 -48 ) (-40 -2048 -48 ) (-40 -3000 -48 ) 
4 608 610 0 (-382.535858 -3000 0 ) (-382.535858 -3000 -48 ) (-381.607727 -3000 -48 ) (-381.607727 -3000 0 ) 
4 608 609 0 (-367.464142 -3000 -48 ) (-37.607639 -3000 -48 ) (-37.607639 -3000 0 ) (-367.464142 -3000 0 ) 
4 608 614 0 (-382.535858 -2048 -48 ) (-382.535858 -3000 -48 ) (-382.535858 -3000 0 ) (-382.535858 -2048 0 ) 
4 609 615 0 (-367.464142 -3000 -48 ) (-40 -3000 -48 ) (-40 -3016.928467 -48 ) (-367.464142 -3016.928467 -48 ) 
4 610 615 0 (-382.535858 -3016.928467 -48 ) (-382.535858 -3000 -48 ) (-381.607727 -3000 -48 ) (-381.607727 -3016.928467 -48 ) 
4 610 614 0 (-382.535858 -3000 -48 ) (-382.535858 -3016.928467 -48 ) (-382.535858 -3016.928467 0 ) (-382.535858 -3000 0 ) 
4 611 628 0 (-40 -3072 -48 ) (-37.607639 -3072 -48 ) (-37.607639 -3072 0 ) (-40 -3072 0 ) 
4 611 612 0 (-40 -3031.072021 -16 ) (-40 -3031.072021 -48 ) (-40 -3072 -48 ) (-40 -3072 -16 ) 
4 612 629 0 (-367.464142 -3072 -48 ) (-40 -3072 -48 ) (-40 -3072 -16 ) (-367.464142 -3072 -16 ) 
4 612 615 0 (-40 -3072 -48 ) (-367.464142 -3072 -48 ) (-367.464142 -3031.072021 -48 ) (-40 -3031.072021 -48 ) 
4 613 630 0 (-382.535858 -3072 -48 ) (-381.607727 -3072 -48 ) (-381.607727 -3072 0 ) (-382.535858 -3072 0 ) 
4 613 615 0 (-381.607727 -3072 -48 ) (-382.535858 -3072 -48 ) (-382.535858 -3031.072021 -48 ) (-381.607727 -3031.072021 -48 ) 
4 613 614 0 (-382.535858 -3031.072021 -48 ) (-382.535858 -3072 -48 ) (-382.535858 -3072 0 ) (-382.535858 -3031.072021 0 ) 
4 614 674 0 (-1024 -3072 -48 ) (-1024 -3072 0 ) (-1024 -2048 0 ) (-1024 -2048 -48 ) 
4 614 630 0 (-1024 -3072 0 ) (-1024 -3072 -48 ) (-382.535858 -3072 -48 ) (-382.535858 -3072 0 ) 
4 614 615 0 (-382.535858 -3072 -48 ) (-1024 -3072 -48 ) (-1024 -2048 -48 ) (-382.535858 -2048 -48 ) 
4 615 674 0 (-1024 -3072 -80 ) (-1024 -3072 -48 ) (-1024 -2048 -48 ) (-1024 -2048 -80 ) 
4 615 633 0 (-1024 -3072 -48 ) (-1024 -3072 -80 ) (-40 -3072 -80 ) (-40 -3072 -48 ) 
4 615 616 0 (-40 -3072 -80 ) (-1024 -3072 -80 ) (-1024 -2048 -80 ) (-40 -2048 -80 ) 
4 616 674 0 (-1024 -3072 -1024 ) (-1024 -3072 -80 ) (-1024 -2048 -80 ) (-1024 -2048 -1024 ) 
4 616 632 0 (-40 -3072 -1024 ) (0 -3072 -1024 ) (0 -3072 -80 ) (-40 -3072 -80 ) 
4 616 633 0 (-1024 -3072 -80 ) (-1024 -3072 -1024 ) (-40 -3072 -1024 ) (-40 -3072 -80 ) 
4 617 675 0 (-1024 -4096 160 ) (-1024 -4096 272 ) (-1024 -3072 272 ) (-1024 -3072 160 ) 
4 617 634 0 (-1024 -4096 272 ) (-1024 -4096 160 ) (0 -4096 160 ) (0 -4096 272 ) 
4 617 624 0 (-40 -4096 160 ) (-367.464142 -4096 160 ) (-367.464142 -3072 160 ) (-40 -3072 160 ) 
4 617 623 0 (-37.607639 -4096 160 ) (-40 -4096 160 ) (-40 -3072 160 ) (-37.607639 -3072 160 ) 
4 617 625 0 (-381.607727 -4096 160 ) (-1024 -4096 160 ) (-1024 -3072 160 ) (-381.607727 -3072 160 ) 
4 617 622 0 (-33.614014 -4096 160 ) (-37.607639 -4096 160 ) (-37.607639 -3072 160 ) (-33.614014 -3072 160 ) 
4 617 618 0 (-33.614014 -3856.928223 160 ) (-33.614014 -3072 160 ) (0 -3072 160 ) (0 -3856.928223 160 ) 
4 617 619 0 (0 -4096 160 ) (-33.614014 -4096 160 ) (-33.614014 -3875.071777 160 ) (0 -3875.071777 160 ) 
4 618 622 0 (-33.614014 -3856.928223 160 ) (-33.614014 -3072 160 ) (-33.614014 -3072 159 ) (-33.614014 -3856.928223 159 ) 
4 618 620 0 (-23.464046 -3072 159 ) (0 -3072 159 ) (0 -3856.928223 159 ) (-23.464046 -3856.928223 159 ) 
4 619 635 0 (0 -4096 159 ) (0 -4096 160 ) (-33.614014 -4096 160 ) (-33.614014 -4096 159 ) 
4 619 622 0 (-33.614014 -4096 159 ) (-33.614014 -4096 160 ) (-33.614014 -3875.071777 160 ) (-33.614014 -3875.071777 159 ) 
4 619 621 0 (0 -4096 159 ) (-23.464046 -4096 159 ) (-23.464046 -3875.071777 159 ) (0 -3875.071777 159 ) 
4 620 626 0 (-23.464046 -3072 0 ) (0 -3072 0 ) (0 -3856.928223 0 ) (-23.464046 -3856.928223 0 ) 
4 621 636 0 (-23.464046 -4096 0 ) (0 -4096 0 ) (0 -4096 159 ) (-23.464046 -4096 159 ) 
4 621 627 0 (0 -4096 0 ) (-23.464046 -4096 0 ) (-23.464046 -3875.071777 0 ) (0 -3875.071777 0 ) 
4 622 635 0 (-33.614014 -4096 159 ) (-33.614014 -4096 160 ) (-37.607639 -4096 160 ) (-37.607639 -4096 159 ) 
4 622 623 0 (-37.607639 -4096 159 ) (-37.607639 -4096 160 ) (-37.607639 -3072 160 ) (-37.607639 -3072 159 ) 
4 623 637 0 (-40 -4096 0 ) (-37.607639 -4096 0 ) (-37.607639 -4096 159 ) (-40 -4096 159 ) 
4 623 635 0 (-37.607639 -4096 159 ) (-37.607639 -4096 160 ) (-40 -4096 160 ) (-40 -4096 159 ) 
4 623 628 0 (-37.607639 -4096 0 ) (-40 -4096 0 ) (-40 -3072 0 ) (-37.607639 -3072 0 ) 
4 623 624 0 (-40 -4096 16 ) (-40 -4096 160 ) (-40 -3072 160 ) (-40 -3072 16 ) 
4 624 638 0 (-40 -4096 16 ) (-40 -4096 160 ) (-367.464142 -4096 160 ) (-367.464142 -4096 16 ) 
4 625 675 0 (-1024 -4096 0 ) (-1024 -4096 160 ) (-1024 -3072 160 ) (-1024 -3072 0 ) 
4 625 642 0 (-382.535858 -4096 0 ) (-381.607727 -4096 0 ) (-381.607727 -4096 160 ) (-382.535858 -4096 160 ) 
4 625 644 0 (-1024 -4096 160 ) (-1024 -4096 0 ) (-382.535858 -4096 0 ) (-382.535858 -4096 160 ) 
4 625 630 0 (-381.607727 -4096 0 ) (-1024 -4096 0 ) (-1024 -3072 0 ) (-381.607727 -3072 0 ) 
4 627 646 0 (-23.464046 -4096 -48 ) (0 -4096 -48 ) (0 -4096 0 ) (-23.464046 -4096 0 ) 
4 627 631 0 (0 -4096 -48 ) (-23.464046 -4096 -48 ) (-23.464046 -3875.071777 -48 ) (0 -3875.071777 -48 ) 
4 628 647 0 (-40 -4096 -48 ) (-37.607639 -4096 -48 ) (-37.607639 -4096 0 ) (-40 -4096 0 ) 
4 628 631 0 (-37.607639 -4096 -48 ) (-40 -4096 -48 ) (-40 -3872 -48 ) (-37.607639 -3872 -48 ) 
4 628 629 0 (-40 -3072 -48 ) (-40 -4096 -48 ) (-40 -4096 -16 ) (-40 -3072 -16 ) 
4 629 648 0 (-367.464142 -4096 -48 ) (-40 -4096 -48 ) (-40 -4096 -16 ) (-367.464142 -4096 -16 ) 
4 629 633 0 (-40 -4096 -48 ) (-367.464142 -4096 -48 ) (-367.464142 -3072 -48 ) (-40 -3072 -48 ) 
4 630 676 0 (-1024 -4096 -48 ) (-1024 -4096 0 ) (-1024 -3072 0 ) (-1024 -3072 -48 ) 
4 630 652 0 (-382.535858 -4096 -48 ) (-381.607727 -4096 -48 ) (-381.607727 -4096 0 ) (-382.535858 -4096 0 ) 
4 630 654 0 (-1024 -4096 0 ) (-1024 -4096 -48 ) (-382.535858 -4096 -48 ) (-382.535858 -4096 0 ) 
4 630 633 0 (-381.607727 -4096 -48 ) (-1024 -4096 -48 ) (-1024 -3072 -48 ) (-381.607727 -3072 -48 ) 
4 631 656 0 (0 -4096 -80 ) (0 -4096 -48 ) (-40 -4096 -48 ) (-40 -4096 -80 ) 
4 631 632 0 (0 -4096 -80 ) (-40 -4096 -80 ) (-40 -3872 -80 ) (0 -3872 -80 ) 
4 631 633 0 (-40 -4096 -80 ) (-40 -4096 -48 ) (-40 -3872 -48 ) (-40 -3872 -80 ) 
4 632 656 0 (-40 -4096 -1024 ) (0 -4096 -1024 ) (0 -4096 -80 ) (-40 -4096 -80 ) 
4 632 633 0 (-40 -3072 -1024 ) (-40 -4096 -1024 ) (-40 -4096 -80 ) (-40 -3072 -80 ) 
4 633 676 0 (-1024 -4096 -1024 ) (-1024 -4096 -48 ) (-1024 -3072 -48 ) (-1024 -3072 -1024 ) 
4 633 656 0 (-1024 -4096 -48 ) (-1024 -4096 -1024 ) (-40 -4096 -1024 ) (-40 -4096 -48 ) 
4 634 677 0 (-1024 -5120 160 ) (-1024 -5120 272 ) (-1024 -4096 272 ) (-1024 -4096 160 ) 
4 634 657 0 (-1024 -5120 272 ) (-1024 -5120 160 ) (0 -5120 160 ) (0 -5120 272 ) 
4 634 643 0 (-381.607727 -4615.072266 160 ) (-381.607727 -4616 160 ) (-382.535858 -4616 160 ) (-382.535858 -4615.072266 160 ) 
4 634 642 0 (-382.535858 -4096 160 ) (-381.607727 -4096 160 ) (-381.607727 -4600.928711 160 ) (-382.535858 -4600.928711 160 ) 
4 634 641 0 (0 -4615.072266 160 ) (0 -4616 160 ) (-367.464142 -4616 160 ) (-367.464142 -4615.072266 160 ) 
4 634 639 0 (-46.535851 -4247.072266 160 ) (-367.464142 -4247.072266 160 ) (-367.464142 -4232.928711 160 ) (-46.535851 -4232.928711 160 ) 
4 634 640 0 (0 -4247.072266 160 ) (0 -4600.928711 160 ) (-367.464142 -4600.928711 160 ) (-367.464142 -4247.072266 160 ) 
4 634 638 0 (-367.464142 -4096 160 ) (-40 -4096 160 ) (-40 -4232.928711 160 ) (-367.464142 -4232.928711 160 ) 
4 634 635 0 (-40 -4096 160 ) (0 -4096 160 ) (0 -4232.928711 160 ) (-40 -4232.928711 160 ) 
4 634 644 0 (-1024 -4616 160 ) (-1024 -4096 160 ) (-382.535858 -4096 160 ) (-382.535858 -4616 160 ) 
4 634 645 0 (0 -5120 160 ) (-1024 -5120 160 ) (-1024 -4616 160 ) (0 -4616 160 ) 
4 635 638 0 (-40 -4232.928711 159 ) (-40 -4232.928711 160 ) (-40 -4096 160 ) (-40 -4096 159 ) 
4 635 636 0 (0 -4232.928711 159 ) (-23.464046 -4232.928711 159 ) (-23.464046 -4096 159 ) (0 -4096 159 ) 
4 635 637 0 (-37.607639 -4232.928711 159 ) (-40 -4232.928711 159 ) (-40 -4096 159 ) (-37.607639 -4096 159 ) 
4 636 646 0 (-23.464046 -4096 0 ) (0 -4096 0 ) (0 -4232.928711 0 ) (-23.464046 -4232.928711 0 ) 
4 637 647 0 (-40 -4096 0 ) (-37.607639 -4096 0 ) (-37.607639 -4232.928711 0 ) (-40 -4232.928711 0 ) 
4 637 638 0 (-40 -4232.928711 16 ) (-40 -4232.928711 159 ) (-40 -4096 159 ) (-40 -4096 16 ) 
4 638 639 0 (-367.464142 -4232.928711 160 ) (-367.464142 -4232.928711 16 ) (-46.535851 -4232.928711 16 ) (-46.535851 -4232.928711 160 ) 
4 639 640 0 (-367.464142 -4247.072266 160 ) (-367.464142 -4247.072266 16 ) (-46.535851 -4247.072266 16 ) (-46.535851 -4247.072266 160 ) 
4 641 651 0 (0 -4615.072266 0 ) (0 -4616 0 ) (-367.464142 -4616 0 ) (-367.464142 -4615.072266 0 ) 
4 641 645 0 (-367.464142 -4616 0 ) (0 -4616 0 ) (0 -4616 160 ) (-367.464142 -4616 160 ) 
4 642 652 0 (-382.535858 -4096 0 ) (-381.607727 -4096 0 ) (-381.607727 -4600.928711 0 ) (-382.535858 -4600.928711 0 ) 
4 642 644 0 (-382.535858 -4096 0 ) (-382.535858 -4600.928711 0 ) (-382.535858 -4600.928711 160 ) (-382.535858 -4096 160 ) 
4 643 653 0 (-381.607727 -4615.072266 0 ) (-381.607727 -4616 0 ) (-382.535858 -4616 0 ) (-382.535858 -4615.072266 0 ) 
4 643 644 0 (-382.535858 -4615.072266 0 ) (-382.535858 -4616 0 ) (-382.535858 -4616 160 ) (-382.535858 -4615.072266 160 ) 
4 643 645 0 (-382.535858 -4616 0 ) (-381.607727 -4616 0 ) (-381.607727 -4616 160 ) (-382.535858 -4616 160 ) 
4 644 677 0 (-1024 -4616 160 ) (-1024 -4096 160 ) (-1024 -4096 0 ) (-1024 -4616 0 ) 
4 644 654 0 (-1024 -4616 0 ) (-1024 -4096 0 ) (-382.535858 -4096 0 ) (-382.535858 -4616 0 ) 
4 644 645 0 (-1024 -4616 0 ) (-382.535858 -4616 0 ) (-382.535858 -4616 160 ) (-1024 -4616 160 ) 
4 645 677 0 (-1024 -5120 0 ) (-1024 -5120 160 ) (-1024 -4616 160 ) (-1024 -4616 0 ) 
4 645 657 0 (-1024 -5120 160 ) (-1024 -5120 0 ) (0 -5120 0 ) (0 -5120 160 ) 
4 645 655 0 (0 -5120 0 ) (-1024 -5120 0 ) (-1024 -4616 0 ) (0 -4616 0 ) 
4 646 656 0 (-23.464046 -4096 -48 ) (0 -4096 -48 ) (0 -4232.928711 -48 ) (-23.464046 -4232.928711 -48 ) 
4 647 656 0 (-40 -4096 -48 ) (-37.607639 -4096 -48 ) (-37.607639 -4232.928711 -48 ) (-40 -4232.928711 -48 ) 
4 647 648 0 (-40 -4096 -48 ) (-40 -4232.928711 -48 ) (-40 -4232.928711 -16 ) (-40 -4096 -16 ) 
4 648 656 0 (-367.464142 -4096 -48 ) (-40 -4096 -48 ) (-40 -4232.928711 -48 ) (-367.464142 -4232.928711 -48 ) 
4 648 649 0 (-367.464142 -4232.928711 -16 ) (-367.464142 -4232.928711 -48 ) (-46.535851 -4232.928711 -48 ) (-46.535851 -4232.928711 -16 ) 
4 649 656 0 (-46.535851 -4247.072266 -48 ) (-367.464142 -4247.072266 -48 ) (-367.464142 -4232.928711 -48 ) (-46.535851 -4232.928711 -48 ) 
4 649 650 0 (-46.535851 -4247.072266 -16 ) (-367.464142 -4247.072266 -16 ) (-367.464142 -4247.072266 -48 ) (-46.535851 -4247.072266 -48 ) 
4 650 656 0 (0 -4247.072266 -48 ) (0 -4600.928711 -48 ) (-367.464142 -4600.928711 -48 ) (-367.464142 -4247.072266 -48 ) 
4 651 656 0 (0 -4615.072266 -48 ) (0 -4616 -48 ) (-367.464142 -4616 -48 ) (-367.464142 -4615.072266 -48 ) 
4 651 655 0 (-367.464142 -4616 -48 ) (0 -4616 -48 ) (0 -4616 0 ) (-367.464142 -4616 0 ) 
4 652 656 0 (-382.535858 -4096 -48 ) (-381.607727 -4096 -48 ) (-381.607727 -4600.928711 -48 ) (-382.535858 -4600.928711 -48 ) 
4 652 654 0 (-382.535858 -4096 -48 ) (-382.535858 -4600.928711 -48 ) (-382.535858 -4600.928711 0 ) (-382.535858 -4096 0 ) 
4 653 656 0 (-381.607727 -4615.072266 -48 ) (-381.607727 -4616 -48 ) (-382.535858 -4616 -48 ) (-382.535858 -4615.072266 -48 ) 
4 653 654 0 (-382.535858 -4615.072266 -48 ) (-382.535858 -4616 -48 ) (-382.535858 -4616 0 ) (-382.535858 -4615.072266 0 ) 
4 653 655 0 (-382.535858 -4616 -48 ) (-381.607727 -4616 -48 ) (-381.607727 -4616 0 ) (-382.535858 -4616 0 ) 
4 654 678 0 (-1024 -4616 0 ) (-1024 -4096 0 ) (-1024 -4096 -48 ) (-1024 -4616 -48 ) 
4 654 656 0 (-1024 -4616 -48 ) (-1024 -4096 -48 ) (-382.535858 -4096 -48 ) (-382.535858 -4616 -48 ) 
4 654 655 0 (-1024 -4616 -48 ) (-382.535858 -4616 -48 ) (-382.535858 -4616 0 ) (-1024 -4616 0 ) 
4 655 678 0 (-1024 -5120 -48 ) (-1024 -5120 0 ) (-1024 -4616 0 ) (-1024 -4616 -48 ) 
4 655 658 0 (-1024 -5120 0 ) (-1024 -5120 -48 ) (0 -5120 -48 ) (0 -5120 0 ) 
4 655 656 0 (0 -5120 -48 ) (-1024 -5120 -48 ) (-1024 -4616 -48 ) (0 -4616 -48 ) 
4 656 678 0 (-1024 -5120 -1024 ) (-1024 -5120 -48 ) (-1024 -4096 -48 ) (-1024 -4096 -1024 ) 
4 656 658 0 (-1024 -5120 -48 ) (-1024 -5120 -1024 ) (0 -5120 -1024 ) (0 -5120 -48 ) 
4 657 679 0 (-1024 -5120 272 ) (-1024 -5120 0 ) (-1024 -5376 0 ) (-1024 -5376 272 ) 
4 657 658 0 (-1024 -5376 0 ) (-1024 -5120 0 ) (0 -5120 0 ) (0 -5376 0 ) 
4 658 680 0 (-1024 -5376 -1024 ) (-1024 -5376 0 ) (-1024 -5120 0 ) (-1024 -5120 -1024 ) 
4 659 681 0 (-2048 4096 0 ) (-2048 4096 272 ) (-2048 4624 272 ) (-2048 4624 0 ) 
4 659 661 0 (-2048 4096 272 ) (-2048 4096 0 ) (-1024 4096 0 ) (-1024 4096 272 ) 
4 659 660 0 (-1024 4096 0 ) (-2048 4096 0 ) (-2048 4624 0 ) (-1024 4624 0 ) 
4 660 682 0 (-2048 4096 -1024 ) (-2048 4096 0 ) (-2048 4624 0 ) (-2048 4624 -1024 ) 
4 660 662 0 (-2048 4096 0 ) (-2048 4096 -1024 ) (-1024 4096 -1024 ) (-1024 4096 0 ) 
4 661 683 0 (-2048 3072 0 ) (-2048 3072 272 ) (-2048 4096 272 ) (-2048 4096 0 ) 
4 661 663 0 (-2048 3072 272 ) (-2048 3072 0 ) (-1024 3072 0 ) (-1024 3072 272 ) 
4 661 662 0 (-1024 3072 0 ) (-2048 3072 0 ) (-2048 4096 0 ) (-1024 4096 0 ) 
4 662 684 0 (-2048 3072 -1024 ) (-2048 3072 0 ) (-2048 4096 0 ) (-2048 4096 -1024 ) 
4 662 664 0 (-2048 3072 0 ) (-2048 3072 -1024 ) (-1024 3072 -1024 ) (-1024 3072 0 ) 
4 663 685 0 (-2048 2048 0 ) (-2048 2048 272 ) (-2048 3072 272 ) (-2048 3072 0 ) 
4 663 665 0 (-2048 2048 272 ) (-2048 2048 0 ) (-1024 2048 0 ) (-1024 2048 272 ) 
4 663 664 0 (-1024 2048 0 ) (-2048 2048 0 ) (-2048 3072 0 ) (-1024 3072 0 ) 
4 664 686 0 (-2048 2048 -1024 ) (-2048 2048 0 ) (-2048 3072 0 ) (-2048 3072 -1024 ) 
4 664 666 0 (-2048 2048 0 ) (-2048 2048 -1024 ) (-1024 2048 -1024 ) (-1024 2048 0 ) 
4 665 687 0 (-2048 1024 0 ) (-2048 1024 272 ) (-2048 2048 272 ) (-2048 2048 0 ) 
4 665 667 0 (-2048 1024 272 ) (-2048 1024 0 ) (-1024 1024 0 ) (-1024 1024 272 ) 
4 665 666 0 (-1024 1024 0 ) (-2048 1024 0 ) (-2048 2048 0 ) (-1024 2048 0 ) 
4 666 688 0 (-2048 1024 -1024 ) (-2048 1024 0 ) (-2048 2048 0 ) (-2048 2048 -1024 ) 
4 666 668 0 (-2048 1024 0 ) (-2048 1024 -1024 ) (-1024 1024 -1024 ) (-1024 1024 0 ) 
4 667 689 0 (-2048 0 0 ) (-2048 0 272 ) (-2048 1024 272 ) (-2048 1024 0 ) 
4 667 669 0 (-2048 0 272 ) (-2048 0 0 ) (-1024 0 0 ) (-1024 0 272 ) 
4 667 668 0 (-1024 0 0 ) (-2048 0 0 ) (-2048 1024 0 ) (-1024 1024 0 ) 
4 668 690 0 (-2048 0 -1024 ) (-2048 0 0 ) (-2048 1024 0 ) (-2048 1024 -1024 ) 
4 668 670 0 (-2048 0 0 ) (-2048 0 -1024 ) (-1024 0 -1024 ) (-1024 0 0 ) 
4 669 691 0 (-2048 -1024 0 ) (-2048 -1024 272 ) (-2048 0 272 ) (-2048 0 0 ) 
4 669 671 0 (-2048 -1024 272 ) (-2048 -1024 0 ) (-1024 -1024 0 ) (-1024 -1024 272 ) 
4 669 670 0 (-1024 -1024 0 ) (-2048 -1024 0 ) (-2048 0 0 ) (-1024 0 0 ) 
4 670 692 0 (-2048 -1024 -1024 ) (-2048 -1024 0 ) (-2048 0 0 ) (-2048 0 -1024 ) 
4 670 672 0 (-2048 -1024 0 ) (-2048 -1024 -1024 ) (-1024 -1024 -1024 ) (-1024 -1024 0 ) 
4 671 693 0 (-2048 -2048 0 ) (-2048 -2048 272 ) (-2048 -1024 272 ) (-2048 -1024 0 ) 
4 671 673 0 (-2048 -2048 272 ) (-2048 -2048 0 ) (-1024 -2048 0 ) (-1024 -2048 272 ) 
4 671 672 0 (-1024 -2048 0 ) (-2048 -2048 0 ) (-2048 -1024 0 ) (-1024 -1024 0 ) 
4 672 694 0 (-2048 -2048 -1024 ) (-2048 -2048 0 ) (-2048 -1024 0 ) (-2048 -1024 -1024 ) 
4 672 674 0 (-2048 -2048 0 ) (-2048 -2048 -1024 ) (-1024 -2048 -1024 ) (-1024 -2048 0 ) 
4 673 695 0 (-2048 -3072 0 ) (-2048 -3072 272 ) (-2048 -2048 272 ) (-2048 -2048 0 ) 
4 673 675 0 (-2048 -3072 272 ) (-2048 -3072 0 ) (-1024 -3072 0 ) (-1024 -3072 272 ) 
4 673 674 0 (-1024 -3072 0 ) (-2048 -3072 0 ) (-2048 -2048 0 ) (-1024 -2048 0 ) 
4 674 696 0 (-2048 -3072 -1024 ) (-2048 -3072 0 ) (-2048 -2048 0 ) (-2048 -2048 -1024 ) 
4 674 676 0 (-2048 -3072 0 ) (-2048 -3072 -1024 ) (-1024 -3072 -1024 ) (-1024 -3072 0 ) 
4 675 697 0 (-2048 -4096 0 ) (-2048 -4096 272 ) (-2048 -3072 272 ) (-2048 -3072 0 ) 
4 675 677 0 (-2048 -4096 272 ) (-2048 -4096 0 ) (-1024 -4096 0 ) (-1024 -4096 272 ) 
4 675 676 0 (-1024 -4096 0 ) (-2048 -4096 0 ) (-2048 -3072 0 ) (-1024 -3072 0 ) 
4 676 698 0 (-2048 -4096 -1024 ) (-2048 -4096 0 ) (-2048 -3072 0 ) (-2048 -3072 -1024 ) 
4 676 678 0 (-2048 -4096 0 ) (-2048 -4096 -1024 ) (-1024 -4096 -1024 ) (-1024 -4096 0 ) 
4 677 699 0 (-2048 -5120 0 ) (-2048 -5120 272 ) (-2048 -4096 272 ) (-2048 -4096 0 ) 
4 677 679 0 (-2048 -5120 272 ) (-2048 -5120 0 ) (-1024 -5120 0 ) (-1024 -5120 272 ) 
4 677 678 0 (-1024 -5120 0 ) (-2048 -5120 0 ) (-2048 -4096 0 ) (-1024 -4096 0 ) 
4 678 700 0 (-2048 -5120 -1024 ) (-2048 -5120 0 ) (-2048 -4096 0 ) (-2048 -4096 -1024 ) 
4 678 680 0 (-2048 -5120 0 ) (-2048 -5120 -1024 ) (-1024 -5120 -1024 ) (-1024 -5120 0 ) 
4 679 701 0 (-2048 -5376 272 ) (-2048 -5120 272 ) (-2048 -5120 0 ) (-2048 -5376 0 ) 
4 679 680 0 (-2048 -5376 0 ) (-2048 -5120 0 ) (-1024 -5120 0 ) (-1024 -5376 0 ) 
4 680 702 0 (-2048 -5376 0 ) (-2048 -5120 0 ) (-2048 -5120 -1024 ) (-2048 -5376 -1024 ) 
4 681 703 0 (-3072 4624 0 ) (-3072 4096 0 ) (-3072 4096 272 ) (-3072 4624 272 ) 
4 681 683 0 (-3072 4096 272 ) (-3072 4096 0 ) (-2048 4096 0 ) (-2048 4096 272 ) 
4 681 682 0 (-2048 4096 0 ) (-3072 4096 0 ) (-3072 4624 0 ) (-2048 4624 0 ) 
4 682 704 0 (-3072 4096 -1024 ) (-3072 4096 0 ) (-3072 4624 0 ) (-3072 4624 -1024 ) 
4 682 684 0 (-3072 4096 0 ) (-3072 4096 -1024 ) (-2048 4096 -1024 ) (-2048 4096 0 ) 
4 683 705 0 (-3072 3072 0 ) (-3072 3072 272 ) (-3072 4096 272 ) (-3072 4096 0 ) 
4 683 685 0 (-3072 3072 272 ) (-3072 3072 0 ) (-2048 3072 0 ) (-2048 3072 272 ) 
4 683 684 0 (-2048 3072 0 ) (-3072 3072 0 ) (-3072 4096 0 ) (-2048 4096 0 ) 
4 684 706 0 (-3072 3072 -1024 ) (-3072 3072 0 ) (-3072 4096 0 ) (-3072 4096 -1024 ) 
4 684 686 0 (-3072 3072 0 ) (-3072 3072 -1024 ) (-2048 3072 -1024 ) (-2048 3072 0 ) 
4 685 707 0 (-3072 2048 0 ) (-3072 2048 272 ) (-3072 3072 272 ) (-3072 3072 0 ) 
4 685 687 0 (-3072 2048 272 ) (-3072 2048 0 ) (-2048 2048 0 ) (-2048 2048 272 ) 
4 685 686 0 (-2048 2048 0 ) (-3072 2048 0 ) (-3072 3072 0 ) (-2048 3072 0 ) 
4 686 708 0 (-3072 2048 -1024 ) (-3072 2048 0 ) (-3072 3072 0 ) (-3072 3072 -1024 ) 
4 686 688 0 (-3072 2048 0 ) (-3072 2048 -1024 ) (-2048 2048 -1024 ) (-2048 2048 0 ) 
4 687 709 0 (-3072 1024 0 ) (-3072 1024 272 ) (-3072 2048 272 ) (-3072 2048 0 ) 
4 687 689 0 (-3072 1024 272 ) (-3072 1024 0 ) (-2048 1024 0 ) (-2048 1024 272 ) 
4 687 688 0 (-2048 1024 0 ) (-3072 1024 0 ) (-3072 2048 0 ) (-2048 2048 0 ) 
4 688 710 0 (-3072 1024 -1024 ) (-3072 1024 0 ) (-3072 2048 0 ) (-3072 2048 -1024 ) 
4 688 690 0 (-3072 1024 0 ) (-3072 1024 -1024 ) (-2048 1024 -1024 ) (-2048 1024 0 ) 
4 689 711 0 (-3072 0 0 ) (-3072 0 272 ) (-3072 1024 272 ) (-3072 1024 0 ) 
4 689 691 0 (-3072 0 272 ) (-3072 0 0 ) (-2048 0 0 ) (-2048 0 272 ) 
4 689 690 0 (-2048 0 0 ) (-3072 0 0 ) (-3072 1024 0 ) (-2048 1024 0 ) 
4 690 712 0 (-3072 0 -1024 ) (-3072 0 0 ) (-3072 1024 0 ) (-3072 1024 -1024 ) 
4 690 692 0 (-3072 0 0 ) (-3072 0 -1024 ) (-2048 0 -1024 ) (-2048 0 0 ) 
4 691 713 0 (-3072 -1024 0 ) (-3072 -1024 272 ) (-3072 0 272 ) (-3072 0 0 ) 
4 691 693 0 (-3072 -1024 272 ) (-3072 -1024 0 ) (-2048 -1024 0 ) (-2048 -1024 272 ) 
4 691 692 0 (-2048 -1024 0 ) (-3072 -1024 0 ) (-3072 0 0 ) (-2048 0 0 ) 
4 692 714 0 (-3072 -1024 -1024 ) (-3072 -1024 0 ) (-3072 0 0 ) (-3072 0 -1024 ) 
4 692 694 0 (-3072 -1024 0 ) (-3072 -1024 -1024 ) (-2048 -1024 -1024 ) (-2048 -1024 0 ) 
4 693 715 0 (-3072 -2048 0 ) (-3072 -2048 272 ) (-3072 -1024 272 ) (-3072 -1024 0 ) 
4 693 695 0 (-3072 -2048 272 ) (-3072 -2048 0 ) (-2048 -2048 0 ) (-2048 -2048 272 ) 
4 693 694 0 (-2048 -2048 0 ) (-3072 -2048 0 ) (-3072 -1024 0 ) (-2048 -1024 0 ) 
4 694 716 0 (-3072 -2048 -1024 ) (-3072 -2048 0 ) (-3072 -1024 0 ) (-3072 -1024 -1024 ) 
4 694 696 0 (-3072 -2048 0 ) (-3072 -2048 -1024 ) (-2048 -2048 -1024 ) (-2048 -2048 0 ) 
4 695 717 0 (-3072 -3072 0 ) (-3072 -3072 272 ) (-3072 -2048 272 ) (-3072 -2048 0 ) 
4 695 697 0 (-3072 -3072 272 ) (-3072 -3072 0 ) (-2048 -3072 0 ) (-2048 -3072 272 ) 
4 695 696 0 (-2048 -3072 0 ) (-3072 -3072 0 ) (-3072 -2048 0 ) (-2048 -2048 0 ) 
4 696 718 0 (-3072 -3072 -1024 ) (-3072 -3072 0 ) (-3072 -2048 0 ) (-3072 -2048 -1024 ) 
4 696 698 0 (-3072 -3072 0 ) (-3072 -3072 -1024 ) (-2048 -3072 -1024 ) (-2048 -3072 0 ) 
4 697 719 0 (-3072 -4096 0 ) (-3072 -4096 272 ) (-3072 -3072 272 ) (-3072 -3072 0 ) 
4 697 699 0 (-3072 -4096 272 ) (-3072 -4096 0 ) (-2048 -4096 0 ) (-2048 -4096 272 ) 
4 697 698 0 (-2048 -4096 0 ) (-3072 -4096 0 ) (-3072 -3072 0 ) (-2048 -3072 0 ) 
4 698 720 0 (-3072 -4096 -1024 ) (-3072 -4096 0 ) (-3072 -3072 0 ) (-3072 -3072 -1024 ) 
4 698 700 0 (-3072 -4096 0 ) (-3072 -4096 -1024 ) (-2048 -4096 -1024 ) (-2048 -4096 0 ) 
4 699 721 0 (-3072 -5120 0 ) (-3072 -5120 272 ) (-3072 -4096 272 ) (-3072 -4096 0 ) 
4 699 701 0 (-3072 -5120 272 ) (-3072 -5120 0 ) (-2048 -5120 0 ) (-2048 -5120 272 ) 
4 699 700 0 (-2048 -5120 0 ) (-3072 -5120 0 ) (-3072 -4096 0 ) (-2048 -4096 0 ) 
4 700 722 0 (-3072 -5120 -1024 ) (-3072 -5120 0 ) (-3072 -4096 0 ) (-3072 -4096 -1024 ) 
4 700 702 0 (-3072 -5120 0 ) (-3072 -5120 -1024 ) (-2048 -5120 -1024 ) (-2048 -5120 0 ) 
4 701 723 0 (-3072 -5120 272 ) (-3072 -5120 0 ) (-3072 -5376 0 ) (-3072 -5376 272 ) 
4 701 702 0 (-3072 -5376 0 ) (-3072 -5120 0 ) (-2048 -5120 0 ) (-2048 -5376 0 ) 
4 702 724 0 (-3072 -5376 -1024 ) (-3072 -5376 0 ) (-3072 -5120 0 ) (-3072 -5120 -1024 ) 
4 703 725 0 (-4096 4096 0 ) (-4096 4096 272 ) (-4096 4624 272 ) (-4096 4624 0 ) 
4 703 705 0 (-4096 4096 272 ) (-4096 4096 0 ) (-3072 4096 0 ) (-3072 4096 272 ) 
4 703 704 0 (-3072 4096 0 ) (-4096 4096 0 ) (-4096 4624 0 ) (-3072 4624 0 ) 
4 704 726 0 (-4096 4096 -1024 ) (-4096 4096 0 ) (-4096 4624 0 ) (-4096 4624 -1024 ) 
4 704 706 0 (-4096 4096 0 ) (-4096 4096 -1024 ) (-3072 4096 -1024 ) (-3072 4096 0 ) 
4 705 727 0 (-4096 3072 0 ) (-4096 3072 272 ) (-4096 4096 272 ) (-4096 4096 0 ) 
4 705 707 0 (-4096 3072 272 ) (-4096 3072 0 ) (-3072 3072 0 ) (-3072 3072 272 ) 
4 705 706 0 (-3072 3072 0 ) (-4096 3072 0 ) (-4096 4096 0 ) (-3072 4096 0 ) 
4 706 728 0 (-4096 3072 -1024 ) (-4096 3072 0 ) (-4096 4096 0 ) (-4096 4096 -1024 ) 
4 706 708 0 (-4096 3072 0 ) (-4096 3072 -1024 ) (-3072 3072 -1024 ) (-3072 3072 0 ) 
4 707 729 0 (-4096 2048 0 ) (-4096 2048 272 ) (-4096 3072 272 ) (-4096 3072 0 ) 
4 707 709 0 (-4096 2048 272 ) (-4096 2048 0 ) (-3072 2048 0 ) (-3072 2048 272 ) 
4 707 708 0 (-3072 2048 0 ) (-4096 2048 0 ) (-4096 3072 0 ) (-3072 3072 0 ) 
4 708 730 0 (-4096 2048 -1024 ) (-4096 2048 0 ) (-4096 3072 0 ) (-4096 3072 -1024 ) 
4 708 710 0 (-4096 2048 0 ) (-4096 2048 -1024 ) (-3072 2048 -1024 ) (-3072 2048 0 ) 
4 709 731 0 (-4096 1024 0 ) (-4096 1024 272 ) (-4096 2048 272 ) (-4096 2048 0 ) 
4 709 711 0 (-4096 1024 272 ) (-4096 1024 0 ) (-3072 1024 0 ) (-3072 1024 272 ) 
4 709 710 0 (-3072 1024 0 ) (-4096 1024 0 ) (-4096 2048 0 ) (-3072 2048 0 ) 
4 710 732 0 (-4096 1024 -1024 ) (-4096 1024 0 ) (-4096 2048 0 ) (-4096 2048 -1024 ) 
4 710 712 0 (-4096 1024 0 ) (-4096 1024 -1024 ) (-3072 1024 -1024 ) (-3072 1024 0 ) 
4 711 733 0 (-4096 0 0 ) (-4096 0 272 ) (-4096 1024 272 ) (-4096 1024 0 ) 
4 711 713 0 (-4096 0 272 ) (-4096 0 0 ) (-3072 0 0 ) (-3072 0 272 ) 
4 711 712 0 (-3072 0 0 ) (-4096 0 0 ) (-4096 1024 0 ) (-3072 1024 0 ) 
4 712 734 0 (-4096 0 -1024 ) (-4096 0 0 ) (-4096 1024 0 ) (-4096 1024 -1024 ) 
4 712 714 0 (-4096 0 0 ) (-4096 0 -1024 ) (-3072 0 -1024 ) (-3072 0 0 ) 
4 713 735 0 (-4096 -1024 0 ) (-4096 -1024 272 ) (-4096 0 272 ) (-4096 0 0 ) 
4 713 715 0 (-4096 -1024 272 ) (-4096 -1024 0 ) (-3072 -1024 0 ) (-3072 -1024 272 ) 
4 713 714 0 (-3072 -1024 0 ) (-4096 -1024 0 ) (-4096 0 0 ) (-3072 0 0 ) 
4 714 736 0 (-4096 -1024 -1024 ) (-4096 -1024 0 ) (-4096 0 0 ) (-4096 0 -1024 ) 
4 714 716 0 (-4096 -1024 0 ) (-4096 -1024 -1024 ) (-3072 -1024 -1024 ) (-3072 -1024 0 ) 
4 715 737 0 (-4096 -2048 0 ) (-4096 -2048 272 ) (-4096 -1024 272 ) (-4096 -1024 0 ) 
4 715 717 0 (-4096 -2048 272 ) (-4096 -2048 0 ) (-3072 -2048 0 ) (-3072 -2048 272 ) 
4 715 716 0 (-3072 -2048 0 ) (-4096 -2048 0 ) (-4096 -1024 0 ) (-3072 -1024 0 ) 
4 716 738 0 (-4096 -2048 -1024 ) (-4096 -2048 0 ) (-4096 -1024 0 ) (-4096 -1024 -1024 ) 
4 716 718 0 (-4096 -2048 0 ) (-4096 -2048 -1024 ) (-3072 -2048 -1024 ) (-3072 -2048 0 ) 
4 717 739 0 (-4096 -3072 0 ) (-4096 -3072 272 ) (-4096 -2048 272 ) (-4096 -2048 0 ) 
4 717 719 0 (-4096 -3072 272 ) (-4096 -3072 0 ) (-3072 -3072 0 ) (-3072 -3072 272 ) 
4 717 718 0 (-3072 -3072 0 ) (-4096 -3072 0 ) (-4096 -2048 0 ) (-3072 -2048 0 ) 
4 718 740 0 (-4096 -3072 -1024 ) (-4096 -3072 0 ) (-4096 -2048 0 ) (-4096 -2048 -1024 ) 
4 718 720 0 (-4096 -3072 0 ) (-4096 -3072 -1024 ) (-3072 -3072 -1024 ) (-3072 -3072 0 ) 
4 719 741 0 (-4096 -4096 0 ) (-4096 -4096 272 ) (-4096 -3072 272 ) (-4096 -3072 0 ) 
4 719 721 0 (-4096 -4096 272 ) (-4096 -4096 0 ) (-3072 -4096 0 ) (-3072 -4096 272 ) 
4 719 720 0 (-3072 -4096 0 ) (-4096 -4096 0 ) (-4096 -3072 0 ) (-3072 -3072 0 ) 
4 720 742 0 (-4096 -4096 -1024 ) (-4096 -4096 0 ) (-4096 -3072 0 ) (-4096 -3072 -1024 ) 
4 720 722 0 (-4096 -4096 0 ) (-4096 -4096 -1024 ) (-3072 -4096 -1024 ) (-3072 -4096 0 ) 
4 721 743 0 (-4096 -5120 0 ) (-4096 -5120 272 ) (-4096 -4096 272 ) (-4096 -4096 0 ) 
4 721 723 0 (-4096 -5120 272 ) (-4096 -5120 0 ) (-3072 -5120 0 ) (-3072 -5120 272 ) 
4 721 722 0 (-3072 -5120 0 ) (-4096 -5120 0 ) (-4096 -4096 0 ) (-3072 -4096 0 ) 
4 722 744 0 (-4096 -5120 -1024 ) (-4096 -5120 0 ) (-4096 -4096 0 ) (-4096 -4096 -1024 ) 
4 722 724 0 (-4096 -5120 0 ) (-4096 -5120 -1024 ) (-3072 -5120 -1024 ) (-3072 -5120 0 ) 
4 723 745 0 (-4096 -5376 272 ) (-4096 -5120 272 ) (-4096 -5120 0 ) (-4096 -5376 0 ) 
4 723 724 0 (-4096 -5376 0 ) (-4096 -5120 0 ) (-3072 -5120 0 ) (-3072 -5376 0 ) 
4 724 746 0 (-4096 -5376 0 ) (-4096 -5120 0 ) (-4096 -5120 -1024 ) (-4096 -5376 -1024 ) 
4 725 727 0 (-4096 4096 0 ) (-4096 4096 272 ) (-4352 4096 272 ) (-4352 4096 0 ) 
4 725 726 0 (-4096 4096 0 ) (-4352 4096 0 ) (-4352 4624 0 ) (-4096 4624 0 ) 
4 726 728 0 (-4096 4096 -1024 ) (-4096 4096 0 ) (-4352 4096 0 ) (-4352 4096 -1024 ) 
4 727 729 0 (-4352 3072 0 ) (-4096 3072 0 ) (-4096 3072 272 ) (-4352 3072 272 ) 
4 727 728 0 (-4096 3072 0 ) (-4352 3072 0 ) (-4352 4096 0 ) (-4096 4096 0 ) 
4 728 730 0 (-4352 3072 -1024 ) (-4096 3072 -1024 ) (-4096 3072 0 ) (-4352 3072 0 ) 
4 729 731 0 (-4096 2048 0 ) (-4096 2048 272 ) (-4352 2048 272 ) (-4352 2048 0 ) 
4 729 730 0 (-4096 2048 0 ) (-4352 2048 0 ) (-4352 3072 0 ) (-4096 3072 0 ) 
4 730 732 0 (-4096 2048 -1024 ) (-4096 2048 0 ) (-4352 2048 0 ) (-4352 2048 -1024 ) 
4 731 733 0 (-4352 1024 0 ) (-4096 1024 0 ) (-4096 1024 272 ) (-4352 1024 272 ) 
4 731 732 0 (-4096 1024 0 ) (-4352 1024 0 ) (-4352 2048 0 ) (-4096 2048 0 ) 
4 732 734 0 (-4352 1024 -1024 ) (-4096 1024 -1024 ) (-4096 1024 0 ) (-4352 1024 0 ) 
4 733 735 0 (-4096 0 0 ) (-4096 0 272 ) (-4352 0 272 ) (-4352 0 0 ) 
4 733 734 0 (-4096 0 0 ) (-4352 0 0 ) (-4352 1024 0 ) (-4096 1024 0 ) 
4 734 736 0 (-4096 0 -1024 ) (-4096 0 0 ) (-4352 0 0 ) (-4352 0 -1024 ) 
4 735 737 0 (-4352 -1024 0 ) (-4096 -1024 0 ) (-4096 -1024 272 ) (-4352 -1024 272 ) 
4 735 736 0 (-4096 -1024 0 ) (-4352 -1024 0 ) (-4352 0 0 ) (-4096 0 0 ) 
4 736 738 0 (-4352 -1024 -1024 ) (-4096 -1024 -1024 ) (-4096 -1024 0 ) (-4352 -1024 0 ) 
4 737 739 0 (-4096 -2048 0 ) (-4096 -2048 272 ) (-4352 -2048 272 ) (-4352 -2048 0 ) 
4 737 738 0 (-4096 -2048 0 ) (-4352 -2048 0 ) (-4352 -1024 0 ) (-4096 -1024 0 ) 
4 738 740 0 (-4096 -2048 -1024 ) (-4096 -2048 0 ) (-4352 -2048 0 ) (-4352 -2048 -1024 ) 
4 739 741 0 (-4352 -3072 0 ) (-4096 -3072 0 ) (-4096 -3072 272 ) (-4352 -3072 272 ) 
4 739 740 0 (-4096 -3072 0 ) (-4352 -3072 0 ) (-4352 -2048 0 ) (-4096 -2048 0 ) 
4 740 742 0 (-4352 -3072 -1024 ) (-4096 -3072 -1024 ) (-4096 -3072 0 ) (-4352 -3072 0 ) 
4 741 743 0 (-4096 -4096 0 ) (-4096 -4096 272 ) (-4352 -4096 272 ) (-4352 -4096 0 ) 
4 741 742 0 (-4096 -4096 0 ) (-4352 -4096 0 ) (-4352 -3072 0 ) (-4096 -3072 0 ) 
4 742 744 0 (-4096 -4096 -1024 ) (-4096 -4096 0 ) (-4352 -4096 0 ) (-4352 -4096 -1024 ) 
4 743 745 0 (-4352 -5120 0 ) (-4096 -5120 0 ) (-4096 -5120 272 ) (-4352 -5120 272 ) 
4 743 744 0 (-4096 -5120 0 ) (-4352 -5120 0 ) (-4352 -4096 0 ) (-4096 -4096 0 ) 
4 744 746 0 (-4352 -5120 -1024 ) (-4096 -5120 -1024 ) (-4096 -5120 0 ) (-4352 -5120 0 ) 
4 745 746 0 (-4352 -5120 0 ) (-4096 -5120 0 ) (-4096 -5376 0 ) (-4352 -5376 0 ) 
4 0 (6656 4624 272 ) (6656 4096 272 ) (6656 4096 0 ) (6656 4624 0 ) 
4 0 (6656 4624 272 ) (6144 4624 272 ) (6144 4096 272 ) (6656 4096 272 ) 
4 0 (6144 4624 272 ) (6656 4624 272 ) (6656 4624 0 ) (6144 4624 0 ) 
4 1 (6656 4096 -1024 ) (6144 4096 -1024 ) (6144 4624 -1024 ) (6656 4624 -1024 ) 
4 1 (6656 4624 -1024 ) (6144 4624 -1024 ) (6144 4624 0 ) (6656 4624 0 ) 
4 1 (6656 4096 0 ) (6656 4096 -1024 ) (6656 4624 -1024 ) (6656 4624 0 ) 
4 2 (6656 4096 272 ) (6144 4096 272 ) (6144 3072 272 ) (6656 3072 272 ) 
4 2 (6656 4096 272 ) (6656 3072 272 ) (6656 3072 0 ) (6656 4096 0 ) 
4 3 (6656 4096 -1024 ) (6656 4096 0 ) (6656 3072 0 ) (6656 3072 -1024 ) 
4 3 (6144 4096 -1024 ) (6656 4096 -1024 ) (6656 3072 -1024 ) (6144 3072 -1024 ) 
4 4 (6656 2048 272 ) (6656 2048 0 ) (6656 3072 0 ) (6656 3072 272 ) 
4 4 (6144 2048 272 ) (6656 2048 272 ) (6656 3072 272 ) (6144 3072 272 ) 
4 5 (6656 2048 -1024 ) (6144 2048 -1024 ) (6144 3072 -1024 ) (6656 3072 -1024 ) 
4 5 (6656 3072 0 ) (6656 2048 0 ) (6656 2048 -1024 ) (6656 3072 -1024 ) 
4 6 (6656 2048 272 ) (6144 2048 272 ) (6144 1024 272 ) (6656 1024 272 ) 
4 6 (6656 2048 272 ) (6656 1024 272 ) (6656 1024 0 ) (6656 2048 0 ) 
4 7 (6656 2048 -1024 ) (6656 2048 0 ) (6656 1024 0 ) (6656 1024 -1024 ) 
4 7 (6144 2048 -1024 ) (6656 2048 -1024 ) (6656 1024 -1024 ) (6144 1024 -1024 ) 
4 8 (6656 0 272 ) (6656 0 0 ) (6656 1024 0 ) (6656 1024 272 ) 
4 8 (6144 0 272 ) (6656 0 272 ) (6656 1024 272 ) (6144 1024 272 ) 
4 9 (6656 0 -1024 ) (6144 0 -1024 ) (6144 1024 -1024 ) (6656 1024 -1024 ) 
4 9 (6656 1024 0 ) (6656 0 0 ) (6656 0 -1024 ) (6656 1024 -1024 ) 
4 10 (6656 0 272 ) (6144 0 272 ) (6144 -1024 272 ) (6656 -1024 272 ) 
4 10 (6656 0 272 ) (6656 -1024 272 ) (6656 -1024 0 ) (6656 0 0 ) 
4 11 (6656 0 -1024 ) (6656 0 0 ) (6656 -1024 0 ) (6656 -1024 -1024 ) 
4 11 (6144 0 -1024 ) (6656 0 -1024 ) (6656 -1024 -1024 ) (6144 -1024 -1024 ) 
4 12 (6656 -2048 272 ) (6656 -2048 0 ) (6656 -1024 0 ) (6656 -1024 272 ) 
4 12 (6144 -2048 272 ) (6656 -2048 272 ) (6656 -1024 272 ) (6144 -1024 272 ) 
4 13 (6656 -2048 -1024 ) (6144 -2048 -1024 ) (6144 -1024 -1024 ) (6656 -1024 -1024 ) 
4 13 (6656 -1024 0 ) (6656 -2048 0 ) (6656 -2048 -1024 ) (6656 -1024 -1024 ) 
4 14 (6656 -2048 272 ) (6144 -2048 272 ) (6144 -3072 272 ) (6656 -3072 272 ) 
4 14 (6656 -2048 272 ) (6656 -3072 272 ) (6656 -3072 0 ) (6656 -2048 0 ) 
4 15 (6656 -2048 -1024 ) (6656 -2048 0 ) (6656 -3072 0 ) (6656 -3072 -1024 ) 
4 15 (6144 -2048 -1024 ) (6656 -2048 -1024 ) (6656 -3072 -1024 ) (6144 -3072 -1024 ) 
4 16 (6656 -4096 272 ) (6656 -4096 0 ) (6656 -3072 0 ) (6656 -3072 272 ) 
4 16 (6144 -4096 272 ) (6656 -4096 272 ) (6656 -3072 272 ) (6144 -3072 272 ) 
4 17 (6656 -4096 -1024 ) (6144 -4096 -1024 ) (6144 -3072 -1024 ) (6656 -3072 -1024 ) 
4 17 (6656 -3072 0 ) (6656 -4096 0 ) (6656 -4096 -1024 ) (6656 -3072 -1024 ) 
4 18 (6656 -4096 272 ) (6144 -4096 272 ) (6144 -5120 272 ) (6656 -5120 272 ) 
4 18 (6656 -4096 272 ) (6656 -5120 272 ) (6656 -5120 0 ) (6656 -4096 0 ) 
4 19 (6656 -4096 -1024 ) (6656 -4096 0 ) (6656 -5120 0 ) (6656 -5120 -1024 ) 
4 19 (6144 -4096 -1024 ) (6656 -4096 -1024 ) (6656 -5120 -1024 ) (6144 -5120 -1024 ) 
4 20 (6656 -5120 272 ) (6144 -5120 272 ) (6144 -5376 272 ) (6656 -5376 272 ) 
4 20 (6144 -5376 272 ) (6144 -5376 0 ) (6656 -5376 0 ) (6656 -5376 272 ) 
4 20 (6656 -5120 272 ) (6656 -5376 272 ) (6656 -5376 0 ) (6656 -5120 0 ) 
4 21 (6656 -5120 -1024 ) (6656 -5120 0 ) (6656 -5376 0 ) (6656 -5376 -1024 ) 
4 21 (6656 -5376 0 ) (6144 -5376 0 ) (6144 -5376 -1024 ) (6656 -5376 -1024 ) 
4 21 (6144 -5120 -1024 ) (6656 -5120 -1024 ) (6656 -5376 -1024 ) (6144 -5376 -1024 ) 
4 22 (6144 4624 272 ) (5120 4624 272 ) (5120 4096 272 ) (6144 4096 272 ) 
4 22 (5120 4624 272 ) (6144 4624 272 ) (6144 4624 0 ) (5120 4624 0 ) 
4 23 (5120 4624 -1024 ) (5120 4624 0 ) (6144 4624 0 ) (6144 4624 -1024 ) 
4 23 (6144 4096 -1024 ) (5120 4096 -1024 ) (5120 4624 -1024 ) (6144 4624 -1024 ) 
4 24 (6144 4096 272 ) (5120 4096 272 ) (5120 3072 272 ) (6144 3072 272 ) 
4 25 (6144 3072 -1024 ) (5120 3072 -1024 ) (5120 4096 -1024 ) (6144 4096 -1024 ) 
4 26 (6144 3072 272 ) (5120 3072 272 ) (5120 2048 272 ) (6144 2048 272 ) 
4 27 (6144 2048 -1024 ) (5120 2048 -1024 ) (5120 3072 -1024 ) (6144 3072 -1024 ) 
4 28 (6144 2048 272 ) (5120 2048 272 ) (5120 1024 272 ) (6144 1024 272 ) 
4 29 (6144 1024 -1024 ) (5120 1024 -1024 ) (5120 2048 -1024 ) (6144 2048 -1024 ) 
4 30 (6144 1024 272 ) (5120 1024 272 ) (5120 0 272 ) (6144 0 272 ) 
4 31 (6144 0 -1024 ) (5120 0 -1024 ) (5120 1024 -1024 ) (6144 1024 -1024 ) 
4 32 (6144 0 272 ) (5120 0 272 ) (5120 -1024 272 ) (6144 -1024 272 ) 
4 33 (6144 -1024 -1024 ) (5120 -1024 -1024 ) (5120 0 -1024 ) (6144 0 -1024 ) 
4 34 (6144 -1024 272 ) (5120 -1024 272 ) (5120 -2048 272 ) (6144 -2048 272 ) 
4 35 (6144 -2048 -1024 ) (5120 -2048 -1024 ) (5120 -1024 -1024 ) (6144 -1024 -1024 ) 
4 36 (6144 -2048 272 ) (5120 -2048 272 ) (5120 -3072 272 ) (6144 -3072 272 ) 
4 37 (6144 -3072 -1024 ) (5120 -3072 -1024 ) (5120 -2048 -1024 ) (6144 -2048 -1024 ) 
4 38 (6144 -3072 272 ) (5120 -3072 272 ) (5120 -4096 272 ) (6144 -4096 272 ) 
4 39 (6144 -4096 -1024 ) (5120 -4096 -1024 ) (5120 -3072 -1024 ) (6144 -3072 -1024 ) 
4 40 (6144 -4096 272 ) (5120 -4096 272 ) (5120 -5120 272 ) (6144 -5120 272 ) 
4 41 (6144 -5120 -1024 ) (5120 -5120 -1024 ) (5120 -4096 -1024 ) (6144 -4096 -1024 ) 
4 42 (5120 -5376 272 ) (5120 -5376 0 ) (6144 -5376 0 ) (6144 -5376 272 ) 
4 42 (6144 -5120 272 ) (5120 -5120 272 ) (5120 -5376 272 ) (6144 -5376 272 ) 
4 43 (6144 -5376 -1024 ) (6144 -5376 0 ) (5120 -5376 0 ) (5120 -5376 -1024 ) 
4 43 (6144 -5376 -1024 ) (5120 -5376 -1024 ) (5120 -5120 -1024 ) (6144 -5120 -1024 ) 
4 44 (5120 4624 272 ) (5120 4624 0 ) (4096 4624 0 ) (4096 4624 272 ) 
4 44 (5120 4624 272 ) (4096 4624 272 ) (4096 4096 272 ) (5120 4096 272 ) 
4 45 (5120 4096 -1024 ) (4096 4096 -1024 ) (4096 4624 -1024 ) (5120 4624 -1024 ) 
4 45 (4096 4624 0 ) (5120 4624 0 ) (5120 4624 -1024 ) (4096 4624 -1024 ) 
4 46 (5120 4096 272 ) (4096 4096 272 ) (4096 3072 272 ) (5120 3072 272 ) 
4 47 (5120 3072 -1024 ) (4096 3072 -1024 ) (4096 4096 -1024 ) (5120 4096 -1024 ) 
4 48 (5120 3072 272 ) (4096 3072 272 ) (4096 2048 272 ) (5120 2048 272 ) 
4 49 (5120 2048 -1024 ) (4096 2048 -1024 ) (4096 3072 -1024 ) (5120 3072 -1024 ) 
4 50 (5120 2048 272 ) (4096 2048 272 ) (4096 1024 272 ) (5120 1024 272 ) 
4 51 (5120 1024 -1024 ) (4096 1024 -1024 ) (4096 2048 -1024 ) (5120 2048 -1024 ) 
4 52 (5120 1024 272 ) (4096 1024 272 ) (4096 0 272 ) (5120 0 272 ) 
4 53 (5120 0 -1024 ) (4096 0 -1024 ) (4096 1024 -1024 ) (5120 1024 -1024 ) 
4 54 (5120 0 272 ) (4096 0 272 ) (4096 -1024 272 ) (5120 -1024 272 ) 
4 55 (4448.238281 -743.567993 -1016 ) (4354.732910 -1024 -1016 ) (4354.732910 -1024 -932.455994 ) (4446.427734 -748.996826 -1008.104614 ) 
3 55 (4455.998047 -720.295044 -1016 ) (4448.238281 -743.567993 -1016 ) (4446.427734 -748.996826 -1008.104614 ) 
5 56 (4096 -620.018005 -1016 ) (4455.998047 -720.284424 -1016 ) (4455.997070 -720.286804 -1015.996582 ) (4455.979492 -720.300659 -1015.971802 ) (4096 -703.131714 -906.311157 ) 
4 57 (4446.425293 -748.998596 -1008.101318 ) (4354.730957 -1024 -932.453674 ) (4241.879883 -1024 -752.001404 ) (4264 -886.947937 -752.002197 ) 
4 57 (4456 -720.282654 -1016 ) (4456 -720.284546 -1016 ) (4446.425293 -748.998596 -1008.101318 ) (4264 -886.947937 -752.002197 ) 
3 57 (4264.002441 -886.940552 -752.011719 ) (4241.880371 -1024 -752.011719 ) (4241.880371 -1024 -680.111755 ) 
4 58 (4096 -1020.852783 -517.921143 ) (4264 -886.946167 -751.998596 ) (4204.942383 -1024 -560.063477 ) (4096 -1024 -514.085999 ) 
4 59 (4204.938965 -1024 -560.061096 ) (4263.997559 -886.942932 -752 ) (4263.998535 -886.953003 -751.998474 ) (4241.878906 -1024 -680.109558 ) 
3 60 (4264 -886.954163 -751.994324 ) (4096 -912.814941 -649.580078 ) (4096 -835.152344 -752 ) 
4 60 (4455.986328 -720.283081 -1015.992737 ) (4263.971680 -886.965881 -751.970459 ) (4096 -835.177063 -751.970398 ) (4096 -703.113892 -906.330688 ) 
3 61 (4096 -912.829651 -649.563843 ) (4263.959961 -886.973389 -751.955933 ) (4096 -1020.848877 -517.933777 ) 
4 62 (4448.236328 -743.567505 -1016 ) (4456 -720.282776 -1016 ) (4096 -620.015869 -1016 ) (4096 -634.966309 -1016 ) 
4 62 (4448.236328 -743.567505 -1016 ) (4096 -634.966309 -1016 ) (4096 -1024 -1016 ) (4354.730957 -1024 -1016 ) 
4 62 (5120 -1024 -1024 ) (4096 -1024 -1024 ) (4096 0 -1024 ) (5120 0 -1024 ) 
4 63 (5120 -1024 272 ) (4096 -1024 272 ) (4096 -2048 272 ) (5120 -2048 272 ) 
4 64 (4128 -1680 -336 ) (4128 -1181.229370 -336 ) (4136 -1184 -336 ) (4136 -1680 -336 ) 
3 64 (4128 -1184 -336 ) (4128 -2048 -336 ) (4128 -2048 -194.618393 ) 
4 65 (4096 -1172.755127 -336 ) (4096 -1170.146851 -336 ) (4128 -1181.229370 -336 ) (4128 -1184 -336 ) 
3 65 (4096 -1172.754761 -336 ) (4128 -1184 -336 ) (4096 -1179.359619 -319.297546 ) 
4 66 (4096 -1179.348633 -319.308411 ) (4127.978516 -1183.985229 -336 ) (4128 -1184.005981 -336 ) (4096 -1234.677246 -287.998505 ) 
5 67 (4096 -1234.674438 -288 ) (4128 -1184.007812 -336 ) (4128 -1184.024780 -336 ) (4128 -2048 -194.622238 ) (4096 -2048 -154.912384 ) 
4 68 (4354.730469 -1024 -1016 ) (4135.998535 -1680 -1016 ) (4135.998535 -1680 -751.997925 ) (4354.730469 -1024 -932.452026 ) 
4 69 (4136.001465 -1679.995728 -752.001160 ) (4136.001465 -1679.995728 -336.005798 ) (4241.880371 -1024 -680.111877 ) (4241.880371 -1024 -752.001160 ) 
3 69 (4354.730469 -1024 -932.457336 ) (4136.004395 -1679.988037 -752.009094 ) (4241.882324 -1024 -752.009094 ) 
4 70 (4136 -1183.995850 -336 ) (4096 -1170.142822 -336 ) (4096 -1024 -514.086975 ) (4204.942383 -1024 -560.063843 ) 
4 71 (4135.998535 -1183.993408 -336 ) (4204.940430 -1024 -560.060547 ) (4241.878906 -1024 -680.109558 ) (4136 -1680 -336 ) 
4 72 (4241.879883 -1024 -1016 ) (4096 -1024 -1016 ) (4096 -1680 -1016 ) (4136 -1680 -1016 ) 
3 72 (4354.730957 -1024 -1016 ) (4241.879883 -1024 -1016 ) (4136 -1680 -1016 ) 
4 72 (5120 -1680 -1024 ) (4096 -1680 -1024 ) (4096 -1024 -1024 ) (5120 -1024 -1024 ) 
4 73 (4128 -1680 -336 ) (4096 -1680 -336 ) (4096 -2048 -336 ) (4128 -2048 -336 ) 
4 73 (4136 -1680 -1016 ) (4096 -1680 -1016 ) (4096 -1680 -336 ) (4136 -1680 -336 ) 
4 73 (5120 -2048 -1024 ) (4096 -2048 -1024 ) (4096 -1680 -1024 ) (5120 -1680 -1024 ) 
4 74 (5120 -2048 272 ) (4096 -2048 272 ) (4096 -3072 272 ) (5120 -3072 272 ) 
3 75 (4096 -2944 -48 ) (4096 -2701.335205 -48 ) (4128 -2944 -48 ) 
4 76 (4128 -2048 -336 ) (4128 -2944 -336 ) (4128 -2944 -48 ) (4128 -2048 -194.618423 ) 
4 77 (4128 -2048 -194.616135 ) (4128 -2943.991943 -48 ) (4096 -2701.325439 -48 ) (4096 -2048 -154.907257 ) 
4 78 (4096 -2944 -48 ) (4128 -2944 -48 ) (4128 -2944 -336 ) (4096 -2944 -336 ) 
4 79 (4128 -2944 -336 ) (4128 -2048 -336 ) (4096 -2048 -336 ) (4096 -2944 -336 ) 
4 79 (5120 -3072 -1024 ) (4096 -3072 -1024 ) (4096 -2048 -1024 ) (5120 -2048 -1024 ) 
4 80 (5120 -3072 272 ) (4096 -3072 272 ) (4096 -4096 272 ) (5120 -4096 272 ) 
4 81 (5120 -4096 -1024 ) (4096 -4096 -1024 ) (4096 -3072 -1024 ) (5120 -3072 -1024 ) 
4 82 (5120 -4096 272 ) (4096 -4096 272 ) (4096 -5120 272 ) (5120 -5120 272 ) 
4 83 (5120 -5120 -1024 ) (4096 -5120 -1024 ) (4096 -4096 -1024 ) (5120 -4096 -1024 ) 
4 84 (5120 -5376 272 ) (5120 -5120 272 ) (4096 -5120 272 ) (4096 -5376 272 ) 
4 84 (4096 -5376 0 ) (5120 -5376 0 ) (5120 -5376 272 ) (4096 -5376 272 ) 
4 85 (4096 -5376 -1024 ) (4096 -5120 -1024 ) (5120 -5120 -1024 ) (5120 -5376 -1024 ) 
4 85 (4096 -5376 -1024 ) (5120 -5376 -1024 ) (5120 -5376 0 ) (4096 -5376 0 ) 
4 86 (4096 4624 272 ) (3072 4624 272 ) (3072 4096 272 ) (4096 4096 272 ) 
4 86 (3072 4624 272 ) (4096 4624 272 ) (4096 4624 0 ) (3072 4624 0 ) 
4 87 (3072 4624 -1024 ) (3072 4624 0 ) (4096 4624 0 ) (4096 4624 -1024 ) 
4 87 (4096 4096 -1024 ) (3072 4096 -1024 ) (3072 4624 -1024 ) (4096 4624 -1024 ) 
4 88 (4096 4096 272 ) (3072 4096 272 ) (3072 3072 272 ) (4096 3072 272 ) 
4 89 (4096 3072 -1024 ) (3072 3072 -1024 ) (3072 4096 -1024 ) (4096 4096 -1024 ) 
4 90 (4096 3072 272 ) (3072 3072 272 ) (3072 2048 272 ) (4096 2048 272 ) 
4 91 (4096 2048 -1024 ) (3072 2048 -1024 ) (3072 3072 -1024 ) (4096 3072 -1024 ) 
4 92 (4096 2048 272 ) (3072 2048 272 ) (3072 1024 272 ) (4096 1024 272 ) 
4 93 (4096 1024 -1024 ) (3072 1024 -1024 ) (3072 2048 -1024 ) (4096 2048 -1024 ) 
4 94 (4096 1024 272 ) (3072 1024 272 ) (3072 0 272 ) (4096 0 272 ) 
4 95 (4096 0 -1024 ) (3072 0 -1024 ) (3072 1024 -1024 ) (4096 1024 -1024 ) 
4 96 (3576.535889 -1024 160 ) (3562.392334 -1024 160 ) (3562.392334 -1014.921814 160 ) (3576.535889 -1014.921814 160 ) 
4 96 (4096 0 272 ) (3562.392334 0 272 ) (3562.392334 -1024 272 ) (4096 -1024 272 ) 
4 97 (3576.535889 -1014.921814 0 ) (3576.535889 -1024 0 ) (3576.535889 -1024 160 ) (3576.535889 -1014.921814 160 ) 
4 98 (3576.535889 -1014.921814 0 ) (3576.535889 -1014.921814 160 ) (3562.392334 -1014.921814 160 ) (3562.392334 -1014.921814 0 ) 
4 99 (3562.392334 -1014.921814 160 ) (3562.392334 -1024 160 ) (3562.392334 -1024 0 ) (3562.392334 -1014.921814 0 ) 
4 99 (3562.392334 0 272 ) (3072 0 272 ) (3072 -1024 272 ) (3562.392334 -1024 272 ) 
5 100 (3576.535889 -1023.111023 -256 ) (3576.535889 -1024 -253.714127 ) (3576.535889 -1024 0 ) (3576.535889 -1014.921814 0 ) (3576.535889 -1014.921814 -256 ) 
4 100 (3576.535889 -1024 -253.715332 ) (3576.535889 -992 -336 ) (3581.613037 -992 -336 ) (3580.077148 -1024 -253.715332 ) 
3 101 (3674.009766 -1024 -336 ) (3672.676270 -1024 -336 ) (3581.611328 -992 -336 ) 
3 101 (3580.084717 -1024 -253.718857 ) (3581.620117 -992.001770 -336 ) (3672.679932 -1024 -336 ) 
4 102 (3562.392334 -1014.921814 0 ) (3562.392334 -1014.921814 -256 ) (3576.535889 -1014.921814 -256 ) (3576.535889 -1014.921814 0 ) 
4 103 (3576.535889 -1023.111084 -256 ) (3576.535889 -1014.921814 -256 ) (3562.392334 -1014.921814 -256 ) (3562.392334 -1023.111084 -256 ) 
4 103 (3576.535889 -992.002136 -336 ) (3576.535889 -1023.111450 -256 ) (3562.392334 -1023.111450 -256 ) (3562.392334 -992 -336 ) 
5 104 (3562.392334 -1023.111084 -256 ) (3562.392334 -1014.921814 -256 ) (3562.392334 -1014.921814 0 ) (3562.392334 -1024 0 ) (3562.392334 -1024 -253.714172 ) 
4 104 (3072 -991.997681 -336 ) (3562.392334 -991.997681 -336 ) (3562.392334 -1024 -253.708374 ) (3072 -1024 -253.708405 ) 
4 105 (3072 -480.283783 -1016 ) (3594.303711 -480.283783 -1016 ) (3581.608398 -992 -336 ) (3072 -992 -336 ) 
4 106 (3589.381104 -678.920837 -752.035950 ) (3594.306152 -480.281342 -1016 ) (4096 -620.012817 -1016 ) (4096 -703.087158 -906.363220 ) 
4 107 (3581.610840 -992 -336 ) (3589.373047 -678.957886 -751.989868 ) (4096 -835.156006 -751.995178 ) (4096 -912.815918 -649.578796 ) 
3 107 (3589.401367 -678.969604 -751.978699 ) (4096 -703.131287 -906.304077 ) (4096 -835.163269 -751.978943 ) 
4 108 (3581.644287 -992.012878 -336 ) (4096 -912.830078 -649.563477 ) (4096 -1024 -514.093750 ) (3674.005371 -1024 -336 ) 
3 109 (4096 -634.966370 -1016 ) (4096 -620.015808 -1016 ) (3594.300537 -480.282867 -1016 ) 
5 109 (4096 -634.966370 -1016 ) (3594.300537 -480.282867 -1016 ) (3072 -480.282837 -1016 ) (3072 -1024 -1016 ) (4096 -1024 -1016 ) 
4 109 (4096 -1024 -1024 ) (3072 -1024 -1024 ) (3072 0 -1024 ) (4096 0 -1024 ) 
4 110 (3072 -1546.532715 160 ) (3072 -1532.389038 160 ) (3195 -1532.389038 160 ) (3195 -1546.532715 160 ) 
5 110 (3576.535889 -1095.396729 160 ) (3576.535889 -1078.099609 160 ) (3578.615723 -1076.282227 160 ) (3940.815186 -1490.785645 160 ) (3930.164551 -1500.092285 160 ) 
4 110 (3576.535889 -2048 160 ) (3562.392334 -2048 160 ) (3562.392334 -1024 160 ) (3576.535889 -1024 160 ) 
4 110 (4096 -1024 272 ) (3072 -1024 272 ) (3072 -2048 272 ) (4096 -2048 272 ) 
4 111 (3940.813965 -1490.784424 0 ) (3930.163574 -1500.090820 0 ) (3930.163330 -1500.090820 160 ) (3940.813965 -1490.784180 160 ) 
4 111 (3576.535889 -1809.098267 0 ) (3576.535889 -2048 0 ) (3576.535889 -2048 160 ) (3576.535889 -1809.098267 160 ) 
4 112 (3578.614014 -1076.283569 0 ) (3940.810547 -1490.782471 0 ) (3940.810547 -1490.782471 160 ) (3578.614014 -1076.283569 160 ) 
4 112 (3576.535889 -1024 0 ) (3576.535889 -1073.901978 0 ) (3576.535889 -1073.901978 160 ) (3576.535889 -1024 160 ) 
4 113 (3930.162109 -1500.087158 160 ) (3930.162109 -1500.087158 0 ) (3576.535889 -1095.395264 0 ) (3576.535889 -1095.395264 160 ) 
4 113 (3576.535889 -1095.396729 0 ) (3576.535889 -1809.098267 0 ) (3576.535889 -1809.098267 160 ) (3576.535889 -1095.396729 160 ) 
4 114 (3576.535889 -1073.901978 0 ) (3576.535889 -1078.099609 0 ) (3576.535889 -1078.099609 160 ) (3576.535889 -1073.901978 160 ) 
4 114 (3576.535889 -1078.095825 160 ) (3576.535889 -1078.095825 0 ) (3578.612793 -1076.280396 0 ) (3578.612793 -1076.280396 160 ) 
4 115 (3195 -1532.389038 0 ) (3195 -1546.532715 0 ) (3195 -1546.532715 160 ) (3195 -1532.389038 160 ) 
4 115 (3562.392334 -1024 160 ) (3562.392334 -2048 160 ) (3562.392334 -2048 0 ) (3562.392334 -1024 0 ) 
4 116 (3072 -1532.389038 0 ) (3195 -1532.389038 0 ) (3195 -1532.389038 160 ) (3072 -1532.389038 160 ) 
4 117 (3178.392334 -1546.532715 159 ) (3192.535889 -1546.532715 159 ) (3192.535889 -2048 159 ) (3178.392334 -2048 159 ) 
4 117 (3072 -1546.532715 159 ) (3072 -1546.532715 160 ) (3195 -1546.532715 160 ) (3195 -1546.532715 159 ) 
4 118 (3192.535889 -1546.532715 159 ) (3195 -1546.532715 159 ) (3195 -1546.532715 0 ) (3192.535889 -1546.532715 0 ) 
4 118 (3192.535889 -2048 159 ) (3192.535889 -1546.532715 159 ) (3192.535889 -1546.532715 0 ) (3192.535889 -2048 0 ) 
4 119 (3178.392334 -2048 0 ) (3178.392334 -1546.532715 0 ) (3178.392334 -1546.532715 159 ) (3178.392334 -2048 159 ) 
4 119 (3072 -1546.532715 159 ) (3178.392334 -1546.532715 159 ) (3178.392334 -1546.532715 0 ) (3072 -1546.532715 0 ) 
4 120 (3576.535889 -2048 -48 ) (3576.535889 -2048 0 ) (3576.535889 -1809.098267 0 ) (3576.535889 -1809.098267 -48 ) 
3 120 (3930.163330 -1500.090698 -38.779339 ) (3936.826172 -1494.268677 -48 ) (3930.163330 -1500.090698 -48 ) 
5 120 (3930.163330 -1500.090698 0 ) (3940.813965 -1490.784058 0 ) (3940.813721 -1490.784302 -48 ) (3936.826172 -1494.268677 -48 ) (3930.163330 -1500.090698 -38.779339 ) 
4 120 (4009.845947 -2048 -48 ) (3576.535889 -2048 -48 ) (3576.535889 -1809.108276 -48 ) (3936.827881 -1494.279663 -48 ) 
3 121 (3936.826172 -1494.268677 -48 ) (3940.813721 -1490.784302 -48 ) (3940.813721 -1490.784302 -53.518345 ) 
4 121 (4009.847900 -2048 -48 ) (3936.828369 -1494.266235 -48 ) (4096 -1355.179810 -268.276947 ) (4096 -2048 -154.906601 ) 
3 122 (3930.162109 -1500.087158 0 ) (3930.162109 -1500.087158 -38.772991 ) (3893.363037 -1457.974121 0 ) 
4 123 (4096 -1355.188232 -268.277069 ) (3940.817383 -1490.788330 -53.523014 ) (3936.997559 -1486.416992 -49.498489 ) (4096 -1234.669800 -287.998230 ) 
3 123 (3890.019531 -1432.657104 0 ) (3940.810547 -1490.782471 -53.515179 ) (3940.810547 -1490.782471 0 ) 
4 124 (3576.535889 -1078.099609 -113.761940 ) (3576.535889 -1078.099609 -48 ) (3576.535889 -1024 -48 ) (3576.535889 -1024 -250.568420 ) 
4 124 (3576.535889 -1078.099609 -48 ) (3576.535889 -1078.099609 0 ) (3576.535889 -1024 0 ) (3576.535889 -1024 -48 ) 
4 124 (3576.535889 -1078.090576 -48 ) (3576.535889 -1078.090576 -113.784637 ) (3578.611328 -1076.277100 -120.214813 ) (3578.611328 -1076.277100 -48 ) 
4 124 (3578.611328 -1076.277100 0 ) (3576.535889 -1078.090576 0 ) (3576.535889 -1078.090576 -48 ) (3578.611328 -1076.277100 -48 ) 
3 124 (3638.440674 -1024 -305.572174 ) (3577.525391 -1077.228760 -116.840080 ) (3580.079346 -1024 -253.714035 ) 
4 125 (3576.535889 -1078.099609 -114.600891 ) (3576.535889 -1078.099609 -113.761940 ) (3576.535889 -1024 -250.568420 ) (3576.535889 -1024 -253.714096 ) 
3 125 (3576.535889 -1078.090576 -113.784637 ) (3576.535889 -1078.090576 -114.624268 ) (3577.522217 -1077.228760 -116.840248 ) 
4 125 (3580.083252 -1024 -253.716537 ) (3577.529053 -1077.234863 -116.824631 ) (3576.535889 -1078.102661 -114.593040 ) (3576.535889 -1024 -253.714142 ) 
4 126 (3576.535889 -1809.098267 -48 ) (3576.535889 -1809.098267 0 ) (3576.535889 -1095.396851 0 ) (3576.535889 -1095.396851 -48 ) 
4 126 (3930.164795 -1500.091919 -48 ) (3576.535889 -1809.098267 -48 ) (3576.535889 -1104.318848 -48 ) (3692.349609 -1227.934937 -48 ) 
5 126 (3930.163574 -1500.092896 -48 ) (3576.535889 -1095.395142 -48 ) (3576.535889 -1095.395142 0 ) (3893.354004 -1457.967407 0 ) (3930.163574 -1500.092896 -38.784637 ) 
4 127 (3578.612793 -1076.281006 0 ) (3578.612793 -1076.281006 -48 ) (3935.576660 -1484.792847 -48 ) (3890.020752 -1432.658203 0 ) 
3 128 (3576.535889 -1104.104858 -48 ) (3576.535889 -1095.396851 -48 ) (3576.535889 -1095.396851 -70.020782 ) 
3 128 (3576.535889 -1095.395020 -70.025322 ) (3576.535889 -1095.395020 -48 ) (3587.519043 -1107.964355 -48 ) 
3 128 (3576.535889 -1095.398071 -70.027023 ) (3585.190918 -1105.302002 -52.671368 ) (3576.535889 -1104.046875 -48.153919 ) 
3 129 (3585.188965 -1105.297852 -52.672493 ) (3587.519043 -1107.964355 -48 ) (3692.372070 -1227.958984 -48 ) 
4 129 (3576.535889 -1104.031860 -48.166931 ) (3585.180664 -1105.284302 -52.679012 ) (3692.512695 -1228.115845 -48 ) (3576.535889 -1104.326904 -48 ) 
4 130 (3672.676514 -1024 -336 ) (3674.009766 -1024 -336 ) (4096 -1170.146851 -336 ) (4096 -1172.755249 -336 ) 
6 130 (3578.615967 -1076.282349 -120.196907 ) (3638.448242 -1024 -305.575684 ) (3672.686035 -1024 -336 ) (4096 -1172.752563 -336 ) (4096 -1179.356934 -319.299133 ) (3606.690186 -1108.410889 -63.897793 ) 
3 130 (3578.617432 -1076.281494 -120.200111 ) (3614.622559 -1117.482544 -48 ) (3578.618896 -1076.279785 -48 ) 
4 131 (3606.695312 -1108.416992 -63.899338 ) (4096 -1179.361206 -319.298676 ) (4096 -1234.670044 -288 ) (3936.997803 -1486.417358 -49.497211 ) 
4 131 (3614.615479 -1117.482422 -48 ) (3606.691650 -1108.414795 -63.898003 ) (3937 -1486.421021 -49.498703 ) (3935.576904 -1484.793091 -48 ) 
4 132 (3562.392334 -1104 -48 ) (3562.392334 -2048 -48 ) (3195 -2048 -48 ) (3195 -1104 -48 ) 
4 132 (3195 -1532.389038 -48 ) (3195 -1546.532715 -48 ) (3195 -1546.532715 0 ) (3195 -1532.389038 0 ) 
4 132 (3562.392334 -1024 0 ) (3562.392334 -2048 0 ) (3562.392334 -2048 -48 ) (3562.392334 -1024 -48 ) 
4 133 (3160 -1104 -48 ) (3160 -1532.389038 -48 ) (3072 -1532.389038 -48 ) (3072 -1104 -48 ) 
4 133 (3195 -1104 -48 ) (3195 -1532.389038 -48 ) (3160 -1532.389038 -48 ) (3160 -1104 -48 ) 
4 133 (3072 -1532.389038 -48 ) (3195 -1532.389038 -48 ) (3195 -1532.389038 0 ) (3072 -1532.389038 0 ) 
4 134 (3195 -1546.532715 -48 ) (3195 -2048 -48 ) (3192.535889 -2048 -48 ) (3192.535889 -1546.532715 -48 ) 
4 134 (3192.535889 -1546.532715 0 ) (3192.535889 -1546.532715 -48 ) (3192.535889 -2048 -48 ) (3192.535889 -2048 0 ) 
4 134 (3192.535889 -1546.532715 0 ) (3195 -1546.532715 0 ) (3195 -1546.532715 -48 ) (3192.535889 -1546.532715 -48 ) 
4 135 (3072 -1680 -48 ) (3072 -1546.532715 -48 ) (3160 -1546.532715 -48 ) (3160 -1680 -48 ) 
4 135 (3178.392334 -2048 -48 ) (3160 -2048 -48 ) (3160 -1546.532715 -48 ) (3178.392334 -1546.532715 -48 ) 
4 135 (3072 -1546.532715 0 ) (3178.392334 -1546.532715 0 ) (3178.392334 -1546.532715 -48 ) (3072 -1546.532715 -48 ) 
4 135 (3178.392334 -2048 0 ) (3178.392334 -2048 -48 ) (3178.392334 -1546.532715 -48 ) (3178.392334 -1546.532715 0 ) 
3 136 (3562.392334 -1024 -253.714172 ) (3562.392334 -1024 -48 ) (3562.392334 -1104 -48 ) 
4 136 (3160 -1104.001587 -48 ) (3160 -1024 -253.715195 ) (3562.392334 -1024 -253.715164 ) (3562.392334 -1104 -48 ) 
4 137 (3072 -1024 -253.716476 ) (3160 -1024 -253.716476 ) (3160 -1104 -48 ) (3072 -1104 -48 ) 
4 138 (3072 -1680 -48 ) (3160 -1680 -48 ) (3160 -1680 -336 ) (3072 -1680 -336 ) 
4 138 (3160 -1680 -256 ) (3160 -2048 -256 ) (3160 -2048 -336 ) (3160 -1680 -336 ) 
4 138 (3160 -1680 -256 ) (3160 -1680 -48 ) (3160 -2048 -48 ) (3160 -2048 -256 ) 
3 139 (4096 -1170.147217 -336 ) (3674.008789 -1024 -336 ) (4096 -1024 -514.091797 ) 
4 140 (4096 -1024 -1016 ) (3072 -1024 -1016 ) (3072 -1680 -1016 ) (4096 -1680 -1016 ) 
4 140 (4096 -1680 -1024 ) (3072 -1680 -1024 ) (3072 -1024 -1024 ) (4096 -1024 -1024 ) 
4 141 (3576.535889 -1680 -336 ) (3160 -1680 -336 ) (3160 -2048 -336 ) (3576.535889 -2048 -336 ) 
3 141 (3724.276855 -1680 -336 ) (3576.535889 -1680 -336 ) (3576.535889 -1809.098267 -336 ) 
5 141 (4096 -1680 -336 ) (3724.276855 -1680 -336 ) (3576.535889 -1809.098267 -336 ) (3576.535889 -2048 -336 ) (4096 -2048 -336 ) 
4 141 (3072 -1680 -1016 ) (3072 -1680 -336 ) (4096 -1680 -336 ) (4096 -1680 -1016 ) 
4 141 (4096 -2048 -1024 ) (3072 -2048 -1024 ) (3072 -1680 -1024 ) (4096 -1680 -1024 ) 
4 142 (3072 -2954.532715 160 ) (3072 -2940.389160 160 ) (3182 -2940.389160 160 ) (3182 -2954.532715 160 ) 
4 142 (3576.535889 -3072 160 ) (3562.392334 -3072 160 ) (3562.392334 -2048 160 ) (3576.535889 -2048 160 ) 
4 142 (4096 -2048 272 ) (3072 -2048 272 ) (3072 -3072 272 ) (4096 -3072 272 ) 
4 143 (3576.535889 -2048 0 ) (3576.535889 -3072 0 ) (3576.535889 -3072 160 ) (3576.535889 -2048 160 ) 
4 144 (3192.535889 -2048 0 ) (3192.535889 -2954 0 ) (3192.535889 -2954 159 ) (3192.535889 -2048 159 ) 
4 144 (3562.392334 -2048 160 ) (3562.392334 -3072 160 ) (3562.392334 -3072 0 ) (3562.392334 -2048 0 ) 
4 145 (3182 -2954.532715 159 ) (3182 -2954.532715 160 ) (3182 -2940.389160 160 ) (3182 -2940.389160 159 ) 
4 145 (3182 -2954 159 ) (3182 -2048 159 ) (3192.535889 -2048 159 ) (3192.535889 -2954 159 ) 
4 146 (3182 -2954 0 ) (3182 -2954.532715 0 ) (3182 -2954.532715 159 ) (3182 -2954 159 ) 
4 146 (3182 -2954 0 ) (3182 -2954 159 ) (3192.535889 -2954 159 ) (3192.535889 -2954 0 ) 
4 147 (3178.392334 -2048 159 ) (3182 -2048 159 ) (3182 -2940.389160 159 ) (3178.392334 -2940.389160 159 ) 
4 147 (3072 -2940.389160 159 ) (3182 -2940.389160 159 ) (3182 -2940.389160 160 ) (3072 -2940.389160 160 ) 
4 148 (3072 -2940.389160 0 ) (3178.392334 -2940.389160 0 ) (3178.392334 -2940.389160 159 ) (3072 -2940.389160 159 ) 
4 148 (3178.392334 -2048 159 ) (3178.392334 -2940.389160 159 ) (3178.392334 -2940.389160 0 ) (3178.392334 -2048 0 ) 
4 149 (3072 -2954.532715 159 ) (3182 -2954.532715 159 ) (3182 -2954.532715 0 ) (3072 -2954.532715 0 ) 
4 149 (3072 -2954.532715 159 ) (3072 -2954.532715 160 ) (3182 -2954.532715 160 ) (3182 -2954.532715 159 ) 
4 150 (3616 -3072 -48 ) (3576.535889 -3072 -48 ) (3576.535889 -2944 -48 ) (3616 -2944 -48 ) 
5 150 (3576.535889 -2944 -48 ) (3576.535889 -2048 -48 ) (4009.845947 -2048 -48 ) (4096 -2701.335205 -48 ) (4096 -2944 -48 ) 
4 150 (3576.535889 -2048 -48 ) (3576.535889 -3072 -48 ) (3576.535889 -3072 0 ) (3576.535889 -2048 0 ) 
4 151 (3562.392334 -3072 -48 ) (3192.535889 -3072 -48 ) (3192.535889 -2944 -48 ) (3562.392334 -2944 -48 ) 
4 151 (3192.535889 -2944 -48 ) (3192.535889 -2048 -48 ) (3562.392334 -2048 -48 ) (3562.392334 -2944 -48 ) 
4 151 (3192.535889 -2048 -48 ) (3192.535889 -2954 -48 ) (3192.535889 -2954 0 ) (3192.535889 -2048 0 ) 
4 151 (3562.392334 -2048 0 ) (3562.392334 -3072 0 ) (3562.392334 -3072 -48 ) (3562.392334 -2048 -48 ) 
4 152 (3192.535889 -3072 -48 ) (3182 -3072 -48 ) (3182 -2954 -48 ) (3192.535889 -2954 -48 ) 
4 152 (3182 -2954 -48 ) (3182 -2954.532715 -48 ) (3182 -2954.532715 0 ) (3182 -2954 0 ) 
4 152 (3192.535889 -2954 0 ) (3192.535889 -2954 -48 ) (3182 -2954 -48 ) (3182 -2954 0 ) 
4 153 (3160 -2048 -48 ) (3178.392334 -2048 -48 ) (3178.392334 -2940.389160 -48 ) (3160 -2940.389160 -48 ) 
4 153 (3072 -2940.389160 -48 ) (3178.392334 -2940.389160 -48 ) (3178.392334 -2940.389160 0 ) (3072 -2940.389160 0 ) 
4 153 (3178.392334 -2048 0 ) (3178.392334 -2940.389160 0 ) (3178.392334 -2940.389160 -48 ) (3178.392334 -2048 -48 ) 
4 154 (3182 -3072 -48 ) (3072 -3072 -48 ) (3072 -2954.532715 -48 ) (3182 -2954.532715 -48 ) 
4 154 (3072 -2954.532715 0 ) (3182 -2954.532715 0 ) (3182 -2954.532715 -48 ) (3072 -2954.532715 -48 ) 
3 155 (4096 -2701.348145 -48 ) (4009.844238 -2048 -48 ) (4096 -2048 -154.911407 ) 
4 156 (3160 -2944 -80 ) (3160 -2944 -48 ) (3072 -2944 -48 ) (3072 -2944 -80 ) 
4 156 (3160 -2048 -256 ) (3160 -2048 -48 ) (3160 -2944 -48 ) (3160 -2944 -256 ) 
4 156 (3160 -2048 -256 ) (3160 -2944 -256 ) (3160 -2944 -336 ) (3160 -2048 -336 ) 
4 156 (3160 -2944 -48 ) (3160 -2940.389160 -48 ) (3072 -2940.389160 -48 ) (3072 -2944 -48 ) 
4 157 (3616 -2944 -48 ) (3616 -2944 -80 ) (3616 -3072 -80 ) (3616 -3072 -48 ) 
4 157 (3616 -2944 -256 ) (4096 -2944 -256 ) (4096 -2944 -336 ) (3616 -2944 -336 ) 
4 157 (3616 -2944 -256 ) (3616 -2944 -48 ) (4096 -2944 -48 ) (4096 -2944 -256 ) 
4 158 (3576.535889 -2944 -80 ) (3576.535889 -2944 -256 ) (3576.535889 -3072 -256 ) (3576.535889 -3072 -80 ) 
4 158 (3616 -2944 -80 ) (3616 -2944 -256 ) (3576.535889 -2944 -256 ) (3576.535889 -2944 -80 ) 
4 158 (3616 -3072 -80 ) (3616 -2944 -80 ) (3576.535889 -2944 -80 ) (3576.535889 -3072 -80 ) 
4 159 (3562.392334 -2944 -80 ) (3562.392334 -2944 -256 ) (3160 -2944 -256 ) (3160 -2944 -80 ) 
4 159 (3562.392334 -3072 -80 ) (3562.392334 -3072 -256 ) (3562.392334 -2944 -256 ) (3562.392334 -2944 -80 ) 
4 159 (3072 -3072 -80 ) (3562.392334 -3072 -80 ) (3562.392334 -2944 -80 ) (3072 -2944 -80 ) 
4 160 (3562.392334 -3072 -256 ) (3576.535889 -3072 -256 ) (3576.535889 -2944 -256 ) (3562.392334 -2944 -256 ) 
4 160 (3160 -2944 -256 ) (3616 -2944 -256 ) (3616 -2944 -336 ) (3160 -2944 -336 ) 
4 161 (3160 -2944 -336 ) (4096 -2944 -336 ) (4096 -2048 -336 ) (3160 -2048 -336 ) 
4 161 (4096 -3072 -1024 ) (3072 -3072 -1024 ) (3072 -2048 -1024 ) (4096 -2048 -1024 ) 
4 162 (3072 -3402.532715 160 ) (3072 -3388.389160 160 ) (3562.392334 -3388.389160 160 ) (3562.392334 -3402.532715 160 ) 
4 162 (3562.392334 -3388.389160 160 ) (3576.535889 -3388.389160 160 ) (3576.535889 -3402.532715 160 ) (3562.392334 -3402.532715 160 ) 
4 162 (3562.392334 -3072 160 ) (3576.535889 -3072 160 ) (3576.535889 -3388.389160 160 ) (3562.392334 -3388.389160 160 ) 
4 162 (3579 -3388.389160 160 ) (3579 -3402.532715 160 ) (3576.535889 -3402.532715 160 ) (3576.535889 -3388.389160 160 ) 
4 162 (4096 -3072 272 ) (3072 -3072 272 ) (3072 -4096 272 ) (4096 -4096 272 ) 
4 163 (3579 -3388.389160 0 ) (3579 -3402.532715 0 ) (3579 -3402.532715 160 ) (3579 -3388.389160 160 ) 
4 164 (3576.535889 -3072 0 ) (3576.535889 -3388.389160 0 ) (3576.535889 -3388.389160 160 ) (3576.535889 -3072 160 ) 
4 164 (3576.535889 -3388.389160 160 ) (3576.535889 -3388.389160 0 ) (3579 -3388.389160 0 ) (3579 -3388.389160 160 ) 
4 165 (3072 -3388.389160 0 ) (3562.392334 -3388.389160 0 ) (3562.392334 -3388.389160 160 ) (3072 -3388.389160 160 ) 
4 165 (3562.392334 -3072 160 ) (3562.392334 -3388.389160 160 ) (3562.392334 -3388.389160 0 ) (3562.392334 -3072 0 ) 
4 166 (3072 -3402.532715 160 ) (3562.392334 -3402.532715 160 ) (3562.392334 -3402.532715 0 ) (3072 -3402.532715 0 ) 
4 166 (3562.392334 -3402.532715 160 ) (3576.535889 -3402.532715 160 ) (3576.535889 -3402.532715 0 ) (3562.392334 -3402.532715 0 ) 
4 166 (3576.535889 -3402.532715 160 ) (3579 -3402.532715 160 ) (3579 -3402.532715 0 ) (3576.535889 -3402.532715 0 ) 
4 167 (3616 -3408 -80 ) (3616 -3408 -48 ) (3616 -3392 -48 ) (3616 -3392 -80 ) 
4 167 (3616 -3392 -80 ) (3616 -3392 -48 ) (3616 -3072 -48 ) (3616 -3072 -80 ) 
4 168 (3616 -3392 -48 ) (3616 -3408 -48 ) (3579 -3408 -48 ) (3579 -3392 -48 ) 
4 168 (3579 -3072 -48 ) (3616 -3072 -48 ) (3616 -3392 -48 ) (3579 -3392 -48 ) 
4 168 (3579 -3388.389160 -48 ) (3579 -3402.532715 -48 ) (3579 -3402.532715 0 ) (3579 -3388.389160 0 ) 
4 169 (3576.535889 -3072 -48 ) (3579 -3072 -48 ) (3579 -3388.389160 -48 ) (3576.535889 -3388.389160 -48 ) 
4 169 (3576.535889 -3072 -48 ) (3576.535889 -3388.389160 -48 ) (3576.535889 -3388.389160 0 ) (3576.535889 -3072 0 ) 
4 169 (3576.535889 -3388.389160 0 ) (3576.535889 -3388.389160 -48 ) (3579 -3388.389160 -48 ) (3579 -3388.389160 0 ) 
4 170 (3072 -3072 -48 ) (3562.392334 -3072 -48 ) (3562.392334 -3388.389160 -48 ) (3072 -3388.389160 -48 ) 
4 170 (3562.392334 -3072 0 ) (3562.392334 -3388.389160 0 ) (3562.392334 -3388.389160 -48 ) (3562.392334 -3072 -48 ) 
4 170 (3072 -3388.389160 -48 ) (3562.392334 -3388.389160 -48 ) (3562.392334 -3388.389160 0 ) (3072 -3388.389160 0 ) 
4 171 (3562.392334 -3408 -48 ) (3072 -3408 -48 ) (3072 -3402.532715 -48 ) (3562.392334 -3402.532715 -48 ) 
4 171 (3579 -3402.532715 -48 ) (3579 -3408 -48 ) (3562.392334 -3408 -48 ) (3562.392334 -3402.532715 -48 ) 
4 171 (3072 -3402.532715 0 ) (3562.392334 -3402.532715 0 ) (3562.392334 -3402.532715 -48 ) (3072 -3402.532715 -48 ) 
4 171 (3562.392334 -3402.532715 0 ) (3576.535889 -3402.532715 0 ) (3576.535889 -3402.532715 -48 ) (3562.392334 -3402.532715 -48 ) 
4 171 (3576.535889 -3402.532715 0 ) (3579 -3402.532715 0 ) (3579 -3402.532715 -48 ) (3576.535889 -3402.532715 -48 ) 
4 172 (3616 -3072 -80 ) (3576.535889 -3072 -80 ) (3576.535889 -3392 -80 ) (3616 -3392 -80 ) 
4 172 (3576.535889 -3072 -256 ) (3576.535889 -3392 -256 ) (3576.535889 -3392 -80 ) (3576.535889 -3072 -80 ) 
4 173 (3576.535889 -3392 -80 ) (3576.535889 -3392 -256 ) (3562.392334 -3392 -256 ) (3562.392334 -3392 -80 ) 
4 173 (3616 -3408 -80 ) (3616 -3392 -80 ) (3562.392334 -3392 -80 ) (3562.392334 -3408 -80 ) 
4 174 (3562.392334 -3072 -80 ) (3562.392334 -3392 -80 ) (3562.392334 -3392 -256 ) (3562.392334 -3072 -256 ) 
4 174 (3072 -3408 -80 ) (3562.392334 -3408 -80 ) (3562.392334 -3072 -80 ) (3072 -3072 -80 ) 
4 175 (3072 -3408 -80 ) (3072 -3408 -48 ) (3562.392334 -3408 -48 ) (3562.392334 -3408 -80 ) 
4 175 (3562.392334 -3408 -80 ) (3562.392334 -3408 -48 ) (3616 -3408 -48 ) (3616 -3408 -80 ) 
4 176 (3562.392334 -3392 -256 ) (3576.535889 -3392 -256 ) (3576.535889 -3072 -256 ) (3562.392334 -3072 -256 ) 
4 176 (4096 -4096 -1024 ) (3072 -4096 -1024 ) (3072 -3072 -1024 ) (4096 -3072 -1024 ) 
4 177 (4096 -4096 272 ) (3072 -4096 272 ) (3072 -5120 272 ) (4096 -5120 272 ) 
4 178 (4096 -5120 -1024 ) (3072 -5120 -1024 ) (3072 -4096 -1024 ) (4096 -4096 -1024 ) 
4 179 (3072 -5376 272 ) (3072 -5376 0 ) (4096 -5376 0 ) (4096 -5376 272 ) 
4 179 (4096 -5120 272 ) (3072 -5120 272 ) (3072 -5376 272 ) (4096 -5376 272 ) 
4 180 (4096 -5376 -1024 ) (4096 -5376 0 ) (3072 -5376 0 ) (3072 -5376 -1024 ) 
4 180 (4096 -5376 -1024 ) (3072 -5376 -1024 ) (3072 -5120 -1024 ) (4096 -5120 -1024 ) 
4 181 (3072 4624 272 ) (3072 4624 0 ) (2048 4624 0 ) (2048 4624 272 ) 
4 181 (3072 4624 272 ) (2048 4624 272 ) (2048 4096 272 ) (3072 4096 272 ) 
4 182 (3072 4096 -1024 ) (2048 4096 -1024 ) (2048 4624 -1024 ) (3072 4624 -1024 ) 
4 182 (2048 4624 0 ) (3072 4624 0 ) (3072 4624 -1024 ) (2048 4624 -1024 ) 
4 183 (3072 4096 272 ) (2048 4096 272 ) (2048 3072 272 ) (3072 3072 272 ) 
4 184 (3072 3072 -1024 ) (2048 3072 -1024 ) (2048 4096 -1024 ) (3072 4096 -1024 ) 
4 185 (3072 3072 272 ) (2048 3072 272 ) (2048 2048 272 ) (3072 2048 272 ) 
4 186 (3072 2048 -1024 ) (2048 2048 -1024 ) (2048 3072 -1024 ) (3072 3072 -1024 ) 
4 187 (3072 2048 272 ) (2048 2048 272 ) (2048 1024 272 ) (3072 1024 272 ) 
3 188 (2048 1408 -1017 ) (2103.200684 1408 -1017 ) (2048 1408 -939.841370 ) 
4 189 (2048 1408 -939.848145 ) (2103.196045 1408 -1017 ) (2103.196045 1024 -1017 ) (2048 1024 -939.848206 ) 
4 190 (2103.200684 1408 -1017 ) (2048 1408 -1017 ) (2048 1024 -1017 ) (2103.200684 1024 -1017 ) 
4 190 (3072 1024 -1024 ) (2048 1024 -1024 ) (2048 2048 -1024 ) (3072 2048 -1024 ) 
4 191 (3072 1024 272 ) (2048 1024 272 ) (2048 0 272 ) (3072 0 272 ) 
4 192 (2103.196045 1024 -1017 ) (2103.196045 0 -1017 ) (2048 0 -939.848083 ) (2048 1024 -939.848083 ) 
4 193 (2103.200684 1024 -1017 ) (2048 1024 -1017 ) (2048 0 -1017 ) (2103.200684 0 -1017 ) 
4 193 (3072 0 -1024 ) (2048 0 -1024 ) (2048 1024 -1024 ) (3072 1024 -1024 ) 
4 194 (3072 0 272 ) (2048 0 272 ) (2048 -1024 272 ) (3072 -1024 272 ) 
4 195 (3072 -960 -378.521088 ) (3072 -992.001770 -335.995209 ) (2048 -992.001770 -335.995270 ) (2048 -960 -378.521088 ) 
5 195 (3072 -480.280579 -1016 ) (3072 -960 -378.521088 ) (2048 -960 -378.521088 ) (2048 -537.591858 -939.841431 ) (2102.485352 -480.280579 -1016 ) 
4 195 (2048 -992 -335.998505 ) (3072 -992 -335.998444 ) (3072 -1024 -253.713898 ) (2048 -1024 -253.713898 ) 
4 195 (2103.197510 0 -1017 ) (2103.197510 -479.534363 -1017 ) (2048 -537.594788 -939.845886 ) (2048 0 -939.845947 ) 
4 196 (3072 -480.284180 -1016 ) (2102.485352 -480.284180 -1016 ) (2102.485352 -960 -1016 ) (3072 -960 -1016 ) 
4 196 (2103.200195 -960 -1017 ) (2102.484375 -960 -1016 ) (2102.484375 -480.282837 -1016 ) (2103.199707 -479.530304 -1017 ) 
4 197 (2048 -960 -1016 ) (2102.485352 -960 -1016 ) (2103.200684 -960 -1017 ) (2048 -960 -1017 ) 
4 197 (3072 -960 -1016 ) (2048 -960 -1016 ) (2048 -1024 -1016 ) (3072 -1024 -1016 ) 
4 198 (2103.200684 -479.530334 -1017 ) (2103.200684 0 -1017 ) (2048 0 -1017 ) (2048 -479.530334 -1017 ) 
4 198 (2103.200684 -960 -1017 ) (2103.200684 -479.530334 -1017 ) (2048 -479.530334 -1017 ) (2048 -960 -1017 ) 
4 198 (3072 -1024 -1024 ) (2048 -1024 -1024 ) (2048 0 -1024 ) (3072 0 -1024 ) 
4 199 (3072 -1546.532715 160 ) (2048 -1546.532715 160 ) (2048 -1532.389038 160 ) (3072 -1532.389038 160 ) 
4 199 (3072 -1546.532715 272 ) (3072 -1024 272 ) (2048 -1024 272 ) (2048 -1546.532715 272 ) 
4 200 (2048 -1532.389038 0 ) (3072 -1532.389038 0 ) (3072 -1532.389038 160 ) (2048 -1532.389038 160 ) 
4 201 (2048 -1546.532715 160 ) (3072 -1546.532715 160 ) (3072 -1546.532715 0 ) (2048 -1546.532715 0 ) 
4 201 (3072 -1546.532715 272 ) (2048 -1546.532715 272 ) (2048 -2048 272 ) (3072 -2048 272 ) 
4 202 (2048 -1532.389038 -48 ) (2048 -1104 -48 ) (3072 -1104 -48 ) (3072 -1532.389038 -48 ) 
4 202 (2048 -1532.389038 -48 ) (3072 -1532.389038 -48 ) (3072 -1532.389038 0 ) (2048 -1532.389038 0 ) 
4 203 (2048 -2032 -48 ) (2048 -1680 -48 ) (2688 -1680 -48 ) (2688 -2032 -48 ) 
4 203 (2048 -1680 -48 ) (2048 -1546.532715 -48 ) (3072 -1546.532715 -48 ) (3072 -1680 -48 ) 
4 203 (2048 -1546.532715 0 ) (3072 -1546.532715 0 ) (3072 -1546.532715 -48 ) (2048 -1546.532715 -48 ) 
4 204 (2048 -1024 -253.713715 ) (3072 -1024 -253.713730 ) (3072 -1104 -48 ) (2048 -1104 -48 ) 
4 205 (3072 -1024 -1016 ) (2048 -1024 -1016 ) (2048 -1680 -1016 ) (3072 -1680 -1016 ) 
4 205 (3072 -1680 -1024 ) (2048 -1680 -1024 ) (2048 -1024 -1024 ) (3072 -1024 -1024 ) 
4 206 (2688 -1680 -48 ) (2688 -1680 -64 ) (2688 -2032 -64 ) (2688 -2032 -48 ) 
4 206 (2688 -1680 -64 ) (2688 -1680 -48 ) (3072 -1680 -48 ) (3072 -1680 -64 ) 
4 207 (2048 -2032 -48 ) (2688 -2032 -48 ) (2688 -2032 -64 ) (2048 -2032 -64 ) 
4 208 (2048 -1680 -1016 ) (2048 -1680 -64 ) (3072 -1680 -64 ) (3072 -1680 -1016 ) 
4 208 (2688 -2032 -64 ) (2688 -1680 -64 ) (2048 -1680 -64 ) (2048 -2032 -64 ) 
4 208 (3072 -2048 -1024 ) (2048 -2048 -1024 ) (2048 -1680 -1024 ) (3072 -1680 -1024 ) 
4 209 (2048 -2954.532715 160 ) (2048 -2940.389160 160 ) (3072 -2940.389160 160 ) (3072 -2954.532715 160 ) 
4 209 (3072 -2048 272 ) (2048 -2048 272 ) (2048 -3072 272 ) (3072 -3072 272 ) 
4 210 (2048 -2940.389160 0 ) (3072 -2940.389160 0 ) (3072 -2940.389160 160 ) (2048 -2940.389160 160 ) 
4 211 (2048 -2954.532715 160 ) (3072 -2954.532715 160 ) (3072 -2954.532715 0 ) (2048 -2954.532715 0 ) 
4 212 (2048 -2940.389160 -48 ) (3072 -2940.389160 -48 ) (3072 -2940.389160 0 ) (2048 -2940.389160 0 ) 
4 213 (3072 -3072 -48 ) (2048 -3072 -48 ) (2048 -2954.532715 -48 ) (3072 -2954.532715 -48 ) 
4 213 (2048 -2954.532715 0 ) (3072 -2954.532715 0 ) (3072 -2954.532715 -48 ) (2048 -2954.532715 -48 ) 
4 214 (3072 -2944 -80 ) (3072 -2944 -48 ) (2048 -2944 -48 ) (2048 -2944 -80 ) 
4 214 (2048 -2944 -1024 ) (2048 -2048 -1024 ) (3072 -2048 -1024 ) (3072 -2944 -1024 ) 
4 214 (3072 -2944 -48 ) (3072 -2940.389160 -48 ) (2048 -2940.389160 -48 ) (2048 -2944 -48 ) 
4 215 (3072 -3072 -1024 ) (2048 -3072 -1024 ) (2048 -2944 -1024 ) (3072 -2944 -1024 ) 
4 215 (3072 -2944 -80 ) (2048 -2944 -80 ) (2048 -3072 -80 ) (3072 -3072 -80 ) 
4 216 (3072 -3402.532715 160 ) (2048 -3402.532715 160 ) (2048 -3388.389160 160 ) (3072 -3388.389160 160 ) 
4 216 (3072 -3402.532715 272 ) (3072 -3072 272 ) (2048 -3072 272 ) (2048 -3402.532715 272 ) 
4 217 (2048 -3388.389160 0 ) (3072 -3388.389160 0 ) (3072 -3388.389160 160 ) (2048 -3388.389160 160 ) 
4 218 (2048 -3402.532715 160 ) (3072 -3402.532715 160 ) (3072 -3402.532715 0 ) (2048 -3402.532715 0 ) 
4 218 (3072 -3402.532715 272 ) (2048 -3402.532715 272 ) (2048 -4096 272 ) (3072 -4096 272 ) 
4 219 (2048 -3388.389160 -48 ) (2048 -3072 -48 ) (3072 -3072 -48 ) (3072 -3388.389160 -48 ) 
4 219 (2048 -3388.389160 -48 ) (3072 -3388.389160 -48 ) (3072 -3388.389160 0 ) (2048 -3388.389160 0 ) 
4 220 (3072 -3408 -48 ) (2048 -3408 -48 ) (2048 -3402.532715 -48 ) (3072 -3402.532715 -48 ) 
4 220 (2048 -3402.532715 0 ) (3072 -3402.532715 0 ) (3072 -3402.532715 -48 ) (2048 -3402.532715 -48 ) 
4 221 (2048 -3408 -1024 ) (2048 -3072 -1024 ) (3072 -3072 -1024 ) (3072 -3408 -1024 ) 
4 221 (3072 -3072 -80 ) (2048 -3072 -80 ) (2048 -3408 -80 ) (3072 -3408 -80 ) 
4 222 (2048 -3408 -80 ) (2048 -3408 -48 ) (3072 -3408 -48 ) (3072 -3408 -80 ) 
4 222 (3072 -4096 -1024 ) (2048 -4096 -1024 ) (2048 -3408 -1024 ) (3072 -3408 -1024 ) 
4 223 (3072 -4096 272 ) (2048 -4096 272 ) (2048 -5120 272 ) (3072 -5120 272 ) 
4 224 (3072 -5120 -1024 ) (2048 -5120 -1024 ) (2048 -4096 -1024 ) (3072 -4096 -1024 ) 
4 225 (3072 -5376 272 ) (3072 -5120 272 ) (2048 -5120 272 ) (2048 -5376 272 ) 
4 225 (2048 -5376 0 ) (3072 -5376 0 ) (3072 -5376 272 ) (2048 -5376 272 ) 
4 226 (2048 -5376 -1024 ) (2048 -5120 -1024 ) (3072 -5120 -1024 ) (3072 -5376 -1024 ) 
4 226 (2048 -5376 -1024 ) (3072 -5376 -1024 ) (3072 -5376 0 ) (2048 -5376 0 ) 
4 227 (2048 4624 272 ) (1024 4624 272 ) (1024 4096 272 ) (2048 4096 272 ) 
4 227 (1024 4624 272 ) (2048 4624 272 ) (2048 4624 0 ) (1024 4624 0 ) 
4 228 (1024 4624 -1024 ) (1024 4624 0 ) (2048 4624 0 ) (2048 4624 -1024 ) 
4 228 (2048 4096 -1024 ) (1024 4096 -1024 ) (1024 4624 -1024 ) (2048 4624 -1024 ) 
4 229 (2048 4096 272 ) (1024 4096 272 ) (1024 3072 272 ) (2048 3072 272 ) 
4 230 (2048 3072 -1024 ) (1024 3072 -1024 ) (1024 4096 -1024 ) (2048 4096 -1024 ) 
4 231 (2048 3072 272 ) (1024 3072 272 ) (1024 2048 272 ) (2048 2048 272 ) 
4 232 (2048 2048 -1024 ) (1024 2048 -1024 ) (1024 3072 -1024 ) (2048 3072 -1024 ) 
4 233 (1120 1408 0 ) (1120 1024 0 ) (1120 1024 272 ) (1120 1408 272 ) 
4 233 (1120 1424 0 ) (1120 1408 0 ) (1120 1408 272 ) (1120 1424 272 ) 
4 233 (2048 2048 272 ) (1120 2048 272 ) (1120 1024 272 ) (2048 1024 272 ) 
4 234 (1024 1424 0 ) (1120 1424 0 ) (1120 1424 272 ) (1024 1424 272 ) 
4 234 (1120 1424 272 ) (1120 2048 272 ) (1024 2048 272 ) (1024 1424 272 ) 
4 235 (1024 1408 272 ) (1088 1408 272 ) (1088 1408 0 ) (1024 1408 0 ) 
4 235 (1088 1408 272 ) (1024 1408 272 ) (1024 1024 272 ) (1088 1024 272 ) 
4 235 (1088 1024 272 ) (1088 1024 0 ) (1088 1408 0 ) (1088 1408 272 ) 
4 236 (1120 1408 0 ) (1120 1424 0 ) (1120 1424 -48 ) (1120 1408 -48 ) 
5 236 (1120 1408 -48 ) (1120 1408 -1017 ) (2048 1408 -1017 ) (2048 1408 -939.841492 ) (1409.959229 1408 -48 ) 
3 236 (1504 1408 -48 ) (1409.959229 1408 -48 ) (1616 1408 -336 ) 
4 236 (2048 1408 -1024 ) (1120 1408 -1024 ) (1120 2048 -1024 ) (2048 2048 -1024 ) 
4 237 (1120 1024 -48 ) (1120 1024 0 ) (1120 1408 0 ) (1120 1408 -48 ) 
4 237 (1409.959229 1024 -48 ) (1120 1024 -48 ) (1120 1408 -48 ) (1409.959106 1408 -48 ) 
4 237 (1504 1024 -48 ) (1409.959229 1024 -48 ) (1409.959106 1408 -48 ) (1504 1408 -48 ) 
4 238 (2048 1024 -939.844055 ) (1616.002197 1024 -336.005585 ) (1616.002197 1408 -336.005585 ) (2048 1408 -939.844055 ) 
4 238 (1616.004761 1408 -336.005707 ) (1616.004761 1024 -336.005707 ) (1504.001831 1024 -48 ) (1504.001831 1408 -48 ) 
4 239 (2048 1024 -1024 ) (1120 1024 -1024 ) (1120 1408 -1024 ) (2048 1408 -1024 ) 
4 239 (2048 1024 -1017 ) (2048 1408 -1017 ) (1120 1408 -1017 ) (1120 1024 -1017 ) 
4 240 (1024 1424 -48 ) (1120 1424 -48 ) (1120 1424 0 ) (1024 1424 0 ) 
4 241 (1088 1024 -48 ) (1024 1024 -48 ) (1024 1408 -48 ) (1088 1408 -48 ) 
4 241 (1024 1408 0 ) (1088 1408 0 ) (1088 1408 -48 ) (1024 1408 -48 ) 
4 241 (1088 1024 0 ) (1088 1024 -48 ) (1088 1408 -48 ) (1088 1408 0 ) 
4 242 (1120 1408 -64 ) (1120 1408 -48 ) (1024 1408 -48 ) (1024 1408 -64 ) 
4 242 (1024 2048 -1024 ) (1120 2048 -1024 ) (1120 1408 -1024 ) (1024 1408 -1024 ) 
4 242 (1024 1424 -48 ) (1024 1408 -48 ) (1120 1408 -48 ) (1120 1424 -48 ) 
4 243 (1120 1408 -1017 ) (1120 1408 -64 ) (1120 1024 -64 ) (1120 1024 -1017 ) 
4 243 (1120 1408 -1024 ) (1120 1024 -1024 ) (1024 1024 -1024 ) (1024 1408 -1024 ) 
4 243 (1024 1024 -64 ) (1120 1024 -64 ) (1120 1408 -64 ) (1024 1408 -64 ) 
4 244 (1120 1024 0 ) (1120 0 0 ) (1120 0 272 ) (1120 1024 272 ) 
4 244 (2048 1024 272 ) (1120 1024 272 ) (1120 0 272 ) (2048 0 272 ) 
4 245 (1088 1024 272 ) (1024 1024 272 ) (1024 0 272 ) (1088 0 272 ) 
4 245 (1088 1024 272 ) (1088 0 272 ) (1088 0 0 ) (1088 1024 0 ) 
4 246 (1120 0 -4 ) (1120 0 0 ) (1120 1024 0 ) (1120 1024 -4 ) 
4 246 (1488 280 -4 ) (1488 288 -4 ) (1492 288 -4 ) (1492 280 -4 ) 
4 247 (1120 288 -4 ) (1120 1024 -4 ) (1120 1024 -48 ) (1120 288 -48 ) 
4 247 (1409.959106 1024 -48 ) (1504 1024 -48 ) (1504 288 -48 ) (1409.959229 288 -48 ) 
4 247 (1120 288 -48 ) (1120 1024 -48 ) (1409.959106 1024 -48 ) (1409.959229 288 -48 ) 
4 247 (1488 288 -48 ) (1492 288 -48 ) (1492 288 -4 ) (1488 288 -4 ) 
4 248 (1492 288 -48 ) (1504 288 -48 ) (1504 280 -48 ) (1492 280 -48 ) 
4 248 (1492 288 -4 ) (1492 288 -48 ) (1492 280 -48 ) (1492 280 -4 ) 
4 249 (1504 0 -48 ) (1488 0 -48 ) (1488 280 -48 ) (1504 280 -48 ) 
4 249 (1492 280 -4 ) (1492 280 -48 ) (1488 280 -48 ) (1488 280 -4 ) 
4 250 (1120 0 -48 ) (1120 0 -4 ) (1120 288 -4 ) (1120 288 -48 ) 
4 250 (1488 0 -48 ) (1409.959229 0 -48 ) (1409.959229 288 -48 ) (1488 288 -48 ) 
4 250 (1409.959229 0 -48 ) (1120 0 -48 ) (1120 288 -48 ) (1409.959229 288 -48 ) 
4 250 (1488 280 -4 ) (1488 280 -48 ) (1488 288 -48 ) (1488 288 -4 ) 
4 251 (2048 0 -939.844238 ) (1616.002319 0 -336.005798 ) (1616.002319 1024 -336.005768 ) (2048 1024 -939.844238 ) 
4 251 (1616.004761 1024 -336.005707 ) (1616.004761 0 -336.005707 ) (1504.001831 0 -48 ) (1504.001831 1024 -48 ) 
4 252 (2048 1024 -1017 ) (1120 1024 -1017 ) (1120 0 -1017 ) (2048 0 -1017 ) 
4 252 (2048 0 -1024 ) (1120 0 -1024 ) (1120 1024 -1024 ) (2048 1024 -1024 ) 
4 253 (1088 1024 -48 ) (1088 1024 0 ) (1088 0 0 ) (1088 0 -48 ) 
4 253 (1024 1024 -48 ) (1088 1024 -48 ) (1088 0 -48 ) (1024 0 -48 ) 
4 254 (1024 0 -64 ) (1088 0 -64 ) (1088 1024 -64 ) (1024 1024 -64 ) 
4 254 (1088 0 -64 ) (1120 0 -64 ) (1120 1024 -64 ) (1088 1024 -64 ) 
4 254 (1024 1024 -1024 ) (1120 1024 -1024 ) (1120 0 -1024 ) (1024 0 -1024 ) 
4 254 (1120 1024 -1017 ) (1120 1024 -64 ) (1120 0 -64 ) (1120 0 -1017 ) 
4 255 (1496.536011 -1024 96 ) (1482.392334 -1024 96 ) (1482.392334 -566.921753 96 ) (1496.536011 -566.921753 96 ) 
4 255 (2048 0 272 ) (1482.392334 0 272 ) (1482.392334 -1024 272 ) (2048 -1024 272 ) 
4 256 (1496.536011 -566.921753 0 ) (1496.536011 -1024 0 ) (1496.536011 -1024 96 ) (1496.536011 -566.921753 96 ) 
4 257 (1496.536011 -566.921753 0 ) (1496.536011 -566.921753 96 ) (1482.392334 -566.921753 96 ) (1482.392334 -566.921753 0 ) 
4 258 (1120 0 0 ) (1120 -960 0 ) (1120 -960 272 ) (1120 0 272 ) 
4 258 (1482.392334 0 272 ) (1120 0 272 ) (1120 -1024 272 ) (1482.392334 -1024 272 ) 
4 258 (1482.392334 -566.921753 96 ) (1482.392334 -1024 96 ) (1482.392334 -1024 0 ) (1482.392334 -566.921753 0 ) 
4 259 (1088 -996.798523 0 ) (1064.346558 -1024 0 ) (1064.348511 -1024 272 ) (1088 -996.799805 272 ) 
4 259 (1120 -959.998535 272 ) (1120 -959.998535 0 ) (1088 -996.798523 0 ) (1088 -996.799805 272 ) 
3 259 (1120 -960 272 ) (1064.347778 -1024 272 ) (1120 -1024 272 ) 
4 260 (1088 0 272 ) (1088 -960 272 ) (1088 -960 0 ) (1088 0 0 ) 
5 260 (1088 -960 272 ) (1088 0 272 ) (1024 0 272 ) (1024 -1024 272 ) (1032.347778 -1024 272 ) 
4 260 (1032.347168 -1024 0 ) (1088 -960.001465 0 ) (1088 -960.001465 272 ) (1032.349121 -1024 272 ) 
4 261 (1496.536011 -566.921753 0 ) (1488 -566.921753 0 ) (1488 -566.921753 -4 ) (1496.536011 -566.921753 -4 ) 
4 261 (1488 -560 -4 ) (1488 -552 -4 ) (1492 -552 -4 ) (1492 -560 -4 ) 
4 262 (1492 0 -48 ) (1504 0 -48 ) (1504 -566.921753 -48 ) (1492 -566.921753 -48 ) 
4 262 (1492 -566.921753 -48 ) (1496.536011 -566.921753 -48 ) (1496.536011 -566.921753 -4 ) (1492 -566.921753 -4 ) 
4 262 (1492 -552 -48 ) (1492 -560 -48 ) (1492 -560 -4 ) (1492 -552 -4 ) 
4 263 (1488 0 -48 ) (1492 0 -48 ) (1492 -552 -48 ) (1488 -552 -48 ) 
4 263 (1492 -552 -48 ) (1492 -552 -4 ) (1488 -552 -4 ) (1488 -552 -48 ) 
4 264 (1492 -560 -48 ) (1492 -566.921753 -48 ) (1488 -566.921753 -48 ) (1488 -560 -48 ) 
4 264 (1488 -566.921753 -48 ) (1492 -566.921753 -48 ) (1492 -566.921753 -4 ) (1488 -566.921753 -4 ) 
4 264 (1488 -560 -48 ) (1488 -560 -4 ) (1492 -560 -4 ) (1492 -560 -48 ) 
4 265 (1482.392334 -566.921753 -48 ) (1482.392334 0 -48 ) (1488 0 -48 ) (1488 -566.921753 -48 ) 
4 265 (1482.392334 -566.921753 0 ) (1482.392334 -566.921753 -48 ) (1488 -566.921753 -48 ) (1488 -566.921753 0 ) 
4 265 (1488 -552 -4 ) (1488 -560 -4 ) (1488 -560 -48 ) (1488 -552 -48 ) 
4 266 (1504 -1024 -48 ) (1496.536011 -1024 -48 ) (1496.536011 -960 -48 ) (1504 -960 -48 ) 
4 266 (1496.536011 -960 -48 ) (1496.536011 -566.921753 -48 ) (1504 -566.921753 -48 ) (1504 -960 -48 ) 
4 266 (1496.536011 -566.921753 0 ) (1496.536011 -566.921753 -48 ) (1496.536011 -1024 -48 ) (1496.536011 -1024 0 ) 
4 267 (1482.392334 -1024 -48 ) (1120 -1024 -48 ) (1120 -960 -48 ) (1482.392334 -960 -48 ) 
4 267 (1120 -960 -48 ) (1120 0 -48 ) (1409.959229 0 -48 ) (1409.959229 -960 -48 ) 
4 267 (1409.959229 0 -48 ) (1482.392334 0 -48 ) (1482.392334 -960 -48 ) (1409.959229 -960 -48 ) 
4 267 (1120 0 -48 ) (1120 -960 -48 ) (1120 -960 0 ) (1120 0 0 ) 
4 267 (1482.392334 -566.921753 0 ) (1482.392334 -1024 0 ) (1482.392334 -1024 -48 ) (1482.392334 -566.921753 -48 ) 
3 268 (1120 -1024 -48 ) (1064.347778 -1024 -48 ) (1120 -960 -48 ) 
4 268 (1088 -996.798523 -48 ) (1064.346558 -1024 -48 ) (1064.348511 -1024 0 ) (1088 -996.799805 0 ) 
4 268 (1120 -959.998535 0 ) (1120 -959.998535 -48 ) (1088 -996.798523 -48 ) (1088 -996.799805 0 ) 
5 269 (1032.347778 -1024 -48 ) (1024 -1024 -48 ) (1024 0 -48 ) (1088 0 -48 ) (1088 -960 -48 ) 
4 269 (1088 0 0 ) (1088 -960 0 ) (1088 -960 -48 ) (1088 0 -48 ) 
4 269 (1032.347168 -1024 -48 ) (1088 -960.001465 -48 ) (1088 -960.001465 0 ) (1032.349121 -1024 0 ) 
5 270 (1646.421265 -960 -378.523621 ) (1616.001221 -960 -336.003113 ) (1616.001221 0 -336.003021 ) (2048 0 -939.842712 ) (2048 -537.593201 -939.842773 ) 
3 270 (1646.413940 -960 -378.524261 ) (2048 -537.584167 -939.850952 ) (2048 -960 -378.524261 ) 
4 270 (1616.004761 0 -336.005707 ) (1616.004761 -960 -336.005707 ) (1504.002563 -960 -48 ) (1504.002563 0 -48 ) 
5 271 (1632.540283 -960 -378.527802 ) (1616.005127 -991.996460 -336.008972 ) (1584.001709 -1024 -253.714325 ) (1504.001709 -1024 -48 ) (1504.001709 -960 -48 ) 
3 271 (1616 -960 -336 ) (1646.422241 -960 -378.523590 ) (1632.536987 -960 -378.523590 ) 
4 271 (1632.537231 -960 -378.524261 ) (2048 -960 -378.524261 ) (2048 -992 -336.001251 ) (1616 -992 -336.001251 ) 
4 271 (1584.003784 -1024 -253.713623 ) (1616.006226 -991.997681 -336.005920 ) (2048 -991.997681 -336.005859 ) (2048 -1024 -253.713623 ) 
4 272 (2048 -960 -1016 ) (1504 -960 -1016 ) (1504 -1024 -1016 ) (2048 -1024 -1016 ) 
4 272 (1504 -960 -1016 ) (2048 -960 -1016 ) (2048 -960 -1017 ) (1504 -960 -1017 ) 
4 273 (1504 -960 -429 ) (1504 -960 -1016 ) (1120 -960 -1016 ) (1120 -960 -429 ) 
4 273 (1504 -960 -1016 ) (1504 -960 -1017 ) (1120 -960 -1017 ) (1120 -960 -1016 ) 
4 273 (1504 -1024 -429 ) (1504 -1024 -1016 ) (1504 -960 -1016 ) (1504 -960 -429 ) 
4 273 (1504 -1024 -429 ) (1504 -960 -429 ) (1120 -960 -429 ) (1120 -1024 -429 ) 
4 274 (2048 -960 -1017 ) (2048 0 -1017 ) (1120 0 -1017 ) (1120 -960 -1017 ) 
4 274 (2048 -1024 -1024 ) (1120 -1024 -1024 ) (1120 0 -1024 ) (2048 0 -1024 ) 
5 275 (1120 -960 -64 ) (1120 -960 -378.523590 ) (1120 -922.015198 -429 ) (1120 0 -429 ) (1120 0 -64 ) 
3 275 (1120 -922.015198 -429 ) (1120 -960 -378.523590 ) (1120 -960 -429 ) 
5 275 (1024 -1024 -64 ) (1064.347778 -1024 -64 ) (1120 -960 -64 ) (1120 0 -64 ) (1024 0 -64 ) 
4 275 (1120 -959.998535 -64 ) (1064.348511 -1024 -64 ) (1064.346558 -1024 -429 ) (1120 -959.998535 -429 ) 
4 276 (1120 -960 -1016 ) (1120 -960 -1017 ) (1120 0 -1017 ) (1120 0 -1016 ) 
4 276 (1120 -922.015198 -429 ) (1120 -480.282837 -1016 ) (1120 0 -1016 ) (1120 0 -429 ) 
4 276 (1120 -922.015198 -429 ) (1120 -960 -429 ) (1120 -960 -1016 ) (1120 -480.282837 -1016 ) 
3 276 (1064.347778 -1024 -429 ) (1120 -1024 -429 ) (1120 -960 -429 ) 
4 276 (1024 0 -1024 ) (1120 0 -1024 ) (1120 -1024 -1024 ) (1024 -1024 -1024 ) 
4 277 (1072.542358 -2000.092285 160 ) (1072.542358 -2016.928223 160 ) (1056.118164 -2016.928223 160 ) (1055.912231 -2016.722290 160 ) 
4 277 (1024 -2035.071777 160 ) (1024 -2016.928223 160 ) (1072.542358 -2016.928223 160 ) (1072.542358 -2035.071777 160 ) 
4 277 (1482.392334 -1590.242432 160 ) (1482.392334 -1615.901367 160 ) (1072.542358 -2025.751343 160 ) (1072.542358 -2000.092163 160 ) 
4 277 (1482.392334 -1615.901245 160 ) (1482.392334 -1532 160 ) (1496.536011 -1532 160 ) (1496.536011 -1601.757446 160 ) 
3 277 (1496.536011 -1601.757812 160 ) (1496.536011 -1592.797729 160 ) (1501.016113 -1597.277710 160 ) 
4 277 (1496.536011 -1546.532715 160 ) (1496.536011 -1532.389038 160 ) (2048 -1532.389038 160 ) (2048 -1546.532715 160 ) 
4 277 (1064.347046 -1024 160 ) (1024 -1070.399048 160 ) (1024 -1070.398804 272 ) (1064.347046 -1024 272 ) 
5 277 (2048 -1024 272 ) (1064.347778 -1024 272 ) (1024 -1070.399902 272 ) (1024 -2048 272 ) (2048 -2048 272 ) 
3 278 (1032.347778 -1024 272 ) (1024 -1024 272 ) (1024 -1033.599976 272 ) 
4 278 (1024 -1033.601074 160 ) (1032.348633 -1024 160 ) (1032.348633 -1024 272 ) (1024 -1033.600952 272 ) 
4 279 (1496.536011 -1344 0 ) (1496.536011 -1532.389038 0 ) (1496.536011 -1532.389038 96 ) (1496.536011 -1344 96 ) 
4 279 (1496.536011 -1024 0 ) (1496.536011 -1264 0 ) (1496.536011 -1264 96 ) (1496.536011 -1024 96 ) 
4 279 (1496.536011 -1532.389038 96 ) (1496.536011 -1532.389038 160 ) (1496.536011 -1532 160 ) (1496.536011 -1532 96 ) 
4 279 (1496.536011 -1532.389038 160 ) (1496.536011 -1532.389038 0 ) (2048 -1532.389038 0 ) (2048 -1532.389038 160 ) 
4 280 (1501.019287 -1597.280884 0 ) (1496.536011 -1601.764160 0 ) (1496.536011 -1601.764160 160 ) (1501.019287 -1597.280884 160 ) 
4 280 (1551.761108 -1546.532715 160 ) (2048 -1546.532715 160 ) (2048 -1546.532715 0 ) (1551.761108 -1546.532715 0 ) 
4 281 (1496.536011 -1546.532715 0 ) (1496.536011 -1592.797729 0 ) (1496.536011 -1592.797729 96 ) (1496.536011 -1546.532715 96 ) 
4 281 (1496.536011 -1592.797729 96 ) (1496.536011 -1592.797729 160 ) (1496.536011 -1546.532715 160 ) (1496.536011 -1546.532715 96 ) 
4 281 (1551.761108 -1546.532715 160 ) (1551.761108 -1546.532715 0 ) (1496.536011 -1546.532715 0 ) (1496.536011 -1546.532715 160 ) 
4 281 (1496.536011 -1592.801880 160 ) (1496.536011 -1592.801880 0 ) (1501.016602 -1597.282349 0 ) (1501.016602 -1597.282349 160 ) 
4 282 (1482.392334 -1532 96 ) (1482.392334 -1344 96 ) (1496.536011 -1344 96 ) (1496.536011 -1532 96 ) 
4 282 (1482.392334 -1264 96 ) (1482.392334 -1024 96 ) (1496.536011 -1024 96 ) (1496.536011 -1264 96 ) 
4 282 (1482.392334 -1532 160 ) (1482.392334 -1532 96 ) (1496.536011 -1532 96 ) (1496.536011 -1532 160 ) 
4 283 (1496.536011 -1601.759766 160 ) (1496.536011 -1601.759766 96 ) (1482.392334 -1615.903442 96 ) (1482.392334 -1615.903442 160 ) 
4 284 (1496.536011 -1344 0 ) (1496.536011 -1344 96 ) (1482.392334 -1344 96 ) (1482.392334 -1344 0 ) 
4 284 (1482.392334 -1264 0 ) (1482.392334 -1264 96 ) (1496.536011 -1264 96 ) (1496.536011 -1264 0 ) 
4 285 (1482.392334 -1615.908569 0 ) (1482.392334 -1615.908569 96 ) (1496.536011 -1601.764771 96 ) (1496.536011 -1601.764771 0 ) 
4 286 (1072.542358 -2025.751343 0 ) (1072.542358 -2035.071777 0 ) (1072.542358 -2035.071777 160 ) (1072.542358 -2025.751343 160 ) 
4 286 (1482.392334 -1615.909790 160 ) (1482.392334 -1615.909790 0 ) (1072.542358 -2025.760498 0 ) (1072.542358 -2025.760498 160 ) 
4 287 (1482.392334 -1344 96 ) (1482.392334 -1590.242554 96 ) (1482.392334 -1590.242554 0 ) (1482.392334 -1344 0 ) 
4 287 (1482.392334 -1024 96 ) (1482.392334 -1264 96 ) (1482.392334 -1264 0 ) (1482.392334 -1024 0 ) 
4 287 (1482.392334 -1590.242676 96 ) (1482.392334 -1532 96 ) (1482.392334 -1532 160 ) (1482.392334 -1590.242676 160 ) 
4 287 (1072.542358 -2000.102295 160 ) (1072.542358 -2000.102295 0 ) (1482.392334 -1590.248779 0 ) (1482.392334 -1590.248779 160 ) 
4 288 (1056.114624 -2016.928223 160 ) (1056.114624 -2016.928223 0 ) (1055.910522 -2016.724121 0 ) (1055.910522 -2016.724121 160 ) 
4 288 (1024 -2016.928223 0 ) (1056.118164 -2016.928223 0 ) (1056.118164 -2016.928223 160 ) (1024 -2016.928223 160 ) 
4 289 (1024 -1033.602783 0 ) (1032.350220 -1024 0 ) (1032.350220 -1024 160 ) (1024 -1033.602783 160 ) 
4 290 (1055.918579 -2016.722412 160 ) (1055.918579 -2016.722412 0 ) (1072.542358 -2000.098633 0 ) (1072.542358 -2000.098633 160 ) 
4 290 (1064.344727 -1024 0 ) (1024 -1070.396606 0 ) (1024 -1070.396606 160 ) (1064.344727 -1024 160 ) 
4 291 (1024 -2035.071777 160 ) (1072.542358 -2035.071777 160 ) (1072.542358 -2035.071777 0 ) (1024 -2035.071777 0 ) 
4 292 (1496.536011 -1532.389038 -48 ) (1496.536011 -1024 -48 ) (1504 -1024 -48 ) (1504 -1532.389038 -48 ) 
4 292 (2048 -1104 -48 ) (2048 -1532.389038 -48 ) (1504 -1532.389038 -48 ) (1504 -1104 -48 ) 
4 292 (1496.536011 -1344 -48 ) (1496.536011 -1532.389038 -48 ) (1496.536011 -1532.389038 0 ) (1496.536011 -1344 0 ) 
4 292 (1496.536011 -1024 -48 ) (1496.536011 -1264 -48 ) (1496.536011 -1264 0 ) (1496.536011 -1024 0 ) 
4 292 (1496.536011 -1532.389038 0 ) (1496.536011 -1532.389038 -48 ) (2048 -1532.389038 -48 ) (2048 -1532.389038 0 ) 
4 293 (1496.536011 -2032 -48 ) (1496.536011 -1680 -48 ) (2048 -1680 -48 ) (2048 -2032 -48 ) 
4 293 (1496.536011 -1680 -48 ) (1496.536011 -1601.757812 -48 ) (1504 -1594.293823 -48 ) (1504 -1680 -48 ) 
5 293 (1504 -1594.293823 -48 ) (1551.761108 -1546.532715 -48 ) (2048 -1546.532715 -48 ) (2048 -1680 -48 ) (1504 -1680 -48 ) 
4 293 (1501.019165 -1597.280884 -48 ) (1496.536011 -1601.764038 -48 ) (1496.536011 -1601.764038 0 ) (1501.019165 -1597.280884 0 ) 
4 293 (1551.761108 -1546.532715 0 ) (2048 -1546.532715 0 ) (2048 -1546.532715 -48 ) (1551.761108 -1546.532715 -48 ) 
5 294 (1496.536011 -1592.797729 -48 ) (1496.536011 -1546.532715 -48 ) (1504 -1546.532715 -48 ) (1504 -1594.293823 -48 ) (1501.016113 -1597.277710 -48 ) 
3 294 (1504 -1546.532715 -48 ) (1551.761108 -1546.532715 -48 ) (1504 -1594.293823 -48 ) 
4 294 (1496.536011 -1546.532715 -48 ) (1496.536011 -1592.797729 -48 ) (1496.536011 -1592.797729 0 ) (1496.536011 -1546.532715 0 ) 
4 294 (1551.761108 -1546.532715 0 ) (1551.761108 -1546.532715 -48 ) (1496.536011 -1546.532715 -48 ) (1496.536011 -1546.532715 0 ) 
4 294 (1496.536011 -1592.801880 0 ) (1496.536011 -1592.801880 -48 ) (1501.016602 -1597.282349 -48 ) (1501.016602 -1597.282349 0 ) 
4 295 (1482.392334 -1344 -48 ) (1482.392334 -1264 -48 ) (1496.536011 -1264 -48 ) (1496.536011 -1344 -48 ) 
4 295 (1482.392334 -1344 0 ) (1482.392334 -1344 -48 ) (1496.536011 -1344 -48 ) (1496.536011 -1344 0 ) 
4 295 (1496.536011 -1264 0 ) (1496.536011 -1264 -48 ) (1482.392334 -1264 -48 ) (1482.392334 -1264 0 ) 
4 296 (1482.392334 -2032 -48 ) (1482.392334 -1680 -48 ) (1496.536011 -1680 -48 ) (1496.536011 -2032 -48 ) 
4 296 (1482.392334 -1680 -48 ) (1482.392334 -1615.901367 -48 ) (1496.536011 -1601.757690 -48 ) (1496.536011 -1680 -48 ) 
4 296 (1496.536011 -1601.763306 0 ) (1496.536011 -1601.763306 -48 ) (1482.392334 -1615.906982 -48 ) (1482.392334 -1615.906982 0 ) 
5 297 (1482.392334 -1680 -48 ) (1482.392334 -2032 -48 ) (1072.542358 -2032 -48 ) (1072.542358 -2025.751343 -48 ) (1418.293701 -1680 -48 ) 
3 297 (1482.392334 -1615.901367 -48 ) (1482.392334 -1680 -48 ) (1418.293701 -1680 -48 ) 
4 297 (1072.542358 -2025.751343 -48 ) (1072.542358 -2035.071777 -48 ) (1072.542358 -2035.071777 0 ) (1072.542358 -2025.751343 0 ) 
4 297 (1482.392334 -1615.909668 0 ) (1482.392334 -1615.909668 -48 ) (1072.542358 -2025.760498 -48 ) (1072.542358 -2025.760498 0 ) 
3 298 (1392.634766 -1680 -48 ) (1072.542358 -2000.092163 -48 ) (1072.542358 -1680 -48 ) 
5 298 (1072.542358 -1024 -48 ) (1482.392334 -1024 -48 ) (1482.392334 -1590.242432 -48 ) (1392.634766 -1680 -48 ) (1072.542358 -1680 -48 ) 
4 298 (1482.392334 -1344 0 ) (1482.392334 -1590.242554 0 ) (1482.392334 -1590.242554 -48 ) (1482.392334 -1344 -48 ) 
4 298 (1482.392334 -1024 0 ) (1482.392334 -1264 0 ) (1482.392334 -1264 -48 ) (1482.392334 -1024 -48 ) 
4 298 (1072.542358 -2000.102173 0 ) (1072.542358 -2000.102173 -48 ) (1482.392334 -1590.248779 -48 ) (1482.392334 -1590.248779 0 ) 
3 299 (1024 -2016.928223 -48 ) (1024 -1984.810059 -48 ) (1056.118164 -2016.928223 -48 ) 
4 299 (1056.114624 -2016.928223 0 ) (1056.114624 -2016.928223 -48 ) (1055.910522 -2016.724121 -48 ) (1055.910522 -2016.724121 0 ) 
4 299 (1024 -2016.928223 -48 ) (1056.118164 -2016.928223 -48 ) (1056.118164 -2016.928223 0 ) (1024 -2016.928223 0 ) 
3 300 (1024 -1033.599976 -48 ) (1024 -1024 -48 ) (1032.347778 -1024 -48 ) 
4 300 (1024 -1033.602783 -48 ) (1032.350220 -1024 -48 ) (1032.350220 -1024 0 ) (1024 -1033.602783 0 ) 
5 301 (1024 -1984.810059 -48 ) (1024 -1680 -48 ) (1072.542358 -1680 -48 ) (1072.542358 -2000.092285 -48 ) (1055.912231 -2016.722290 -48 ) 
5 301 (1024 -1680 -48 ) (1024 -1070.399902 -48 ) (1064.347778 -1024 -48 ) (1072.542358 -1024 -48 ) (1072.542358 -1680 -48 ) 
4 301 (1055.918457 -2016.722412 0 ) (1055.918457 -2016.722412 -48 ) (1072.542358 -2000.098633 -48 ) (1072.542358 -2000.098633 0 ) 
4 301 (1064.344727 -1024 -48 ) (1024 -1070.396606 -48 ) (1024 -1070.396606 0 ) (1064.344727 -1024 0 ) 
4 302 (1024 -2035.071777 0 ) (1072.542358 -2035.071777 0 ) (1072.542358 -2035.071777 -48 ) (1024 -2035.071777 -48 ) 
3 303 (1504.003662 -1104 -48 ) (1504.003662 -1024 -48 ) (1584.003540 -1024 -253.714264 ) 
4 303 (1504.005249 -1104 -48 ) (1584.004272 -1024 -253.711411 ) (2048 -1024 -253.711426 ) (2048 -1104 -48 ) 
4 304 (2048 -1024 -1016 ) (1880.444336 -1024 -1016 ) (1880.444336 -1680 -1016 ) (2048 -1680 -1016 ) 
4 304 (1880.444336 -1024 -1016 ) (1504 -1024 -1016 ) (1504 -1680 -1016 ) (1880.444336 -1680 -1016 ) 
4 304 (2048 -1680 -1024 ) (1504 -1680 -1024 ) (1504 -1024 -1024 ) (2048 -1024 -1024 ) 
3 305 (1024 -1070.399902 -64 ) (1064.347778 -1024 -64 ) (1024 -1024 -64 ) 
4 305 (1064.348267 -1024 -64 ) (1024 -1070.400513 -64 ) (1024 -1070.395020 -429 ) (1064.343506 -1024 -429 ) 
5 306 (1024 -1070.399902 -429 ) (1024 -1680 -429 ) (1504 -1680 -429 ) (1504 -1024 -429 ) (1064.347778 -1024 -429 ) 
4 306 (1024 -1024 -1024 ) (1504 -1024 -1024 ) (1504 -1680 -1024 ) (1024 -1680 -1024 ) 
4 306 (1504 -1024 -1016 ) (1504 -1024 -429 ) (1504 -1680 -429 ) (1504 -1680 -1016 ) 
4 307 (1072.542358 -2035.071777 -48 ) (1072.542358 -2032 -48 ) (1024 -2032 -48 ) (1024 -2035.071777 -48 ) 
4 307 (1024 -2032 -48 ) (2048 -2032 -48 ) (2048 -2032 -64 ) (1024 -2032 -64 ) 
4 308 (2048 -2032 -64 ) (2048 -1680 -64 ) (1024 -1680 -64 ) (1024 -2032 -64 ) 
4 308 (2048 -2048 -1024 ) (1024 -2048 -1024 ) (1024 -1680 -1024 ) (2048 -1680 -1024 ) 
4 308 (1504 -1680 -64 ) (1504 -1680 -429 ) (1024 -1680 -429 ) (1024 -1680 -64 ) 
4 308 (1880.444336 -1680 -1016 ) (1510.222168 -1680 -64 ) (2048 -1680 -64 ) (2048 -1680 -1016 ) 
4 308 (1510.222168 -1680 -64 ) (1880.444336 -1680 -1016 ) (1504 -1680 -1016 ) (1504 -1680 -64 ) 
4 309 (1108.925049 -2945.921875 160 ) (2048 -2945.921875 160 ) (2048 -2954.532715 160 ) (1108.925049 -2954.532715 160 ) 
4 309 (1108.925049 -2940.389160 160 ) (2048 -2940.389160 160 ) (2048 -2945.921875 160 ) (1108.925049 -2945.921875 160 ) 
4 309 (2048 -2048 272 ) (1098.392334 -2048 272 ) (1098.392334 -3072 272 ) (2048 -3072 272 ) 
4 310 (2048 -2940.389160 160 ) (1108.925049 -2940.389160 160 ) (1108.925049 -2940.389160 0 ) (2048 -2940.389160 0 ) 
4 311 (1098.392334 -2945.921875 159 ) (1098.392334 -2945.921875 0 ) (1108.925049 -2945.921875 0 ) (1108.925049 -2945.921875 159 ) 
4 311 (1108.925049 -2945.921875 160 ) (1108.925049 -2945.921875 0 ) (1108.925049 -2940.389160 0 ) (1108.925049 -2940.389160 160 ) 
4 312 (1108.925049 -2954.532715 160 ) (1108.925049 -2954.532715 159 ) (1108.925049 -2945.921875 159 ) (1108.925049 -2945.921875 160 ) 
4 312 (1098.392334 -2945.921875 159 ) (1108.925049 -2945.921875 159 ) (1108.925049 -2954.532715 159 ) (1098.392334 -2954.532715 159 ) 
4 313 (1112.536011 -2954.532715 159 ) (1112.536011 -2954.532715 0 ) (1112.536011 -3072 0 ) (1112.536011 -3072 159 ) 
4 313 (2048 -2954.532715 159 ) (1112.536011 -2954.532715 159 ) (1112.536011 -2954.532715 160 ) (2048 -2954.532715 160 ) 
4 313 (1112.536011 -2954.532715 159 ) (2048 -2954.532715 159 ) (2048 -2954.532715 0 ) (1112.536011 -2954.532715 0 ) 
4 314 (1112.536011 -2954.532715 159 ) (1108.925049 -2954.532715 159 ) (1108.925049 -2954.532715 160 ) (1112.536011 -2954.532715 160 ) 
4 314 (1098.392334 -3072 159 ) (1098.392334 -2954.532715 159 ) (1112.536011 -2954.532715 159 ) (1112.536011 -3072 159 ) 
4 315 (1098.392334 -2954.532715 159 ) (1098.392334 -3072 159 ) (1098.392334 -3072 0 ) (1098.392334 -2954.532715 0 ) 
4 315 (1098.392334 -2945.921875 159 ) (1098.392334 -2954.532715 159 ) (1098.392334 -2954.532715 0 ) (1098.392334 -2945.921875 0 ) 
4 315 (1098.392334 -2048 272 ) (1024 -2048 272 ) (1024 -3072 272 ) (1098.392334 -3072 272 ) 
4 316 (1108.925049 -2940.389160 -48 ) (2048 -2940.389160 -48 ) (2048 -2940.389160 0 ) (1108.925049 -2940.389160 0 ) 
4 317 (2048 -3072 -48 ) (1112.536011 -3072 -48 ) (1112.536011 -2954.532715 -48 ) (2048 -2954.532715 -48 ) 
4 317 (1112.536011 -2954.532715 0 ) (2048 -2954.532715 0 ) (2048 -2954.532715 -48 ) (1112.536011 -2954.532715 -48 ) 
4 317 (1112.536011 -2954.532715 0 ) (1112.536011 -2954.532715 -48 ) (1112.536011 -3072 -48 ) (1112.536011 -3072 0 ) 
4 318 (1098.392334 -2945.921875 -48 ) (1098.392334 -2944 -48 ) (1108.925049 -2944 -48 ) (1108.925049 -2945.921875 -48 ) 
4 318 (1108.925049 -2945.921875 0 ) (1108.925049 -2945.921875 -48 ) (1108.925049 -2940.389160 -48 ) (1108.925049 -2940.389160 0 ) 
4 318 (1098.392334 -2945.921875 0 ) (1098.392334 -2945.921875 -48 ) (1108.925049 -2945.921875 -48 ) (1108.925049 -2945.921875 0 ) 
4 319 (1098.392334 -3072 -48 ) (1080 -3072 -48 ) (1080 -2944 -48 ) (1098.392334 -2944 -48 ) 
4 319 (1098.392334 -2945.921875 0 ) (1098.392334 -3072 0 ) (1098.392334 -3072 -48 ) (1098.392334 -2945.921875 -48 ) 
4 320 (1080 -2944 -80 ) (2048 -2944 -80 ) (2048 -2944 -48 ) (1080 -2944 -48 ) 
4 320 (2048 -2944 -48 ) (2048 -2940.389160 -48 ) (1108.925049 -2940.389160 -48 ) (1108.925049 -2944 -48 ) 
4 321 (1080 -3072 -48 ) (1080 -3072 -80 ) (1080 -2944 -80 ) (1080 -2944 -48 ) 
4 322 (2048 -2944 -80 ) (1080 -2944 -80 ) (1080 -3072 -80 ) (2048 -3072 -80 ) 
4 322 (2048 -3072 -1024 ) (1024 -3072 -1024 ) (1024 -2048 -1024 ) (2048 -2048 -1024 ) 
4 323 (1464.536011 -4096 160 ) (1450.392334 -4096 160 ) (1450.392334 -3402.532715 160 ) (1464.536011 -3402.532715 160 ) 
4 323 (1450.392334 -3402.532715 160 ) (1450.392334 -3388.921875 160 ) (2048 -3388.921875 160 ) (2048 -3402.532715 160 ) 
4 323 (1460.925049 -3388.389160 160 ) (2048 -3388.389160 160 ) (2048 -3388.921875 160 ) (1460.925049 -3388.921875 160 ) 
4 323 (2048 -3072 272 ) (1024 -3072 272 ) (1024 -4096 272 ) (2048 -4096 272 ) 
4 324 (1460.925049 -3388.389160 0 ) (2048 -3388.389160 0 ) (2048 -3388.389160 160 ) (1460.925049 -3388.389160 160 ) 
4 325 (1450.392334 -3388.921875 160 ) (1450.392334 -3388.921875 0 ) (1460.925049 -3388.921875 0 ) (1460.925049 -3388.921875 160 ) 
4 325 (1460.925049 -3388.921875 160 ) (1460.925049 -3388.921875 0 ) (1460.925049 -3388.389160 0 ) (1460.925049 -3388.389160 160 ) 
3 326 (1488 -4036 0 ) (1488 -4096 0 ) (1488 -4096 4.705874 ) 
4 326 (1488 -3402.532715 160 ) (2048 -3402.532715 160 ) (2048 -3402.532715 0 ) (1488 -3402.532715 0 ) 
5 327 (1464.536011 -3402.532715 160 ) (1464.536011 -3402.532715 0 ) (1464.536011 -4036 0 ) (1464.536011 -4096 4.705874 ) (1464.536011 -4096 160 ) 
4 327 (1464.536011 -3402.532715 160 ) (1488 -3402.532715 160 ) (1488 -3402.532715 0 ) (1464.536011 -3402.532715 0 ) 
4 327 (1464.536011 -4096 4.707079 ) (1464.536011 -4035.984619 0 ) (1488 -4035.991455 0 ) (1488 -4096 4.706552 ) 
4 328 (1098.392334 -3072 159 ) (1112.536011 -3072 159 ) (1112.536011 -4096 159 ) (1098.392334 -4096 159 ) 
4 328 (1450.392334 -3388.921875 159 ) (1450.392334 -3388.921875 160 ) (1450.392334 -3402.532715 160 ) (1450.392334 -3402.532715 159 ) 
4 328 (1450.392334 -3402.532715 159 ) (1450.392334 -3402.532715 160 ) (1450.392334 -4096 160 ) (1450.392334 -4096 159 ) 
5 329 (1112.536011 -3072 0 ) (1112.536011 -4036 0 ) (1112.536011 -4096 4.705874 ) (1112.536011 -4096 159 ) (1112.536011 -3072 159 ) 
4 329 (1450.392334 -3388.921875 159 ) (1450.392334 -3402.532715 159 ) (1450.392334 -3402.532715 0 ) (1450.392334 -3388.921875 0 ) 
5 329 (1450.392334 -3402.532715 159 ) (1450.392334 -4096 159 ) (1450.392334 -4096 4.705874 ) (1450.392334 -4036 0 ) (1450.392334 -3402.532715 0 ) 
4 329 (1112.536011 -4096 4.706318 ) (1112.536011 -4035.994385 0 ) (1450.392334 -4035.991211 0 ) (1450.392334 -4096 4.706564 ) 
5 330 (1098.392334 -3072 159 ) (1098.392334 -4096 159 ) (1098.392334 -4096 4.705874 ) (1098.392334 -4036 0 ) (1098.392334 -3072 0 ) 
4 330 (1080 -4096 4.706318 ) (1080 -4035.994385 0 ) (1098.392334 -4035.991211 0 ) (1098.392334 -4096 4.706582 ) 
3 331 (1080 -4096 4.705874 ) (1080 -4096 0 ) (1080 -4036 0 ) 
4 332 (1488 -3072 -48 ) (2048 -3072 -48 ) (2048 -3388.389160 -48 ) (1488 -3388.389160 -48 ) 
4 332 (1450.392334 -3388.389160 -48 ) (1450.392334 -3072 -48 ) (1488 -3072 -48 ) (1488 -3388.389160 -48 ) 
4 332 (1460.925049 -3388.389160 -48 ) (2048 -3388.389160 -48 ) (2048 -3388.389160 0 ) (1460.925049 -3388.389160 0 ) 
4 333 (1450.392334 -3388.921875 -48 ) (1450.392334 -3388.389160 -48 ) (1460.925049 -3388.389160 -48 ) (1460.925049 -3388.921875 -48 ) 
4 333 (1450.392334 -3388.921875 0 ) (1450.392334 -3388.921875 -48 ) (1460.925049 -3388.921875 -48 ) (1460.925049 -3388.921875 0 ) 
4 333 (1460.925049 -3388.921875 0 ) (1460.925049 -3388.921875 -48 ) (1460.925049 -3388.389160 -48 ) (1460.925049 -3388.389160 0 ) 
4 334 (1488 -3408 -48 ) (1488 -3402.532715 -48 ) (2048 -3402.532715 -48 ) (2048 -3408 -48 ) 
4 334 (1488 -3424 -48 ) (1488 -4096 -48 ) (1488 -4096 0 ) (1488 -4036 0 ) 
4 334 (1488 -3402.532715 0 ) (2048 -3402.532715 0 ) (2048 -3402.532715 -48 ) (1488 -3402.532715 -48 ) 
4 335 (1464.536011 -3424 -48 ) (1464.536011 -3402.532715 -48 ) (1488 -3402.532715 -48 ) (1488 -3424 -48 ) 
4 335 (1464.536011 -3402.532715 0 ) (1464.536011 -3402.532715 -48 ) (1464.536011 -3424 -48 ) (1464.536011 -4036 0 ) 
4 335 (1464.536011 -3402.532715 0 ) (1488 -3402.532715 0 ) (1488 -3402.532715 -48 ) (1464.536011 -3402.532715 -48 ) 
4 335 (1464.536011 -4035.982178 0 ) (1464.536011 -3423.988037 -48 ) (1488 -3423.991211 -48 ) (1488 -4035.991211 0 ) 
4 336 (1112.536011 -3424 -48 ) (1112.536011 -3072 -48 ) (1450.392334 -3072 -48 ) (1450.392334 -3424 -48 ) 
4 336 (1112.536011 -3072 -48 ) (1112.536011 -3424 -48 ) (1112.536011 -4036 0 ) (1112.536011 -3072 0 ) 
4 336 (1450.392334 -3388.921875 0 ) (1450.392334 -3402.532715 0 ) (1450.392334 -3402.532715 -48 ) (1450.392334 -3388.921875 -48 ) 
4 336 (1450.392334 -3402.532715 0 ) (1450.392334 -4036 0 ) (1450.392334 -3424 -48 ) (1450.392334 -3402.532715 -48 ) 
4 336 (1112.536011 -4035.989990 0 ) (1112.536011 -3423.990479 -48 ) (1450.392334 -3423.998291 -48 ) (1450.392334 -4035.998291 0 ) 
4 337 (1080 -3424 -48 ) (1080 -3072 -48 ) (1098.392334 -3072 -48 ) (1098.392334 -3424 -48 ) 
4 337 (1098.392334 -3072 0 ) (1098.392334 -4036 0 ) (1098.392334 -3424 -48 ) (1098.392334 -3072 -48 ) 
4 337 (1080 -4035.997803 0 ) (1080 -3423.998291 -48 ) (1098.392334 -3423.998291 -48 ) (1098.392334 -4035.998291 0 ) 
4 338 (1488 -3408 -80 ) (1488 -4096 -80 ) (1488 -4096 -48 ) (1488 -3408 -48 ) 
4 338 (2048 -3408 -48 ) (2048 -3408 -80 ) (1488 -3408 -80 ) (1488 -3408 -48 ) 
4 339 (1080 -3072 -48 ) (1080 -4096 -48 ) (1080 -4096 -80 ) (1080 -3072 -80 ) 
4 339 (1080 -3424 -48 ) (1080 -4036 0 ) (1080 -4096 0 ) (1080 -4096 -48 ) 
4 340 (1488 -3072 -80 ) (1080 -3072 -80 ) (1080 -4096 -80 ) (1488 -4096 -80 ) 
4 340 (2048 -3408 -80 ) (2048 -3072 -80 ) (1488 -3072 -80 ) (1488 -3408 -80 ) 
4 340 (2048 -4096 -1024 ) (1024 -4096 -1024 ) (1024 -3072 -1024 ) (2048 -3072 -1024 ) 
4 341 (1024 -4615.072266 160 ) (1024 -4600.928711 160 ) (1489.464233 -4600.928711 160 ) (1489.464233 -4615.072266 160 ) 
4 341 (1024 -4247.072266 160 ) (1024 -4232.928711 160 ) (1080 -4232.928711 160 ) (1080 -4247.072266 160 ) 
4 341 (1111.464233 -4247.072266 160 ) (1080 -4247.072266 160 ) (1080 -4232.928711 160 ) (1111.464233 -4232.928711 160 ) 
4 341 (1450.392334 -4096 160 ) (1464.536011 -4096 160 ) (1464.536011 -4600.928711 160 ) (1450.392334 -4600.928711 160 ) 
4 341 (2048 -4096 272 ) (1024 -4096 272 ) (1024 -5120 272 ) (2048 -5120 272 ) 
4 342 (1489.464233 -4600.928711 0 ) (1489.464233 -4615.072266 0 ) (1489.464233 -4615.072266 160 ) (1489.464233 -4600.928711 160 ) 
4 343 (1488 -4600.928711 0 ) (1489.464233 -4600.928711 0 ) (1489.464233 -4600.928711 160 ) (1488 -4600.928711 160 ) 
5 343 (1488 -4096 0 ) (1488 -4600.928711 0 ) (1488 -4600.928711 16 ) (1488 -4240 16 ) (1488 -4096 4.705873 ) 
4 344 (1488 -4600.928711 16 ) (1488 -4600.928711 160 ) (1464.536011 -4600.928711 160 ) (1464.536011 -4600.928711 16 ) 
4 344 (1488 -4240 16 ) (1488 -4600.928711 16 ) (1464.536011 -4600.928711 16 ) (1464.536011 -4240 16 ) 
4 344 (1464.536011 -4096 16 ) (1464.536011 -4600.928711 16 ) (1464.536011 -4600.928711 160 ) (1464.536011 -4096 160 ) 
4 345 (1450.392334 -4600.928711 160 ) (1112.536011 -4600.928711 160 ) (1112.536011 -4600.928711 16 ) (1450.392334 -4600.928711 16 ) 
4 345 (1112.536011 -4232.928711 159 ) (1112.536011 -4232.928711 16 ) (1112.536011 -4234 16 ) (1112.536011 -4234 159 ) 
4 345 (1112.536011 -4096 159 ) (1112.536011 -4096 16 ) (1112.536011 -4232.928711 16 ) (1112.536011 -4232.928711 159 ) 
4 345 (1112.536011 -4600.928711 16 ) (1112.536011 -4240 16 ) (1450.392334 -4240 16 ) (1450.392334 -4600.928711 16 ) 
4 345 (1450.392334 -4096 160 ) (1450.392334 -4600.928711 160 ) (1450.392334 -4600.928711 16 ) (1450.392334 -4096 16 ) 
3 346 (1464.536011 -4240 16 ) (1464.536011 -4096 16 ) (1464.536011 -4096 4.705873 ) 
4 346 (1488 -4239.992188 16 ) (1464.536011 -4239.992188 16 ) (1464.536011 -4096 4.706495 ) (1488 -4096 4.706644 ) 
4 347 (1112.536011 -4234 16 ) (1112.536011 -4232.928711 16 ) (1112.536011 -4232.928711 15.445389 ) (1112.536011 -4234 15.529411 ) 
4 347 (1112.536011 -4232.928711 16 ) (1112.536011 -4096 16 ) (1112.536011 -4096 4.705873 ) (1112.536011 -4232.928711 15.445389 ) 
3 347 (1450.392334 -4096 4.705873 ) (1450.392334 -4096 16 ) (1450.392334 -4240 16 ) 
4 347 (1450.392334 -4096 4.706644 ) (1450.392334 -4239.992188 16 ) (1112.536011 -4239.992188 16 ) (1112.536011 -4096 4.706495 ) 
4 348 (1080 -4232.928711 160 ) (1080 -4232.928711 159 ) (1111.464233 -4232.928711 159 ) (1111.464233 -4232.928711 160 ) 
4 348 (1112.536011 -4232.928711 159 ) (1098.392334 -4232.928711 159 ) (1098.392334 -4096 159 ) (1112.536011 -4096 159 ) 
4 349 (1080 -4232.928711 16 ) (1080 -4232.928711 15.445385 ) (1098.392334 -4232.928711 15.445389 ) (1098.392334 -4232.928711 16 ) 
4 349 (1080 -4232.928711 159 ) (1080 -4232.928711 16 ) (1098.392334 -4232.928711 16 ) (1098.392334 -4232.928711 159 ) 
4 349 (1098.392334 -4096 4.705873 ) (1098.392334 -4096 159 ) (1098.392334 -4232.928711 159 ) (1098.392334 -4232.928711 15.445389 ) 
4 349 (1098.392334 -4096 4.706800 ) (1098.392334 -4232.928711 15.446303 ) (1080 -4232.928711 15.446303 ) (1080 -4096 4.706800 ) 
4 350 (1111.464233 -4234 159 ) (1111.464233 -4232.928711 159 ) (1112.536011 -4232.928711 159 ) (1112.536011 -4234 159 ) 
4 350 (1111.464233 -4232.928711 160 ) (1111.464233 -4232.928711 159 ) (1111.464233 -4247.072266 159 ) (1111.464233 -4247.072266 160 ) 
3 351 (1111.464233 -4234 16 ) (1111.464233 -4234 15.529408 ) (1111.464233 -4240 16 ) 
5 351 (1111.464233 -4247.072266 16.554682 ) (1111.464233 -4247.072266 159 ) (1111.464233 -4234 159 ) (1111.464233 -4234 16 ) (1111.464233 -4240 16 ) 
4 351 (1111.464233 -4239.994629 16 ) (1111.464233 -4234 15.529847 ) (1112.536011 -4234 15.529847 ) (1112.536011 -4239.994629 16 ) 
4 351 (1112.536011 -4234 159 ) (1112.536011 -4234 15.531250 ) (1111.464233 -4234 15.531250 ) (1111.464233 -4234 159 ) 
3 352 (1111.464233 -4247.072266 16 ) (1111.464233 -4247.072266 16.554682 ) (1111.464233 -4240 16 ) 
4 352 (1112.536011 -4247.072266 16 ) (1111.464233 -4247.072266 16 ) (1111.464233 -4240.003906 16 ) (1112.536011 -4240.003906 16 ) 
4 353 (1024 -4232.928711 0 ) (1080 -4232.928711 0 ) (1080 -4232.928711 16 ) (1024 -4232.928711 16 ) 
4 353 (1080 -4232.928711 16 ) (1080 -4232.928711 160 ) (1024 -4232.928711 160 ) (1024 -4232.928711 16 ) 
4 353 (1080 -4096 4.705873 ) (1080 -4232.928711 15.445389 ) (1080 -4232.928711 0 ) (1080 -4096 0 ) 
4 354 (1112.536011 -4600.928711 16 ) (1112.536011 -4600.928711 160 ) (1024 -4600.928711 160 ) (1024 -4600.928711 16 ) 
4 354 (1111.464233 -4247.072266 159 ) (1080 -4247.072266 159 ) (1080 -4247.072266 160 ) (1111.464233 -4247.072266 160 ) 
4 354 (1080 -4247.072266 16 ) (1080 -4247.072266 159 ) (1111.464233 -4247.072266 159 ) (1111.464233 -4247.072266 16 ) 
4 354 (1024 -4247.072266 16 ) (1024 -4247.072266 160 ) (1080 -4247.072266 160 ) (1080 -4247.072266 16 ) 
4 354 (1024 -4247.072266 16 ) (1112.536011 -4247.072266 16 ) (1112.536011 -4600.928711 16 ) (1024 -4600.928711 16 ) 
4 355 (1024 -4615.072266 160 ) (1489.464233 -4615.072266 160 ) (1489.464233 -4615.072266 0 ) (1024 -4615.072266 0 ) 
4 356 (1489.464233 -4615.072266 0 ) (1489.464233 -4600.928711 0 ) (1489.464233 -4600.928711 -48 ) (1489.464233 -4615.072266 -48 ) 
4 356 (2048 -5120 -1024 ) (1489.464233 -5120 -1024 ) (1489.464233 -4096 -1024 ) (2048 -4096 -1024 ) 
4 357 (1488 -4096 -80 ) (1488 -4240 -80 ) (1488 -4240 -48 ) (1488 -4096 -48 ) 
4 357 (1488 -4600.928711 -16 ) (1488 -4600.928711 0 ) (1488 -4240 0 ) (1488 -4240 -16 ) 
4 357 (1488 -4240 0 ) (1488 -4096 0 ) (1488 -4096 -48 ) (1488 -4240 -48 ) 
4 357 (1488 -4600.928711 0 ) (1488 -4600.928711 -48 ) (1489.464233 -4600.928711 -48 ) (1489.464233 -4600.928711 0 ) 
4 358 (1489.464233 -4600.928711 -48 ) (1488 -4600.928711 -48 ) (1488 -4615.072266 -48 ) (1489.464233 -4615.072266 -48 ) 
4 359 (1464.536011 -4240 -16 ) (1464.536011 -4240 -48 ) (1464.536011 -4600.928711 -48 ) (1464.536011 -4600.928711 -16 ) 
4 359 (1464.536011 -4600.928711 -48 ) (1488 -4600.928711 -48 ) (1488 -4600.928711 -16 ) (1464.536011 -4600.928711 -16 ) 
4 359 (1464.536011 -4240 -16 ) (1488 -4240 -16 ) (1488 -4240 -48 ) (1464.536011 -4240 -48 ) 
4 359 (1488 -4240 -16 ) (1464.536011 -4240 -16 ) (1464.536011 -4600.928711 -16 ) (1488 -4600.928711 -16 ) 
4 360 (1111.464233 -4240 -48 ) (1111.464233 -4247.072266 -48 ) (1111.464233 -4247.072266 -16 ) (1111.464233 -4240 -16 ) 
4 360 (1450.392334 -4240 -16 ) (1450.392334 -4240 -48 ) (1111.464233 -4240 -48 ) (1111.464233 -4240 -16 ) 
4 360 (1111.464233 -4600.928711 -48 ) (1450.392334 -4600.928711 -48 ) (1450.392334 -4600.928711 -16 ) (1111.464233 -4600.928711 -16 ) 
4 360 (1450.392334 -4600.928711 -16 ) (1450.392334 -4600.928711 -48 ) (1450.392334 -4240 -48 ) (1450.392334 -4240 -16 ) 
4 360 (1450.392334 -4600.928711 -16 ) (1450.392334 -4240 -16 ) (1111.464233 -4240 -16 ) (1111.464233 -4600.928711 -16 ) 
4 361 (1024 -4232.928711 -48 ) (1080 -4232.928711 -48 ) (1080 -4232.928711 0 ) (1024 -4232.928711 0 ) 
4 361 (1080 -4096 0 ) (1080 -4232.928711 0 ) (1080 -4232.928711 -48 ) (1080 -4096 -48 ) 
4 362 (1024 -4600.928711 -48 ) (1111.464233 -4600.928711 -48 ) (1111.464233 -4600.928711 -16 ) (1024 -4600.928711 -16 ) 
4 362 (1024 -4247.072266 -16 ) (1111.464233 -4247.072266 -16 ) (1111.464233 -4247.072266 -48 ) (1024 -4247.072266 -48 ) 
4 362 (1024 -4600.928711 -16 ) (1111.464233 -4600.928711 -16 ) (1111.464233 -4247.072266 -16 ) (1024 -4247.072266 -16 ) 
4 363 (1080 -4232.928711 -48 ) (1024 -4232.928711 -48 ) (1024 -4240 -48 ) (1080 -4240 -48 ) 
4 363 (1080 -4096 -48 ) (1080 -4240 -48 ) (1080 -4240 -80 ) (1080 -4096 -80 ) 
4 364 (1080 -4240 -48 ) (1488 -4240 -48 ) (1488 -4240 -80 ) (1080 -4240 -80 ) 
4 364 (1024 -4600.928711 -48 ) (1024 -4615.072266 -48 ) (1488 -4615.072266 -48 ) (1488 -4600.928711 -48 ) 
4 364 (1464.536011 -4240 -48 ) (1450.392334 -4240 -48 ) (1450.392334 -4600.928711 -48 ) (1464.536011 -4600.928711 -48 ) 
4 364 (1024 -4240 -48 ) (1024 -4247.072266 -48 ) (1111.464233 -4247.072266 -48 ) (1111.464233 -4240 -48 ) 
4 365 (1024 -4615.072266 -48 ) (1024 -4615.072266 0 ) (1488 -4615.072266 0 ) (1488 -4615.072266 -48 ) 
4 365 (1488 -4615.072266 -48 ) (1488 -4615.072266 0 ) (1489.464233 -4615.072266 0 ) (1489.464233 -4615.072266 -48 ) 
4 366 (1080 -4240 -80 ) (1488 -4240 -80 ) (1488 -4096 -80 ) (1080 -4096 -80 ) 
4 366 (1489.464233 -5120 -1024 ) (1024 -5120 -1024 ) (1024 -4096 -1024 ) (1489.464233 -4096 -1024 ) 
4 367 (1024 -5376 272 ) (1024 -5376 0 ) (2048 -5376 0 ) (2048 -5376 272 ) 
4 367 (2048 -5120 272 ) (1024 -5120 272 ) (1024 -5376 272 ) (2048 -5376 272 ) 
4 368 (2048 -5376 -1024 ) (2048 -5376 0 ) (1024 -5376 0 ) (1024 -5376 -1024 ) 
4 368 (2048 -5376 -1024 ) (1024 -5376 -1024 ) (1024 -5120 -1024 ) (2048 -5120 -1024 ) 
4 369 (1024 4624 272 ) (1024 4624 0 ) (0 4624 0 ) (0 4624 272 ) 
4 369 (1024 4624 272 ) (0 4624 272 ) (0 4096 272 ) (1024 4096 272 ) 
4 370 (1024 4096 -1024 ) (0 4096 -1024 ) (0 4624 -1024 ) (1024 4624 -1024 ) 
4 370 (0 4624 0 ) (1024 4624 0 ) (1024 4624 -1024 ) (0 4624 -1024 ) 
4 371 (1024 4096 272 ) (0 4096 272 ) (0 3072 272 ) (1024 3072 272 ) 
4 372 (1024 3072 -1024 ) (0 3072 -1024 ) (0 4096 -1024 ) (1024 4096 -1024 ) 
4 373 (1024 3072 272 ) (0 3072 272 ) (0 2048 272 ) (1024 2048 272 ) 
4 374 (1024 2048 -1024 ) (0 2048 -1024 ) (0 3072 -1024 ) (1024 3072 -1024 ) 
4 375 (0 1424 96 ) (1024 1424 96 ) (1024 1424 272 ) (0 1424 272 ) 
4 375 (1024 1424 272 ) (1024 2048 272 ) (0 2048 272 ) (0 1424 272 ) 
4 376 (0 1104 176 ) (0 1248 98.856476 ) (270.857452 1248 98.856476 ) (240 1104 176 ) 
4 376 (1024 1408 272 ) (0 1408 272 ) (0 1024 272 ) (1024 1024 272 ) 
4 376 (0 1408 272 ) (1024 1408 272 ) (1024 1408 96 ) (0 1408 96 ) 
5 377 (239.998581 1103.997559 175.998611 ) (270.856262 1248 98.854355 ) (271.998016 1248 96 ) (271.998016 1024 96 ) (257.140900 1024 133.142792 ) 
4 378 (0 1248 96 ) (272 1248 96 ) (270.854675 1248 98.859375 ) (0 1248 98.859375 ) 
4 379 (0 1104 176 ) (239.997986 1104 176 ) (257.140625 1024 133.143951 ) (0 1024 133.143951 ) 
4 380 (0 1424 0 ) (1024 1424 0 ) (1024 1424 96 ) (0 1424 96 ) 
4 381 (0 1232 0 ) (240 1232 0 ) (240 1232 96 ) (0 1232 96 ) 
4 381 (240 1232 0 ) (256 1232 0 ) (256 1232 36 ) (240 1232 36 ) 
4 381 (256 1232 36 ) (256 1232 96 ) (240 1232 96 ) (240 1232 36 ) 
4 381 (0 1408 96 ) (1024 1408 96 ) (1024 1408 0 ) (0 1408 0 ) 
4 381 (272 1232 96 ) (272 1248 96 ) (0 1248 96 ) (0 1232 96 ) 
4 382 (256 1232 36 ) (256 1232 0 ) (256 1136 0 ) (256 1136 36 ) 
4 382 (256 1232 96 ) (256 1232 36 ) (256 1072 36 ) (256 1072 96 ) 
4 382 (256 1072 0 ) (256 1024 0 ) (256 1024 96 ) (256 1072 96 ) 
4 382 (272 1232 96 ) (256 1232 96 ) (256 1024 96 ) (272 1024 96 ) 
4 383 (256 1136 36 ) (240 1136 36 ) (240 1072 36 ) (256 1072 36 ) 
4 383 (240 1072 36 ) (240 1072 0 ) (256 1072 0 ) (256 1072 36 ) 
4 383 (240 1136 0 ) (240 1136 36 ) (256 1136 36 ) (256 1136 0 ) 
4 384 (240 1216 96 ) (0 1216 96 ) (0 1024 96 ) (240 1024 96 ) 
4 384 (240 1072 96 ) (240 1024 96 ) (240 1024 0 ) (240 1072 0 ) 
4 384 (240 1216 96 ) (240 1072 96 ) (240 1072 36 ) (240 1216 36 ) 
4 384 (240 1216 36 ) (240 1136 36 ) (240 1136 0 ) (240 1216 0 ) 
4 384 (0 1216 96 ) (240 1216 96 ) (240 1216 0 ) (0 1216 0 ) 
4 385 (256 1424 0 ) (256 1424 -48 ) (1024 1424 -48 ) (1024 1424 0 ) 
4 386 (256 1320 -48 ) (256 1408 -48 ) (1024 1408 -48 ) (1024 1320 -48 ) 
4 386 (384 1320 -48 ) (576 1320 -48 ) (576 1320 -47 ) (384 1320 -47 ) 
4 386 (1024 1408 0 ) (1024 1408 -48 ) (256 1408 -48 ) (256 1408 0 ) 
4 387 (256 1136 0 ) (256 1232 0 ) (256 1232 -44 ) (256 1136 -44 ) 
4 387 (256 1024 -44 ) (256 1024 0 ) (256 1072 0 ) (256 1072 -44 ) 
4 387 (256 1024 -47 ) (256 1024 -44 ) (256 1232 -44 ) (256 1232 -47 ) 
4 387 (576 1024 -47 ) (384 1024 -47 ) (384 1320 -47 ) (576 1320 -47 ) 
4 388 (1024 1024 -48 ) (576 1024 -48 ) (576 1320 -48 ) (1024 1320 -48 ) 
4 388 (576 1024 -47 ) (576 1320 -47 ) (576 1320 -48 ) (576 1024 -48 ) 
4 389 (384 1024 -48 ) (256 1024 -48 ) (256 1320 -48 ) (384 1320 -48 ) 
4 389 (256 1232 -48 ) (256 1024 -48 ) (256 1024 -47 ) (256 1232 -47 ) 
4 389 (384 1024 -48 ) (384 1320 -48 ) (384 1320 -47 ) (384 1024 -47 ) 
4 390 (0 1424 -48 ) (256 1424 -48 ) (256 1424 0 ) (0 1424 0 ) 
4 391 (0 1232 -48 ) (0 1408 -48 ) (256 1408 -48 ) (256 1232 -48 ) 
4 391 (240 1232 0 ) (0 1232 0 ) (0 1232 -44 ) (240 1232 -44 ) 
4 391 (256 1232 -44 ) (256 1232 0 ) (240 1232 0 ) (240 1232 -44 ) 
4 391 (0 1232 -48 ) (256 1232 -48 ) (256 1232 -44 ) (0 1232 -44 ) 
4 391 (0 1408 0 ) (256 1408 0 ) (256 1408 -48 ) (0 1408 -48 ) 
4 392 (240 1072 0 ) (240 1072 -44 ) (256 1072 -44 ) (256 1072 0 ) 
4 392 (256 1136 -44 ) (256 1072 -44 ) (240 1072 -44 ) (240 1136 -44 ) 
4 392 (256 1136 0 ) (256 1136 -44 ) (240 1136 -44 ) (240 1136 0 ) 
4 393 (240 1216 -44 ) (240 1024 -44 ) (0 1024 -44 ) (0 1216 -44 ) 
4 393 (240 1072 0 ) (240 1024 0 ) (240 1024 -44 ) (240 1072 -44 ) 
4 393 (240 1216 0 ) (240 1136 0 ) (240 1136 -44 ) (240 1216 -44 ) 
4 393 (0 1216 0 ) (240 1216 0 ) (240 1216 -44 ) (0 1216 -44 ) 
4 394 (1024 1408 -48 ) (1024 1424 -48 ) (256 1424 -48 ) (256 1408 -48 ) 
4 394 (256 1408 -48 ) (256 1424 -48 ) (0 1424 -48 ) (0 1408 -48 ) 
4 394 (0 1408 -64 ) (1024 1408 -64 ) (1024 1408 -48 ) (0 1408 -48 ) 
4 395 (1024 1408 -64 ) (0 1408 -64 ) (0 1024 -64 ) (1024 1024 -64 ) 
4 395 (1024 1024 -1024 ) (0 1024 -1024 ) (0 2048 -1024 ) (1024 2048 -1024 ) 
4 396 (1022.856567 880 98.858566 ) (992 736.001160 176 ) (736 736.001160 176 ) (705.143433 880 98.858566 ) 
4 396 (0 960 98.859818 ) (0 1024 133.145157 ) (257.141968 1024 133.145157 ) (270.856079 960 98.859818 ) 
4 396 (1024 1024 272 ) (0 1024 272 ) (0 556.800598 272 ) (1024 556.800598 272 ) 
4 397 (271.998535 1024 96 ) (271.998535 960 96 ) (270.858826 960 98.849052 ) (257.144531 1024 133.134766 ) 
4 398 (0 960 98.859375 ) (270.856323 960 98.859375 ) (272 960 96 ) (0 960 96 ) 
4 399 (705.143066 592 98.857635 ) (736 735.996033 176 ) (992 735.996033 176 ) (1022.856934 592 98.857635 ) 
4 399 (1024 556.798035 272 ) (0 556.798035 272 ) (0 0 272 ) (1024 0 272 ) 
5 400 (1022.857178 592 98.857300 ) (992 736 175.996643 ) (1022.857727 880 98.853767 ) (1024 880 96 ) (1024 592 96 ) 
5 401 (705.142822 880 98.858711 ) (736 736 176 ) (705.142334 592 98.857689 ) (704 592 96 ) (704 880 96 ) 
4 402 (705.140503 880 98.857124 ) (703.997681 880 96 ) (1023.989929 880 96 ) (1022.852600 880 98.851028 ) 
4 403 (1022.851257 592 98.862198 ) (1023.996155 592 96 ) (703.997681 592 96 ) (705.140503 592 98.857117 ) 
4 404 (256 976 96 ) (272 976 96 ) (272 1024 96 ) (256 1024 96 ) 
4 404 (256 1024 0 ) (256 976 0 ) (256 976 96 ) (256 1024 96 ) 
4 405 (240 992 96 ) (240 1024 96 ) (0 1024 96 ) (0 992 96 ) 
4 405 (240 1024 96 ) (240 992 96 ) (240 992 0 ) (240 1024 0 ) 
4 405 (0 992 0 ) (240 992 0 ) (240 992 96 ) (0 992 96 ) 
4 406 (720 864 0 ) (736 864 0 ) (736 864 96 ) (720 864 96 ) 
4 406 (736 864 0 ) (992 864 0 ) (992 864 96 ) (736 864 96 ) 
4 406 (992 864 0 ) (1008 864 0 ) (1008 864 96 ) (992 864 96 ) 
4 406 (0 976 96 ) (240 976 96 ) (240 976 0 ) (0 976 0 ) 
4 406 (240 976 96 ) (256 976 96 ) (256 976 0 ) (240 976 0 ) 
4 406 (704 880 96 ) (704 864 96 ) (1024 864 96 ) (1024 880 96 ) 
4 406 (272 960 96 ) (272 976 96 ) (0 976 96 ) (0 960 96 ) 
4 407 (1008 864 96 ) (1008 608 96 ) (1024 608 96 ) (1024 864 96 ) 
4 407 (1008 864 96 ) (1008 864 0 ) (1008 608 0 ) (1008 608 96 ) 
4 408 (736 704 0 ) (736 624 0 ) (736 624 36 ) (736 704 36 ) 
4 408 (736 624 36 ) (736 624 96 ) (736 768 96 ) (736 768 36 ) 
4 408 (736 848 0 ) (736 768 0 ) (736 768 96 ) (736 848 96 ) 
4 408 (736 624 96 ) (736 624 0 ) (992 624 0 ) (992 624 96 ) 
4 408 (992 848 96 ) (992 624 96 ) (992 624 0 ) (992 848 0 ) 
4 408 (992 624 96 ) (992 848 96 ) (736 848 96 ) (736 624 96 ) 
4 408 (992 848 96 ) (992 848 0 ) (736 848 0 ) (736 848 96 ) 
4 409 (736 704 36 ) (736 768 36 ) (720 768 36 ) (720 704 36 ) 
4 409 (736 768 36 ) (736 768 0 ) (720 768 0 ) (720 768 36 ) 
4 409 (736 704 0 ) (736 704 36 ) (720 704 36 ) (720 704 0 ) 
4 410 (720 704 36 ) (720 608 36 ) (720 608 0 ) (720 704 0 ) 
4 410 (720 768 36 ) (720 768 96 ) (720 608 96 ) (720 608 36 ) 
4 410 (720 768 96 ) (720 768 0 ) (720 864 0 ) (720 864 96 ) 
4 410 (720 864 96 ) (704 864 96 ) (704 608 96 ) (720 608 96 ) 
4 411 (720 608 36 ) (736 608 36 ) (736 608 0 ) (720 608 0 ) 
4 411 (720 608 36 ) (720 608 96 ) (736 608 96 ) (736 608 36 ) 
4 411 (736 608 96 ) (992 608 96 ) (992 608 0 ) (736 608 0 ) 
4 411 (992 608 96 ) (1008 608 96 ) (1008 608 0 ) (992 608 0 ) 
4 411 (704 608 96 ) (704 592 96 ) (1024 592 96 ) (1024 608 96 ) 
4 412 (576 976 -48 ) (576 864 -48 ) (576 864 -47 ) (576 976 -47 ) 
4 412 (576 1024 -48 ) (576 976 -48 ) (576 976 -47 ) (576 1024 -47 ) 
4 412 (736 864 -44 ) (736 864 0 ) (720 864 0 ) (720 864 -44 ) 
4 412 (720 864 -48 ) (736 864 -48 ) (736 864 -44 ) (720 864 -44 ) 
4 412 (992 864 -44 ) (992 864 0 ) (736 864 0 ) (736 864 -44 ) 
4 412 (736 864 -48 ) (992 864 -48 ) (992 864 -44 ) (736 864 -44 ) 
4 412 (992 864 -48 ) (1008 864 -48 ) (1008 864 0 ) (992 864 0 ) 
4 412 (576 864 -48 ) (576 1024 -48 ) (1024 1024 -48 ) (1024 864 -48 ) 
4 413 (1008 864 -48 ) (1024 864 -48 ) (1024 608 -48 ) (1008 608 -48 ) 
4 413 (1008 864 0 ) (1008 864 -48 ) (1008 608 -48 ) (1008 608 0 ) 
4 414 (736 848 -44 ) (736 768 -44 ) (736 768 0 ) (736 848 0 ) 
4 414 (736 704 -44 ) (736 624 -44 ) (736 624 0 ) (736 704 0 ) 
4 414 (992 848 0 ) (992 848 -44 ) (736 848 -44 ) (736 848 0 ) 
4 414 (992 848 0 ) (992 624 0 ) (992 624 -44 ) (992 848 -44 ) 
4 414 (736 624 -44 ) (736 848 -44 ) (992 848 -44 ) (992 624 -44 ) 
4 414 (736 624 0 ) (736 624 -44 ) (992 624 -44 ) (992 624 0 ) 
4 415 (720 704 0 ) (720 704 -44 ) (736 704 -44 ) (736 704 0 ) 
4 415 (720 704 -44 ) (720 768 -44 ) (736 768 -44 ) (736 704 -44 ) 
4 415 (736 768 0 ) (736 768 -44 ) (720 768 -44 ) (720 768 0 ) 
4 416 (576 864 -48 ) (576 608 -48 ) (576 608 -47 ) (576 864 -47 ) 
4 416 (720 768 0 ) (720 768 -44 ) (720 864 -44 ) (720 864 0 ) 
4 416 (720 704 0 ) (720 608 0 ) (720 608 -44 ) (720 704 -44 ) 
4 416 (720 608 -44 ) (720 608 -48 ) (720 864 -48 ) (720 864 -44 ) 
4 416 (576 608 -48 ) (576 864 -48 ) (720 864 -48 ) (720 608 -48 ) 
4 417 (812 164 -48 ) (812 68 -48 ) (812 68 -47 ) (812 164 -47 ) 
4 417 (812 420 -48 ) (812 324 -48 ) (812 324 -47 ) (812 420 -47 ) 
4 417 (1024 0 -48 ) (812 0 -48 ) (812 608 -48 ) (1024 608 -48 ) 
4 417 (992 608 0 ) (1008 608 0 ) (1008 608 -48 ) (992 608 -48 ) 
4 417 (812 608 -44 ) (992 608 -44 ) (992 608 -48 ) (812 608 -48 ) 
4 417 (812 608 -44 ) (812 608 0 ) (992 608 0 ) (992 608 -44 ) 
4 418 (576 68 -47 ) (576 164 -47 ) (812 164 -47 ) (812 68 -47 ) 
4 418 (576 324 -47 ) (576 420 -47 ) (812 420 -47 ) (812 324 -47 ) 
4 418 (720 608 -44 ) (720 608 0 ) (736 608 0 ) (736 608 -44 ) 
4 418 (720 608 -47 ) (720 608 -44 ) (736 608 -44 ) (736 608 -47 ) 
4 418 (812 608 -44 ) (736 608 -44 ) (736 608 0 ) (812 608 0 ) 
4 418 (736 608 -47 ) (736 608 -44 ) (812 608 -44 ) (812 608 -47 ) 
4 419 (576 608 -48 ) (576 420 -48 ) (576 420 -47 ) (576 608 -47 ) 
4 419 (720 608 -47 ) (736 608 -47 ) (736 608 -48 ) (720 608 -48 ) 
4 419 (736 608 -47 ) (812 608 -47 ) (812 608 -48 ) (736 608 -48 ) 
4 419 (576 420 -48 ) (576 608 -48 ) (812 608 -48 ) (812 420 -48 ) 
4 419 (812 420 -48 ) (812 420 -47 ) (576 420 -47 ) (576 420 -48 ) 
4 420 (576 324 -48 ) (576 164 -48 ) (576 164 -47 ) (576 324 -47 ) 
4 420 (812 164 -48 ) (812 164 -47 ) (576 164 -47 ) (576 164 -48 ) 
4 420 (576 164 -48 ) (576 324 -48 ) (812 324 -48 ) (812 164 -48 ) 
4 420 (576 324 -48 ) (576 324 -47 ) (812 324 -47 ) (812 324 -48 ) 
4 421 (576 68 -48 ) (576 0 -48 ) (576 0 -47 ) (576 68 -47 ) 
4 421 (812 0 -48 ) (576 0 -48 ) (576 68 -48 ) (812 68 -48 ) 
4 421 (576 68 -48 ) (576 68 -47 ) (812 68 -47 ) (812 68 -48 ) 
4 422 (576 976 -47 ) (384 976 -47 ) (384 1024 -47 ) (576 1024 -47 ) 
4 423 (256 992 -44 ) (256 992 0 ) (256 1024 0 ) (256 1024 -44 ) 
4 423 (256 1024 -48 ) (256 992 -48 ) (256 992 -44 ) (256 1024 -44 ) 
4 423 (256 992 -48 ) (256 976 -48 ) (256 976 0 ) (256 992 0 ) 
4 423 (384 1024 -47 ) (384 976 -47 ) (384 976 -48 ) (384 1024 -48 ) 
4 423 (256 1024 -48 ) (384 1024 -48 ) (384 976 -48 ) (256 976 -48 ) 
4 424 (240 992 -44 ) (0 992 -44 ) (0 1024 -44 ) (240 1024 -44 ) 
4 424 (240 992 0 ) (0 992 0 ) (0 992 -44 ) (240 992 -44 ) 
4 424 (240 1024 0 ) (240 992 0 ) (240 992 -44 ) (240 1024 -44 ) 
4 425 (384 164 -47 ) (384 68 -47 ) (148 68 -47 ) (148 164 -47 ) 
4 425 (384 420 -47 ) (384 324 -47 ) (148 324 -47 ) (148 420 -47 ) 
4 425 (384 976 -47 ) (576 976 -47 ) (576 0 -47 ) (384 0 -47 ) 
4 425 (0 976 -47 ) (0 976 0 ) (256 976 0 ) (256 976 -47 ) 
4 426 (148 420 -48 ) (148 976 -48 ) (384 976 -48 ) (384 420 -48 ) 
4 426 (148 976 -47 ) (256 976 -47 ) (256 976 -48 ) (148 976 -48 ) 
4 426 (384 420 -48 ) (384 976 -48 ) (384 976 -47 ) (384 420 -47 ) 
4 426 (148 420 -47 ) (148 420 -48 ) (384 420 -48 ) (384 420 -47 ) 
4 427 (148 164 -47 ) (148 164 -48 ) (384 164 -48 ) (384 164 -47 ) 
4 427 (148 164 -48 ) (148 324 -48 ) (384 324 -48 ) (384 164 -48 ) 
4 427 (384 164 -48 ) (384 324 -48 ) (384 324 -47 ) (384 164 -47 ) 
4 427 (384 324 -47 ) (384 324 -48 ) (148 324 -48 ) (148 324 -47 ) 
4 428 (384 0 -48 ) (384 68 -48 ) (384 68 -47 ) (384 0 -47 ) 
4 428 (384 0 -48 ) (148 0 -48 ) (148 68 -48 ) (384 68 -48 ) 
4 428 (384 68 -47 ) (384 68 -48 ) (148 68 -48 ) (148 68 -47 ) 
4 429 (148 68 -48 ) (148 164 -48 ) (148 164 -47 ) (148 68 -47 ) 
4 429 (148 324 -48 ) (148 420 -48 ) (148 420 -47 ) (148 324 -47 ) 
4 429 (0 976 -47 ) (148 976 -47 ) (148 976 -48 ) (0 976 -48 ) 
4 429 (148 0 -48 ) (0 0 -48 ) (0 976 -48 ) (148 976 -48 ) 
4 430 (1024 1024 -64 ) (0 1024 -64 ) (0 0 -64 ) (1024 0 -64 ) 
4 430 (1024 0 -1024 ) (0 0 -1024 ) (0 1024 -1024 ) (1024 1024 -1024 ) 
4 431 (1024 0 272 ) (0 0 272 ) (0 -1024 272 ) (1024 -1024 272 ) 
4 432 (148 -700 -47 ) (148 -604 -47 ) (384 -604 -47 ) (384 -700 -47 ) 
4 432 (148 -444 -47 ) (148 -348 -47 ) (384 -348 -47 ) (384 -444 -47 ) 
4 432 (148 -188 -47 ) (148 -92 -47 ) (384 -92 -47 ) (384 -188 -47 ) 
4 432 (576 -1024 -47 ) (384 -1024 -47 ) (384 0 -47 ) (576 0 -47 ) 
4 432 (576 -444 -47 ) (576 -348 -47 ) (812 -348 -47 ) (812 -444 -47 ) 
4 432 (576 -188 -47 ) (576 -92 -47 ) (812 -92 -47 ) (812 -188 -47 ) 
4 432 (576 -700 -47 ) (576 -604 -47 ) (812 -604 -47 ) (812 -700 -47 ) 
4 433 (812 -348 -48 ) (812 -444 -48 ) (812 -444 -47 ) (812 -348 -47 ) 
4 433 (812 -92 -48 ) (812 -188 -48 ) (812 -188 -47 ) (812 -92 -47 ) 
4 433 (812 -604 -48 ) (812 -700 -48 ) (812 -700 -47 ) (812 -604 -47 ) 
4 433 (1024 -1024 -48 ) (812 -1024 -48 ) (812 0 -48 ) (1024 0 -48 ) 
4 434 (576 0 -48 ) (576 -92 -48 ) (576 -92 -47 ) (576 0 -47 ) 
4 434 (576 -92 -47 ) (576 -92 -48 ) (812 -92 -48 ) (812 -92 -47 ) 
4 434 (576 -92 -48 ) (576 0 -48 ) (812 0 -48 ) (812 -92 -48 ) 
4 435 (576 -188 -48 ) (576 -348 -48 ) (576 -348 -47 ) (576 -188 -47 ) 
4 435 (576 -348 -48 ) (576 -188 -48 ) (812 -188 -48 ) (812 -348 -48 ) 
4 435 (812 -188 -47 ) (812 -188 -48 ) (576 -188 -48 ) (576 -188 -47 ) 
4 435 (576 -348 -47 ) (576 -348 -48 ) (812 -348 -48 ) (812 -348 -47 ) 
4 436 (576 -444 -48 ) (576 -604 -48 ) (576 -604 -47 ) (576 -444 -47 ) 
4 436 (812 -444 -47 ) (812 -444 -48 ) (576 -444 -48 ) (576 -444 -47 ) 
4 436 (576 -604 -48 ) (576 -444 -48 ) (812 -444 -48 ) (812 -604 -48 ) 
4 436 (576 -604 -47 ) (576 -604 -48 ) (812 -604 -48 ) (812 -604 -47 ) 
4 437 (576 -700 -48 ) (576 -1024 -48 ) (576 -1024 -47 ) (576 -700 -47 ) 
4 437 (812 -700 -47 ) (812 -700 -48 ) (576 -700 -48 ) (576 -700 -47 ) 
4 437 (812 -1024 -48 ) (576 -1024 -48 ) (576 -700 -48 ) (812 -700 -48 ) 
4 438 (384 0 -47 ) (384 -92 -47 ) (384 -92 -48 ) (384 0 -48 ) 
4 438 (148 -92 -48 ) (148 0 -48 ) (384 0 -48 ) (384 -92 -48 ) 
4 438 (148 -92 -47 ) (148 -92 -48 ) (384 -92 -48 ) (384 -92 -47 ) 
4 439 (148 -348 -47 ) (148 -348 -48 ) (384 -348 -48 ) (384 -348 -47 ) 
4 439 (384 -188 -47 ) (384 -348 -47 ) (384 -348 -48 ) (384 -188 -48 ) 
4 439 (148 -348 -48 ) (148 -188 -48 ) (384 -188 -48 ) (384 -348 -48 ) 
4 439 (384 -188 -47 ) (384 -188 -48 ) (148 -188 -48 ) (148 -188 -47 ) 
4 440 (148 -604 -47 ) (148 -604 -48 ) (384 -604 -48 ) (384 -604 -47 ) 
4 440 (148 -604 -48 ) (148 -444 -48 ) (384 -444 -48 ) (384 -604 -48 ) 
4 440 (384 -444 -47 ) (384 -604 -47 ) (384 -604 -48 ) (384 -444 -48 ) 
4 440 (384 -444 -47 ) (384 -444 -48 ) (148 -444 -48 ) (148 -444 -47 ) 
4 441 (384 -1024 -48 ) (148 -1024 -48 ) (148 -700 -48 ) (384 -700 -48 ) 
4 441 (384 -700 -47 ) (384 -1024 -47 ) (384 -1024 -48 ) (384 -700 -48 ) 
4 441 (384 -700 -47 ) (384 -700 -48 ) (148 -700 -48 ) (148 -700 -47 ) 
4 442 (148 -604 -47 ) (148 -700 -47 ) (148 -700 -48 ) (148 -604 -48 ) 
4 442 (148 -348 -47 ) (148 -444 -47 ) (148 -444 -48 ) (148 -348 -48 ) 
4 442 (148 -92 -47 ) (148 -188 -47 ) (148 -188 -48 ) (148 -92 -48 ) 
4 442 (148 -1024 -48 ) (0 -1024 -48 ) (0 0 -48 ) (148 0 -48 ) 
4 443 (1024 0 -64 ) (0 0 -64 ) (0 -1024 -64 ) (1024 -1024 -64 ) 
4 443 (1024 -1024 -1024 ) (0 -1024 -1024 ) (0 0 -1024 ) (1024 0 -1024 ) 
4 444 (1024 -1070.399536 0 ) (827.825439 -1296 0 ) (827.825439 -1296 272 ) (1024 -1070.399292 272 ) 
3 444 (1024 -1070.399902 272 ) (827.826050 -1296 272 ) (1024 -1296 272 ) 
4 445 (164.173889 -1296 0 ) (416 -1296 0 ) (416 -1296 272 ) (164.173889 -1296 272 ) 
3 445 (506 -1296 142 ) (502 -1296 144 ) (494 -1296 144 ) 
3 445 (430 -1296 130 ) (422.500031 -1296 126.250015 ) (420 -1296 120 ) 
3 445 (544 -1296 110 ) (544 -1296 116 ) (540 -1296 120 ) 
3 445 (454 -1296 142 ) (427 -1296 137.500000 ) (422.500031 -1296 126.250015 ) 
3 445 (530 -1296 130 ) (516 -1296 144 ) (502 -1296 144 ) 
3 445 (427 -1296 137.500000 ) (416 -1296 135.666672 ) (416 -1296 110 ) 
3 445 (544 -1296 116 ) (544 -1296 144 ) (516 -1296 144 ) 
3 445 (466 -1296 144 ) (416 -1296 144 ) (416 -1296 135.666672 ) 
4 445 (544 -1296 144 ) (544 -1296 272 ) (416 -1296 272 ) (416 -1296 144 ) 
4 445 (544 -1296 0 ) (795.826111 -1296 0 ) (795.826111 -1296 272 ) (544 -1296 272 ) 
4 445 (0 -1107.194336 0 ) (164.177292 -1296 0 ) (164.177307 -1296 272 ) (0 -1107.196045 272 ) 
6 445 (1024 -1033.599976 272 ) (1024 -1024 272 ) (0 -1024 272 ) (0 -1107.199951 272 ) (164.173889 -1296 272 ) (795.826111 -1296 272 ) 
4 445 (1024 -1033.601562 272 ) (795.828735 -1296 272 ) (795.828735 -1296 0 ) (1024 -1033.603027 0 ) 
3 446 (0 -1144 272 ) (0 -1296 272 ) (132.173859 -1296 272 ) 
4 446 (0 -1144.009644 272 ) (132.165604 -1296 272 ) (132.165619 -1296 0 ) (0 -1144.009521 0 ) 
4 447 (1024 -1296 272 ) (827.826111 -1296 272 ) (800 -1328 272 ) (1024 -1328 272 ) 
4 447 (799.997986 -1328 0 ) (799.997986 -1328 272 ) (827.824097 -1296 272 ) (827.824097 -1296 0 ) 
4 448 (416 -1328 0 ) (416 -1328 110 ) (416 -1296 110 ) (416 -1296 0 ) 
4 448 (420 -1296 120 ) (420 -1328 120 ) (430 -1328 130 ) (430 -1296 130 ) 
4 448 (430 -1328 130 ) (454 -1328 142 ) (454 -1296 142 ) (430 -1296 130 ) 
4 448 (416 -1296 109.998657 ) (416 -1328 109.998657 ) (420.001282 -1328 120.001282 ) (420.001282 -1296 120.001282 ) 
4 448 (454.003296 -1328 142.001633 ) (465.994110 -1328 144 ) (465.994110 -1296 144 ) (454.003296 -1296 142.001633 ) 
4 448 (544 -1296 0 ) (544 -1296 110 ) (544 -1328 110 ) (544 -1328 0 ) 
4 448 (466 -1328 144 ) (494 -1328 144 ) (494 -1296 144 ) (466 -1296 144 ) 
4 448 (540 -1296 119.998932 ) (530 -1296 130 ) (530 -1328 130 ) (540 -1328 119.998932 ) 
4 448 (506 -1328 142 ) (530 -1328 130 ) (530 -1296 130 ) (506 -1296 142 ) 
4 448 (544 -1328 110.003647 ) (544 -1296 110.003647 ) (540.003906 -1296 119.996040 ) (540.003906 -1328 119.996040 ) 
4 448 (494.003937 -1296 144 ) (494.003937 -1328 144 ) (505.998077 -1328 142 ) (505.998077 -1296 142 ) 
4 449 (132.173874 -1296 272 ) (0 -1296 272 ) (0 -1328 272 ) (160 -1328 272 ) 
4 449 (132.175537 -1296 0 ) (132.175537 -1296 272 ) (160.001419 -1328 272 ) (160.001419 -1328 0 ) 
4 450 (1024 -2016.928223 96 ) (1024 -2016.928223 160 ) (938 -2016.928223 160 ) (938 -2016.928223 96 ) 
4 450 (0 -2016.928223 0 ) (1024 -2016.928223 0 ) (1024 -2016.928223 96 ) (0 -2016.928223 96 ) 
4 450 (1024 -2016.928223 272 ) (1024 -1328 272 ) (0 -1328 272 ) (0 -2016.928223 272 ) 
4 450 (544 -1328 272 ) (800 -1328 272 ) (800 -1328 0 ) (544 -1328 0 ) 
4 450 (416 -1328 144 ) (416 -1328 272 ) (544 -1328 272 ) (544 -1328 144 ) 
3 450 (416 -1328 135.666672 ) (416 -1328 144 ) (466 -1328 144 ) 
3 450 (516 -1328 144 ) (544 -1328 144 ) (544 -1328 116 ) 
3 450 (416 -1328 110 ) (416 -1328 135.666672 ) (427 -1328 137.500000 ) 
3 450 (502 -1328 144 ) (516 -1328 144 ) (530 -1328 130 ) 
3 450 (422.500031 -1328 126.250015 ) (427 -1328 137.500000 ) (454 -1328 142 ) 
3 450 (540 -1328 120 ) (544 -1328 116 ) (544 -1328 110 ) 
3 450 (420 -1328 120 ) (422.500031 -1328 126.250015 ) (430 -1328 130 ) 
3 450 (494 -1328 144 ) (502 -1328 144 ) (506 -1328 142 ) 
4 450 (160 -1328 272 ) (416 -1328 272 ) (416 -1328 0 ) (160 -1328 0 ) 
4 451 (1024 -2035.071777 160 ) (938 -2035.071777 160 ) (938 -2016.928223 160 ) (1024 -2016.928223 160 ) 
4 451 (1024 -2016.928223 272 ) (0 -2016.928223 272 ) (0 -2035.071777 272 ) (1024 -2035.071777 272 ) 
4 452 (938 -2035.071777 96 ) (0 -2035.071777 96 ) (0 -2016.928223 96 ) (938 -2016.928223 96 ) 
4 452 (938 -2016.928223 160 ) (938 -2035.071777 160 ) (938 -2035.071777 96 ) (938 -2016.928223 96 ) 
4 453 (952.535950 -2048 159 ) (938.392334 -2048 159 ) (938.392334 -2035.071777 159 ) (952.535950 -2035.071777 159 ) 
4 453 (938.392334 -2035.071777 159 ) (938.392334 -2035.071777 160 ) (1024 -2035.071777 160 ) (1024 -2035.071777 159 ) 
4 453 (1024 -2035.071777 272 ) (938.392334 -2035.071777 272 ) (938.392334 -2048 272 ) (1024 -2048 272 ) 
4 454 (952.535950 -2035.071777 159 ) (1024 -2035.071777 159 ) (1024 -2035.071777 96 ) (952.535950 -2035.071777 96 ) 
4 454 (952.535950 -2035.071777 96 ) (1024 -2035.071777 96 ) (1024 -2035.071777 0 ) (952.535950 -2035.071777 0 ) 
4 454 (952.535950 -2048 159 ) (952.535950 -2035.071777 159 ) (952.535950 -2035.071777 0 ) (952.535950 -2048 0 ) 
4 455 (938.392334 -2048 159 ) (938.392334 -2048 0 ) (938.392334 -2035.071777 0 ) (938.392334 -2035.071777 159 ) 
4 455 (938.392334 -2035.071777 272 ) (0 -2035.071777 272 ) (0 -2048 272 ) (938.392334 -2048 272 ) 
4 455 (938 -2035.071777 160 ) (938.392334 -2035.071777 160 ) (938.392334 -2035.071777 96 ) (938 -2035.071777 96 ) 
4 455 (938.392334 -2035.071777 96 ) (938.392334 -2035.071777 0 ) (0 -2035.071777 0 ) (0 -2035.071777 96 ) 
3 456 (1024 -1070.399902 -48 ) (1024 -1296 -48 ) (827.826111 -1296 -48 ) 
4 456 (1024 -1070.399536 -48 ) (827.825500 -1296 -48 ) (827.825500 -1296 0 ) (1024 -1070.399414 0 ) 
5 457 (576 -1024 -48 ) (1024 -1024 -48 ) (1024 -1033.599976 -48 ) (795.826050 -1296 -48 ) (576 -1296 -48 ) 
4 457 (576 -1296 -48 ) (795.826050 -1296 -48 ) (795.826050 -1296 0 ) (576 -1296 0 ) 
4 457 (576 -1024 -48 ) (576 -1296 -48 ) (576 -1296 -47 ) (576 -1024 -47 ) 
4 457 (795.828552 -1296 0 ) (795.828552 -1296 -48 ) (1024 -1033.602905 -48 ) (1024 -1033.601562 0 ) 
4 458 (416 -1296 0 ) (384 -1296 0 ) (384 -1296 -47 ) (416 -1296 -47 ) 
4 458 (576 -1296 -47 ) (576 -1296 0 ) (544 -1296 0 ) (544 -1296 -47 ) 
4 458 (384 -1296 -47 ) (384 -1024 -47 ) (576 -1024 -47 ) (576 -1296 -47 ) 
5 459 (0 -1107.199951 -48 ) (0 -1024 -48 ) (384 -1024 -48 ) (384 -1296 -48 ) (164.173889 -1296 -48 ) 
4 459 (164.173889 -1296 -48 ) (384 -1296 -48 ) (384 -1296 0 ) (164.173889 -1296 0 ) 
4 459 (0 -1107.194580 -48 ) (164.176270 -1296 -48 ) (164.176270 -1296 0 ) (0 -1107.197266 0 ) 
4 459 (384 -1024 -47 ) (384 -1296 -47 ) (384 -1296 -48 ) (384 -1024 -48 ) 
3 460 (0 -1296 -48 ) (0 -1144 -48 ) (132.173859 -1296 -48 ) 
4 460 (132.173126 -1296 0 ) (132.173126 -1296 -48 ) (0 -1144 -48 ) (0 -1144 0 ) 
4 461 (827.826111 -1296 -48 ) (1024 -1296 -48 ) (1024 -1328 -48 ) (800 -1328 -48 ) 
4 461 (827.822083 -1296 0 ) (827.822083 -1296 -48 ) (799.996216 -1328 -48 ) (799.996216 -1328 0 ) 
4 462 (416 -1296 -48 ) (544 -1296 -48 ) (544 -1328 -48 ) (416 -1328 -48 ) 
4 462 (416 -1296 0 ) (416 -1296 -48 ) (416 -1328 -48 ) (416 -1328 0 ) 
4 462 (544 -1328 0 ) (544 -1328 -48 ) (544 -1296 -48 ) (544 -1296 0 ) 
4 462 (416 -1296 -47 ) (544 -1296 -47 ) (544 -1296 -48 ) (416 -1296 -48 ) 
4 463 (0 -1328 -48 ) (0 -1296 -48 ) (132.173874 -1296 -48 ) (160 -1328 -48 ) 
4 463 (160 -1328 0 ) (160 -1328 -48 ) (132.173187 -1296 -48 ) (132.173187 -1296 0 ) 
4 464 (0 -2016.928223 -48 ) (0 -1328 -48 ) (1024 -1328 -48 ) (1024 -2016.928223 -48 ) 
4 464 (0 -2016.928223 -48 ) (1024 -2016.928223 -48 ) (1024 -2016.928223 0 ) (0 -2016.928223 0 ) 
4 464 (544 -1328 0 ) (800 -1328 0 ) (800 -1328 -48 ) (544 -1328 -48 ) 
4 464 (160 -1328 0 ) (416 -1328 0 ) (416 -1328 -48 ) (160 -1328 -48 ) 
4 465 (960 -2048 -48 ) (952.535950 -2048 -48 ) (952.535950 -2035.071777 -48 ) (960 -2035.071777 -48 ) 
4 465 (952.535950 -2035.071777 0 ) (952.535950 -2035.071777 -48 ) (952.535950 -2048 -48 ) (952.535950 -2048 0 ) 
4 465 (952.535950 -2035.071777 0 ) (1024 -2035.071777 0 ) (1024 -2035.071777 -48 ) (952.535950 -2035.071777 -48 ) 
4 466 (938.392334 -2048 -48 ) (0 -2048 -48 ) (0 -2035.071777 -48 ) (938.392334 -2035.071777 -48 ) 
4 466 (0 -2035.071777 0 ) (938.392334 -2035.071777 0 ) (938.392334 -2035.071777 -48 ) (0 -2035.071777 -48 ) 
4 466 (938.392334 -2048 0 ) (938.392334 -2048 -48 ) (938.392334 -2035.071777 -48 ) (938.392334 -2035.071777 0 ) 
4 467 (960 -2032 -48 ) (1024 -2032 -48 ) (1024 -2032 -64 ) (960 -2032 -64 ) 
4 467 (960 -2035.071777 -48 ) (1024 -2035.071777 -48 ) (1024 -2032 -48 ) (960 -2032 -48 ) 
4 467 (960 -2032 -48 ) (960 -2032 -64 ) (960 -2048 -64 ) (960 -2048 -48 ) 
10 468 (400 -1280 -192 ) (400 -1280 -336 ) (560 -1280 -336 ) (560 -1280 -192 ) (552 -1280 -160 ) (536 -1280 -144 ) (520 -1280 -136 ) (440 -1280 -136 ) (424 -1280 -144 ) (408 -1280 -160 ) 
5 468 (841.739136 -1280 -64 ) (1024 -1070.399902 -64 ) (1024 -1024 -64 ) (0 -1024 -64 ) (0 -1280 -64 ) 
4 468 (1024 -1070.399292 -64 ) (841.738464 -1280 -64 ) (841.738464 -1280 -429 ) (1024 -1070.400635 -429 ) 
3 469 (1024 -1070.399902 -429 ) (841.739136 -1280 -429 ) (1024 -1280 -429 ) 
4 469 (0 -1280 -1024 ) (0 -1024 -1024 ) (1024 -1024 -1024 ) (1024 -1280 -1024 ) 
4 470 (560 -1280 -192 ) (560 -1280 -336 ) (560 -1344 -336 ) (560 -1344 -192 ) 
4 470 (560 -1344 -64 ) (786.086914 -1344 -64 ) (841.739136 -1280 -64 ) (560 -1280 -64 ) 
4 470 (786.080627 -1344 -64 ) (786.080627 -1344 -429 ) (841.732239 -1280 -429 ) (841.732239 -1280 -64 ) 
4 471 (440 -1280 -136 ) (520 -1280 -136 ) (520 -1344 -136 ) (440 -1344 -136 ) 
4 471 (400 -1344 -64 ) (560 -1344 -64 ) (560 -1280 -64 ) (400 -1280 -64 ) 
4 472 (520 -1344 -136 ) (520 -1280 -136 ) (536 -1280 -144 ) (536 -1344 -144 ) 
4 473 (408 -1280 -160 ) (424 -1280 -144 ) (424 -1344 -144 ) (408 -1344 -160 ) 
4 474 (423.996185 -1344 -144.001907 ) (423.996185 -1280 -144.001907 ) (440 -1280 -136 ) (440 -1344 -136 ) 
4 475 (552 -1344 -160 ) (535.998108 -1344 -143.998108 ) (535.998108 -1280 -143.998108 ) (552 -1280 -160 ) 
4 476 (560 -1280 -192 ) (560 -1344 -192 ) (551.997375 -1344 -159.989548 ) (551.997375 -1280 -159.989548 ) 
4 477 (400 -1344 -192 ) (400 -1280 -192 ) (408 -1280 -160.002090 ) (408 -1344 -160.002090 ) 
4 478 (560 -1344 -336 ) (560 -1280 -336 ) (400 -1280 -336 ) (400 -1344 -336 ) 
4 479 (1024 -1280 -429 ) (841.739136 -1280 -429 ) (786.086914 -1344 -429 ) (1024 -1344 -429 ) 
4 479 (400 -1280 -1024 ) (1024 -1280 -1024 ) (1024 -1344 -1024 ) (400 -1344 -1024 ) 
4 480 (400 -1344 -192 ) (400 -1344 -336 ) (400 -1280 -336 ) (400 -1280 -192 ) 
4 480 (0 -1344 -1024 ) (0 -1280 -1024 ) (400 -1280 -1024 ) (400 -1344 -1024 ) 
4 480 (400 -1344 -64 ) (400 -1280 -64 ) (0 -1280 -64 ) (0 -1344 -64 ) 
10 481 (408 -1344 -160 ) (424 -1344 -144 ) (440 -1344 -136 ) (520 -1344 -136 ) (536 -1344 -144 ) (552 -1344 -160 ) (560 -1344 -192 ) (560 -1344 -336 ) (400 -1344 -336 ) (400 -1344 -192 ) 
4 481 (493.912964 -1680 -64 ) (786.086914 -1344 -64 ) (0 -1344 -64 ) (0 -1680 -64 ) 
4 481 (493.912476 -1680 -64 ) (493.912476 -1680 -429 ) (786.089905 -1344 -429 ) (786.089905 -1344 -64 ) 
4 482 (960 -2032 -64 ) (0 -2032 -64 ) (0 -2032 -80 ) (960 -2032 -80 ) 
4 482 (493.912964 -1680 -64 ) (1024 -1680 -64 ) (1024 -1680 -429 ) (493.912994 -1680 -429 ) 
4 482 (1024 -2032 -64 ) (1024 -1680 -64 ) (0 -1680 -64 ) (0 -2032 -64 ) 
4 483 (960 -2032 -64 ) (960 -2032 -80 ) (960 -2048 -80 ) (960 -2048 -64 ) 
4 484 (960 -2032 -80 ) (0 -2032 -80 ) (0 -2048 -80 ) (960 -2048 -80 ) 
4 485 (493.912964 -1680 -429 ) (1024 -1680 -429 ) (1024 -1344 -429 ) (786.086914 -1344 -429 ) 
4 485 (1024 -2048 -1024 ) (0 -2048 -1024 ) (0 -1344 -1024 ) (1024 -1344 -1024 ) 
4 486 (952.535950 -3072 159 ) (938.392334 -3072 159 ) (938.392334 -2048 159 ) (952.535950 -2048 159 ) 
4 486 (1024 -2048 272 ) (0 -2048 272 ) (0 -3072 272 ) (1024 -3072 272 ) 
4 487 (952.535950 -2048 0 ) (952.535950 -3072 0 ) (952.535950 -3072 159 ) (952.535950 -2048 159 ) 
4 488 (938.392334 -2048 159 ) (938.392334 -3072 159 ) (938.392334 -3072 0 ) (938.392334 -2048 0 ) 
4 489 (960 -3072 -48 ) (952.535950 -3072 -48 ) (952.535950 -2048 -48 ) (960 -2048 -48 ) 
4 489 (952.535950 -2048 -48 ) (952.535950 -3072 -48 ) (952.535950 -3072 0 ) (952.535950 -2048 0 ) 
4 490 (938.392334 -3072 -48 ) (0 -3072 -48 ) (0 -2048 -48 ) (938.392334 -2048 -48 ) 
4 490 (938.392334 -2048 0 ) (938.392334 -3072 0 ) (938.392334 -3072 -48 ) (938.392334 -2048 -48 ) 
4 491 (960 -2048 -80 ) (960 -3072 -80 ) (960 -3072 -48 ) (960 -2048 -48 ) 
4 492 (960 -2048 -80 ) (0 -2048 -80 ) (0 -3072 -80 ) (960 -3072 -80 ) 
4 492 (1024 -3072 -1024 ) (0 -3072 -1024 ) (0 -2048 -1024 ) (1024 -2048 -1024 ) 
4 493 (0 -3875.071777 160 ) (0 -3856.928223 160 ) (944.542419 -3856.928223 160 ) (944.542419 -3875.071777 160 ) 
4 493 (1024 -3072 272 ) (0 -3072 272 ) (0 -4096 272 ) (1024 -4096 272 ) 
4 494 (952.535950 -3072 0 ) (952.535950 -3888 0 ) (952.535950 -3888 159 ) (952.535950 -3072 159 ) 
4 495 (944.542419 -3875.071777 160 ) (944.542419 -3856.928223 160 ) (944.542419 -3856.928223 159 ) (944.542419 -3875.071777 159 ) 
4 495 (944.542419 -3888 159 ) (944.542419 -3072 159 ) (952.535950 -3072 159 ) (952.535950 -3888 159 ) 
4 496 (938.392334 -3072 159 ) (944.542419 -3072 159 ) (944.542419 -3856.928223 159 ) (938.392334 -3856.928223 159 ) 
4 496 (0 -3856.928223 159 ) (944.542419 -3856.928223 159 ) (944.542419 -3856.928223 160 ) (0 -3856.928223 160 ) 
4 497 (0 -3856.928223 0 ) (938.392334 -3856.928223 0 ) (938.392334 -3856.928223 159 ) (0 -3856.928223 159 ) 
4 497 (938.392334 -3072 159 ) (938.392334 -3856.928223 159 ) (938.392334 -3856.928223 0 ) (938.392334 -3072 0 ) 
4 498 (938.392334 -3875.071777 159 ) (944.542419 -3875.071777 159 ) (944.542419 -3888 159 ) (938.392334 -3888 159 ) 
4 498 (0 -3875.071777 159 ) (0 -3875.071777 160 ) (944.542419 -3875.071777 160 ) (944.542419 -3875.071777 159 ) 
4 499 (0 -3875.071777 159 ) (938.392334 -3875.071777 159 ) (938.392334 -3875.071777 0 ) (0 -3875.071777 0 ) 
4 499 (938.392334 -3875.071777 0 ) (938.392334 -3875.071777 159 ) (938.392334 -3888 159 ) (938.392334 -3888 0 ) 
4 500 (938.392334 -3888 159 ) (944.542419 -3888 159 ) (944.542419 -3888 0 ) (938.392334 -3888 0 ) 
4 500 (944.542419 -3888 159 ) (952.535950 -3888 159 ) (952.535950 -3888 0 ) (944.542419 -3888 0 ) 
4 501 (952.535950 -3872 -48 ) (952.535950 -3072 -48 ) (960 -3072 -48 ) (960 -3872 -48 ) 
4 501 (952.535950 -3875.071777 -48 ) (952.535950 -3888 -48 ) (952.535950 -3888 0 ) (952.535950 -3875.071777 0 ) 
4 501 (952.535950 -3856.928223 -48 ) (952.535950 -3875.071777 -48 ) (952.535950 -3875.071777 0 ) (952.535950 -3856.928223 0 ) 
4 501 (952.535950 -3072 -48 ) (952.535950 -3856.928223 -48 ) (952.535950 -3856.928223 0 ) (952.535950 -3072 0 ) 
4 502 (0 -3856.928223 -48 ) (0 -3072 -48 ) (938.392334 -3072 -48 ) (938.392334 -3856.928223 -48 ) 
4 502 (938.392334 -3072 0 ) (938.392334 -3856.928223 0 ) (938.392334 -3856.928223 -48 ) (938.392334 -3072 -48 ) 
4 502 (0 -3856.928223 -48 ) (938.392334 -3856.928223 -48 ) (938.392334 -3856.928223 0 ) (0 -3856.928223 0 ) 
4 503 (0 -3875.071777 0 ) (938.392334 -3875.071777 0 ) (938.392334 -3875.071777 -48 ) (0 -3875.071777 -48 ) 
4 503 (938.392334 -3888 0 ) (938.392334 -3888 -48 ) (938.392334 -3875.071777 -48 ) (938.392334 -3875.071777 0 ) 
4 504 (938.392334 -3888 0 ) (952.535950 -3888 0 ) (952.535950 -3888 -48 ) (938.392334 -3888 -48 ) 
4 505 (960 -3072 -80 ) (960 -3872 -80 ) (960 -3872 -48 ) (960 -3072 -48 ) 
4 506 (0 -3872 -48 ) (960 -3872 -48 ) (960 -3872 -80 ) (0 -3872 -80 ) 
4 506 (938.392334 -3888 -48 ) (952.535950 -3888 -48 ) (952.535950 -3875.071777 -48 ) (938.392334 -3875.071777 -48 ) 
4 506 (938.392334 -3875.071777 -48 ) (938.392334 -3872 -48 ) (0 -3872 -48 ) (0 -3875.071777 -48 ) 
4 506 (938.392334 -3872 -48 ) (938.392334 -3875.071777 -48 ) (952.535950 -3875.071777 -48 ) (952.535950 -3872 -48 ) 
4 507 (960 -3872 -80 ) (960 -3072 -80 ) (0 -3072 -80 ) (0 -3872 -80 ) 
4 507 (1024 -4096 -1024 ) (0 -4096 -1024 ) (0 -3072 -1024 ) (1024 -3072 -1024 ) 
4 508 (0 -4615.072266 160 ) (0 -4600.928711 160 ) (1024 -4600.928711 160 ) (1024 -4615.072266 160 ) 
4 508 (0 -4247.072266 160 ) (0 -4232.928711 160 ) (1024 -4232.928711 160 ) (1024 -4247.072266 160 ) 
4 508 (1024 -4096 272 ) (0 -4096 272 ) (0 -5120 272 ) (1024 -5120 272 ) 
4 509 (0 -4232.928711 0 ) (1024 -4232.928711 0 ) (1024 -4232.928711 16 ) (0 -4232.928711 16 ) 
4 509 (1024 -4232.928711 16 ) (1024 -4232.928711 160 ) (0 -4232.928711 160 ) (0 -4232.928711 16 ) 
4 510 (1024 -4600.928711 16 ) (1024 -4600.928711 160 ) (0 -4600.928711 160 ) (0 -4600.928711 16 ) 
4 510 (1024 -4600.928711 16 ) (0 -4600.928711 16 ) (0 -4247.072266 16 ) (1024 -4247.072266 16 ) 
4 510 (0 -4247.072266 160 ) (1024 -4247.072266 160 ) (1024 -4247.072266 16 ) (0 -4247.072266 16 ) 
4 511 (0 -4615.072266 160 ) (1024 -4615.072266 160 ) (1024 -4615.072266 0 ) (0 -4615.072266 0 ) 
4 512 (0 -4232.928711 -48 ) (1024 -4232.928711 -48 ) (1024 -4232.928711 -16 ) (0 -4232.928711 -16 ) 
4 512 (1024 -4232.928711 -16 ) (1024 -4232.928711 0 ) (0 -4232.928711 0 ) (0 -4232.928711 -16 ) 
4 513 (0 -4600.928711 -48 ) (1024 -4600.928711 -48 ) (1024 -4600.928711 -16 ) (0 -4600.928711 -16 ) 
4 513 (1024 -4247.072266 -16 ) (0 -4247.072266 -16 ) (0 -4600.928711 -16 ) (1024 -4600.928711 -16 ) 
4 513 (0 -4247.072266 -16 ) (1024 -4247.072266 -16 ) (1024 -4247.072266 -48 ) (0 -4247.072266 -48 ) 
4 514 (0 -4615.072266 0 ) (1024 -4615.072266 0 ) (1024 -4615.072266 -48 ) (0 -4615.072266 -48 ) 
4 515 (1024 -4247.072266 -48 ) (1024 -4232.928711 -48 ) (0 -4232.928711 -48 ) (0 -4247.072266 -48 ) 
4 515 (1024 -4615.072266 -48 ) (1024 -4600.928711 -48 ) (0 -4600.928711 -48 ) (0 -4615.072266 -48 ) 
4 515 (1024 -5120 -1024 ) (0 -5120 -1024 ) (0 -4096 -1024 ) (1024 -4096 -1024 ) 
4 516 (1024 -5376 272 ) (1024 -5120 272 ) (0 -5120 272 ) (0 -5376 272 ) 
4 516 (0 -5376 0 ) (1024 -5376 0 ) (1024 -5376 272 ) (0 -5376 272 ) 
4 517 (0 -5376 -1024 ) (0 -5120 -1024 ) (1024 -5120 -1024 ) (1024 -5376 -1024 ) 
4 517 (0 -5376 -1024 ) (1024 -5376 -1024 ) (1024 -5376 0 ) (0 -5376 0 ) 
4 518 (0 4624 272 ) (-1024 4624 272 ) (-1024 4096 272 ) (0 4096 272 ) 
4 518 (-1024 4624 272 ) (0 4624 272 ) (0 4624 0 ) (-1024 4624 0 ) 
4 519 (-1024 4624 -1024 ) (-1024 4624 0 ) (0 4624 0 ) (0 4624 -1024 ) 
4 519 (0 4096 -1024 ) (-1024 4096 -1024 ) (-1024 4624 -1024 ) (0 4624 -1024 ) 
4 520 (0 4096 272 ) (-1024 4096 272 ) (-1024 3072 272 ) (0 3072 272 ) 
4 521 (0 3072 -1024 ) (-1024 3072 -1024 ) (-1024 4096 -1024 ) (0 4096 -1024 ) 
4 522 (0 3072 272 ) (-1024 3072 272 ) (-1024 2048 272 ) (0 2048 272 ) 
4 523 (0 2048 -1024 ) (-1024 2048 -1024 ) (-1024 3072 -1024 ) (0 3072 -1024 ) 
4 524 (-160 1424 272 ) (-160 1424 96 ) (0 1424 96 ) (0 1424 272 ) 
4 524 (0 1424 272 ) (0 2048 272 ) (-160 2048 272 ) (-160 1424 272 ) 
4 525 (0 1248 98.856476 ) (0 1104 176 ) (-16 1104 176 ) (-46.857395 1248 98.856476 ) 
4 525 (-128 1408 272 ) (0 1408 272 ) (0 1408 96 ) (-128 1408 96 ) 
4 525 (0 1408 272 ) (-128 1408 272 ) (-128 1024 272 ) (0 1024 272 ) 
5 525 (-128 1408 272 ) (-128 1408 96 ) (-128 1253.329102 96 ) (-128 1024 218.854858 ) (-128 1024 272 ) 
5 526 (-48.001698 1024 96 ) (-48.001694 1248 96 ) (-46.858280 1248 98.858536 ) (-16.001432 1104.001343 176 ) (-33.144581 1024 133.142792 ) 
3 526 (-128 1024 218.861618 ) (-128 1253.337646 96 ) (-128 1024 96 ) 
4 527 (-46.854683 1248 98.859375 ) (-47.998432 1248 96 ) (0 1248 96 ) (0 1248 98.859375 ) 
4 528 (0 1024 133.142868 ) (-33.140774 1024 133.142868 ) (-15.998495 1103.996582 176 ) (0 1103.996582 176 ) 
4 529 (0 1424 96 ) (-160 1424 96 ) (-160 1424 0 ) (0 1424 0 ) 
4 530 (0 1232 96 ) (-32 1232 96 ) (-32 1232 0 ) (0 1232 0 ) 
4 530 (0 1408 0 ) (-128 1408 0 ) (-128 1408 96 ) (0 1408 96 ) 
4 530 (0 1232 96 ) (0 1248 96 ) (-48 1248 96 ) (-48 1232 96 ) 
4 530 (-128 1408 96 ) (-128 1408 0 ) (-128 1232 0 ) (-128 1232 96 ) 
4 531 (-16 1216 96 ) (0 1216 96 ) (0 1216 0 ) (-16 1216 0 ) 
4 531 (0 1216 96 ) (-16 1216 96 ) (-16 1024 96 ) (0 1024 96 ) 
4 531 (-16 1216 96 ) (-16 1216 0 ) (-16 1024 0 ) (-16 1024 96 ) 
4 532 (-32 1216 96 ) (-32 1024 96 ) (-32 1024 0 ) (-32 1216 0 ) 
4 532 (-32 1216 96 ) (-32 1216 0 ) (-32 1232 0 ) (-32 1232 96 ) 
4 532 (-128 1232 96 ) (-128 1232 0 ) (-128 1024 0 ) (-128 1024 96 ) 
4 532 (-32 1232 96 ) (-48 1232 96 ) (-48 1024 96 ) (-32 1024 96 ) 
4 533 (-160 1232 96 ) (-160 1024 96 ) (-160 1024 0 ) (-160 1232 0 ) 
4 533 (-160 1408 96 ) (-160 1232 96 ) (-160 1232 0 ) (-160 1408 0 ) 
4 533 (-160 1424 96 ) (-160 1408 96 ) (-160 1408 0 ) (-160 1424 0 ) 
3 533 (-160 1253.333374 96 ) (-160 1024 218.857208 ) (-160 1024 96 ) 
5 533 (-160 1253.333374 96 ) (-160 1408 96 ) (-160 1408 272 ) (-160 1024 272 ) (-160 1024 218.857208 ) 
4 533 (-160 1408 96 ) (-160 1424 96 ) (-160 1424 272 ) (-160 1408 272 ) 
4 533 (-160 2048 272 ) (-1024 2048 272 ) (-1024 1024 272 ) (-160 1024 272 ) 
4 534 (-128 1424 -48 ) (0 1424 -48 ) (0 1424 0 ) (-128 1424 0 ) 
4 534 (-160 1424 0 ) (-160 1424 -48 ) (-128 1424 -48 ) (-128 1424 0 ) 
4 535 (0 1408 -48 ) (0 1232 -48 ) (-128 1232 -48 ) (-128 1408 -48 ) 
4 535 (0 1232 -44 ) (0 1232 0 ) (-16 1232 0 ) (-16 1232 -44 ) 
4 535 (-16 1232 0 ) (-32 1232 0 ) (-32 1232 -44 ) (-16 1232 -44 ) 
4 535 (-32 1232 -48 ) (0 1232 -48 ) (0 1232 -44 ) (-32 1232 -44 ) 
4 535 (-128 1408 -48 ) (-128 1232 -48 ) (-128 1232 0 ) (-128 1408 0 ) 
4 535 (0 1408 0 ) (0 1408 -48 ) (-128 1408 -48 ) (-128 1408 0 ) 
4 536 (-16 1216 -44 ) (-16 1024 -44 ) (-16 1024 0 ) (-16 1216 0 ) 
4 536 (0 1024 -44 ) (-16 1024 -44 ) (-16 1216 -44 ) (0 1216 -44 ) 
4 536 (0 1216 0 ) (0 1216 -44 ) (-16 1216 -44 ) (-16 1216 0 ) 
4 537 (-32 1024 -48 ) (-128 1024 -48 ) (-128 1232 -48 ) (-32 1232 -48 ) 
4 537 (-32 1024 0 ) (-32 1024 -44 ) (-32 1232 -44 ) (-32 1232 0 ) 
4 537 (-32 1024 -44 ) (-32 1024 -48 ) (-32 1232 -48 ) (-32 1232 -44 ) 
4 537 (-128 1232 0 ) (-128 1232 -48 ) (-128 1024 -48 ) (-128 1024 0 ) 
4 538 (-160 1024 -48 ) (-544 1024 -48 ) (-544 1408 -48 ) (-160 1408 -48 ) 
4 538 (-160 1232 0 ) (-160 1024 0 ) (-160 1024 -48 ) (-160 1232 -48 ) 
4 538 (-160 1424 0 ) (-160 1232 0 ) (-160 1232 -48 ) (-160 1424 -48 ) 
4 539 (-544 1408 -64 ) (0 1408 -64 ) (0 1408 -48 ) (-544 1408 -48 ) 
4 539 (-128 1408 -48 ) (0 1408 -48 ) (0 1424 -48 ) (-128 1424 -48 ) 
4 539 (-128 1408 -48 ) (-128 1424 -48 ) (-160 1424 -48 ) (-160 1408 -48 ) 
4 540 (-544 1024 -48 ) (-544 1024 -64 ) (-544 1408 -64 ) (-544 1408 -48 ) 
4 541 (0 1408 -64 ) (-544 1408 -64 ) (-544 1024 -64 ) (0 1024 -64 ) 
4 541 (0 1024 -1024 ) (-1024 1024 -1024 ) (-1024 2048 -1024 ) (0 2048 -1024 ) 
4 542 (-33.142700 1024 133.143204 ) (0 1024 133.143204 ) (0 960 98.857246 ) (-46.857079 960 98.857246 ) 
5 542 (-128 1024 133.149551 ) (-128 954.654175 96 ) (-128 0 96 ) (-128 0 272 ) (-128 1024 272 ) 
4 542 (0 1024 272 ) (-128 1024 272 ) (-128 0 272 ) (0 0 272 ) 
4 543 (-160 1024 272 ) (-1024 1024 272 ) (-1024 0 272 ) (-160 0 272 ) 
5 543 (-160 1024 272 ) (-160 0 272 ) (-160 0 96 ) (-160 954.654175 96 ) (-160 1024 133.149551 ) 
4 544 (-128 1024 96 ) (-128 960 96 ) (-128 960 98.857300 ) (-128 1024 133.142654 ) 
4 544 (-46.860680 960 98.856102 ) (-48.003128 960 96 ) (-48.003128 1024 96 ) (-33.146515 1024 133.142715 ) 
3 545 (-128 960 96 ) (-128 954.666321 96 ) (-128 960 98.857300 ) 
4 545 (-46.856228 960 98.859375 ) (0 960 98.859375 ) (0 960 96 ) (-48 960 96 ) 
3 546 (-160 1024 133.142654 ) (-160 954.666321 96 ) (-160 1024 96 ) 
4 547 (-16 1024 0 ) (-16 992 0 ) (-16 992 96 ) (-16 1024 96 ) 
4 547 (-16 992 96 ) (0 992 96 ) (0 1024 96 ) (-16 1024 96 ) 
4 547 (-16 992 96 ) (-16 992 0 ) (0 992 0 ) (0 992 96 ) 
4 548 (-128 1024 0 ) (-128 976 0 ) (-128 976 96 ) (-128 1024 96 ) 
4 548 (-48 976 96 ) (-32 976 96 ) (-32 1024 96 ) (-48 1024 96 ) 
4 548 (-32 1024 96 ) (-32 976 96 ) (-32 976 0 ) (-32 1024 0 ) 
4 549 (-128 976 0 ) (-128 0 0 ) (-128 0 96 ) (-128 976 96 ) 
4 549 (-32 976 96 ) (-16 976 96 ) (-16 976 0 ) (-32 976 0 ) 
4 549 (-16 976 96 ) (0 976 96 ) (0 976 0 ) (-16 976 0 ) 
4 549 (-48 976 96 ) (-48 960 96 ) (0 960 96 ) (0 976 96 ) 
4 550 (-160 1024 96 ) (-160 0 96 ) (-160 0 0 ) (-160 1024 0 ) 
4 551 (0 992 -44 ) (-16 992 -44 ) (-16 1024 -44 ) (0 1024 -44 ) 
4 551 (-16 992 -44 ) (0 992 -44 ) (0 992 0 ) (-16 992 0 ) 
4 551 (-16 1024 -44 ) (-16 992 -44 ) (-16 992 0 ) (-16 1024 0 ) 
4 552 (0 0 -48 ) (-32 0 -48 ) (-32 976 -48 ) (0 976 -48 ) 
4 552 (0 976 0 ) (0 976 -48 ) (-32 976 -48 ) (-32 976 0 ) 
4 553 (-32 0 -48 ) (-128 0 -48 ) (-128 1024 -48 ) (-32 1024 -48 ) 
4 553 (-128 1024 -48 ) (-128 0 -48 ) (-128 0 0 ) (-128 1024 0 ) 
4 553 (-32 992 0 ) (-32 976 0 ) (-32 976 -48 ) (-32 992 -48 ) 
4 553 (-32 1024 -44 ) (-32 992 -44 ) (-32 992 -48 ) (-32 1024 -48 ) 
4 553 (-32 1024 -44 ) (-32 1024 0 ) (-32 992 0 ) (-32 992 -44 ) 
4 554 (-160 0 -48 ) (-544 0 -48 ) (-544 1024 -48 ) (-160 1024 -48 ) 
4 554 (-160 1024 0 ) (-160 0 0 ) (-160 0 -48 ) (-160 1024 -48 ) 
4 555 (-544 1024 -48 ) (-544 0 -48 ) (-544 0 -64 ) (-544 1024 -64 ) 
4 556 (0 1024 -64 ) (-544 1024 -64 ) (-544 0 -64 ) (0 0 -64 ) 
4 556 (0 0 -1024 ) (-1024 0 -1024 ) (-1024 1024 -1024 ) (0 1024 -1024 ) 
4 557 (-104.345535 -1024 0 ) (-128 -996.799011 0 ) (-128 -996.801270 272 ) (-104.348938 -1024 272 ) 
4 557 (-128 -996.799011 0 ) (-160 -960.001282 0 ) (-160 -960.001282 272 ) (-128 -996.801270 272 ) 
3 557 (-160 -960 272 ) (-160 -1024 272 ) (-104.347839 -1024 272 ) 
4 558 (-128 0 0 ) (-128 -960 0 ) (-128 -960 272 ) (-128 0 272 ) 
5 558 (0 0 272 ) (-128 0 272 ) (-128 -960 272 ) (-72.347809 -1024 272 ) (0 -1024 272 ) 
4 558 (-128 -959.995422 272 ) (-128 -959.995422 0 ) (-72.343849 -1024 0 ) (-72.339188 -1024 272 ) 
4 559 (-531.464050 -758.921753 0 ) (-531.464050 -1024 0 ) (-531.464050 -1024 96 ) (-531.464050 -758.921753 96 ) 
4 559 (-160 0 272 ) (-531.464050 0 272 ) (-531.464050 -1024 272 ) (-160 -1024 272 ) 
4 559 (-160 0 272 ) (-160 -960 272 ) (-160 -960 0 ) (-160 0 0 ) 
4 560 (-549.607666 -1024 96 ) (-549.607666 -758.921753 96 ) (-531.464050 -758.921753 96 ) (-531.464050 -1024 96 ) 
4 560 (-531.464050 0 272 ) (-549.607666 0 272 ) (-549.607666 -1024 272 ) (-531.464050 -1024 272 ) 
4 561 (-531.464050 -758.921753 0 ) (-531.464050 -758.921753 96 ) (-549.607666 -758.921753 96 ) (-549.607666 -758.921753 0 ) 
4 562 (-549.607666 -758.921753 96 ) (-549.607666 -1024 96 ) (-549.607666 -1024 0 ) (-549.607666 -758.921753 0 ) 
4 562 (-549.607666 0 272 ) (-1024 0 272 ) (-1024 -1024 272 ) (-549.607666 -1024 272 ) 
3 563 (-104.347839 -1024 -48 ) (-160 -1024 -48 ) (-160 -960 -48 ) 
4 563 (-104.345535 -1024 -48 ) (-128 -996.799011 -48 ) (-128 -996.801270 0 ) (-104.348938 -1024 0 ) 
4 563 (-128 -996.799011 -48 ) (-160 -960.001282 -48 ) (-160 -960.001282 0 ) (-128 -996.801270 0 ) 
5 564 (0 -1024 -48 ) (-72.347809 -1024 -48 ) (-128 -960 -48 ) (-128 0 -48 ) (0 0 -48 ) 
4 564 (-128 0 -48 ) (-128 -960 -48 ) (-128 -960 0 ) (-128 0 0 ) 
4 564 (-128 -959.995361 0 ) (-128 -959.995361 -48 ) (-72.343796 -1024 -48 ) (-72.339188 -1024 0 ) 
4 565 (-160 -1024 -48 ) (-531.464050 -1024 -48 ) (-531.464050 0 -48 ) (-160 0 -48 ) 
4 565 (-531.464050 -758.921753 -48 ) (-531.464050 -1024 -48 ) (-531.464050 -1024 0 ) (-531.464050 -758.921753 0 ) 
4 565 (-160 0 0 ) (-160 -960 0 ) (-160 -960 -48 ) (-160 0 -48 ) 
4 566 (-544 0 -48 ) (-531.464050 0 -48 ) (-531.464050 -758.921753 -48 ) (-544 -758.921753 -48 ) 
4 566 (-549.607666 -758.921753 0 ) (-549.607666 -758.921753 -48 ) (-531.464050 -758.921753 -48 ) (-531.464050 -758.921753 0 ) 
4 567 (-549.607666 -758.921753 0 ) (-549.607666 -1024 0 ) (-549.607666 -1024 -48 ) (-549.607666 -758.921753 -48 ) 
4 568 (-544 -758.921753 -48 ) (-549.607666 -758.921753 -48 ) (-549.607666 -1024 -48 ) (-544 -1024 -48 ) 
4 568 (-544 0 -48 ) (-544 -1024 -48 ) (-544 -1024 -64 ) (-544 0 -64 ) 
4 569 (0 0 -64 ) (-544 0 -64 ) (-544 -1024 -64 ) (0 -1024 -64 ) 
4 569 (0 -1024 -1024 ) (-1024 -1024 -1024 ) (-1024 0 -1024 ) (0 0 -1024 ) 
4 570 (-72.340767 -1024 0 ) (0 -1107.191895 0 ) (0 -1107.193970 96 ) (-72.342575 -1024 96 ) 
4 570 (0 -1107.193970 96 ) (0 -1107.197754 272 ) (-72.345886 -1024 272 ) (-72.342575 -1024 96 ) 
3 570 (0 -1107.199951 272 ) (0 -1024 272 ) (-72.347778 -1024 272 ) 
3 571 (-549.607666 -1596.797607 96 ) (-549.607666 -1597.757568 96 ) (-550.087646 -1597.277588 96 ) 
4 571 (-113.614014 -2008.092529 96 ) (-113.614014 -2033.751343 96 ) (-531.464050 -1615.901245 96 ) (-531.464050 -1590.242432 96 ) 
4 571 (-549.607666 -1024 96 ) (-531.464050 -1024 96 ) (-531.464050 -1615.901245 96 ) (-549.607666 -1597.757568 96 ) 
4 571 (-37.607639 -2033.921875 96 ) (-113.614014 -2033.921875 96 ) (-113.614014 -2016.928223 96 ) (-37.607639 -2016.928223 96 ) 
4 571 (-23.464046 -2033.921875 96 ) (-37.607639 -2033.921875 96 ) (-37.607639 -2016.928223 96 ) (-23.464046 -2016.928223 96 ) 
4 571 (0 -2016.928223 96 ) (0 -2033.921875 96 ) (-23.464046 -2033.921875 96 ) (-23.464046 -2016.928223 96 ) 
3 571 (-104.778290 -2016.928223 96 ) (-113.614014 -2016.928223 96 ) (-113.614014 -2008.092529 96 ) 
4 571 (-37.607639 -2033.921875 96 ) (-23.464046 -2033.921875 96 ) (-23.464046 -2033.921875 159 ) (-37.607639 -2033.921875 159 ) 
5 571 (0 -2033.921875 272 ) (0 -1144 272 ) (-104.347832 -1024 272 ) (-1024 -1024 272 ) (-1024 -2033.921875 272 ) 
4 571 (0 -1144 96 ) (-104.347328 -1024 96 ) (-104.347130 -1024 272 ) (0 -1144 272 ) 
4 572 (-37.607639 -2048 159 ) (-37.607639 -2033.921875 159 ) (-23.464046 -2033.921875 159 ) (-23.464046 -2048 159 ) 
4 572 (0 -2033.921875 272 ) (-37.607639 -2033.921875 272 ) (-37.607639 -2048 272 ) (0 -2048 272 ) 
4 573 (0 -2033.921875 96 ) (0 -2035.071777 96 ) (-23.464046 -2035.071777 96 ) (-23.464046 -2033.921875 96 ) 
4 573 (-23.464046 -2048 159 ) (-23.464046 -2033.921875 159 ) (-23.464046 -2033.921875 96 ) (-23.464046 -2048 96 ) 
4 574 (-113.614014 -2035.071777 96 ) (-113.614014 -2033.921875 96 ) (-37.607639 -2033.921875 96 ) (-37.607639 -2035.071777 96 ) 
4 574 (-37.607639 -2048 159 ) (-37.607639 -2048 96 ) (-37.607639 -2033.921875 96 ) (-37.607639 -2033.921875 159 ) 
4 574 (-37.607639 -2033.921875 272 ) (-1024 -2033.921875 272 ) (-1024 -2048 272 ) (-37.607639 -2048 272 ) 
4 575 (-104.778290 -2016.928223 0 ) (-37.607639 -2016.928223 0 ) (-37.607639 -2016.928223 96 ) (-104.778290 -2016.928223 96 ) 
4 575 (-37.607639 -2016.928223 0 ) (-23.464046 -2016.928223 0 ) (-23.464046 -2016.928223 96 ) (-37.607639 -2016.928223 96 ) 
4 575 (-23.464046 -2016.928223 0 ) (0 -2016.928223 0 ) (0 -2016.928223 96 ) (-23.464046 -2016.928223 96 ) 
4 575 (0 -1144 0 ) (-104.347076 -1024 0 ) (-104.347076 -1024 96 ) (0 -1144 96 ) 
4 575 (-113.614014 -2008.090088 96 ) (-113.614014 -2008.090088 0 ) (-104.774155 -2016.928223 0 ) (-104.774155 -2016.928223 96 ) 
4 576 (-23.464046 -2035.071777 0 ) (-23.464046 -2048 0 ) (-23.464046 -2048 96 ) (-23.464046 -2035.071777 96 ) 
4 576 (0 -2035.071777 96 ) (0 -2035.071777 0 ) (-23.464046 -2035.071777 0 ) (-23.464046 -2035.071777 96 ) 
4 577 (-37.607639 -2035.071777 96 ) (-37.607639 -2048 96 ) (-37.607639 -2048 0 ) (-37.607639 -2035.071777 0 ) 
4 577 (-37.607639 -2035.071777 96 ) (-37.607639 -2035.071777 0 ) (-113.614014 -2035.071777 0 ) (-113.614014 -2035.071777 96 ) 
4 578 (-549.607666 -1597.749146 0 ) (-550.083374 -1597.273438 0 ) (-550.084167 -1597.274048 96 ) (-549.607666 -1597.750610 96 ) 
4 578 (-113.614014 -2033.742920 96 ) (-113.614014 -2033.742920 0 ) (-531.464050 -1615.892822 0 ) (-531.464050 -1615.894165 96 ) 
4 578 (-531.464050 -1615.892822 0 ) (-549.607666 -1597.749146 0 ) (-549.607666 -1597.750610 96 ) (-531.464050 -1615.894165 96 ) 
4 578 (-113.614014 -2033.751343 96 ) (-113.614014 -2035.071777 96 ) (-113.614014 -2035.071777 0 ) (-113.614014 -2033.751343 0 ) 
4 579 (-531.464050 -1024 0 ) (-531.464050 -1590.242432 0 ) (-531.464050 -1590.242432 96 ) (-531.464050 -1024 96 ) 
4 579 (-531.464050 -1590.242554 96 ) (-531.464050 -1590.242554 0 ) (-113.614014 -2008.093872 0 ) (-113.614014 -2008.093872 96 ) 
4 580 (-549.607666 -1024 96 ) (-549.607666 -1596.797607 96 ) (-549.607666 -1596.797729 0 ) (-549.607666 -1024 0 ) 
4 580 (-550.089722 -1597.276611 96 ) (-550.089722 -1597.276611 0 ) (-549.607666 -1596.796753 0 ) (-549.607666 -1596.796753 96 ) 
3 581 (-72.347778 -1024 -48 ) (0 -1024 -48 ) (0 -1107.199951 -48 ) 
4 581 (-72.340767 -1024 -48 ) (0 -1107.191895 -48 ) (0 -1107.197754 0 ) (-72.345886 -1024 0 ) 
5 582 (-113.614014 -2008.092529 -48 ) (-113.614014 -1680 -48 ) (0 -1680 -48 ) (0 -2016.928223 -48 ) (-104.778290 -2016.928223 -48 ) 
5 582 (-113.614014 -1680 -48 ) (-113.614014 -1024 -48 ) (-104.347832 -1024 -48 ) (0 -1144 -48 ) (0 -1680 -48 ) 
4 582 (-104.778290 -2016.928223 -48 ) (-37.607639 -2016.928223 -48 ) (-37.607639 -2016.928223 0 ) (-104.778290 -2016.928223 0 ) 
4 582 (-37.607639 -2016.928223 -48 ) (-23.464046 -2016.928223 -48 ) (-23.464046 -2016.928223 0 ) (-37.607639 -2016.928223 0 ) 
4 582 (-23.464046 -2016.928223 -48 ) (0 -2016.928223 -48 ) (0 -2016.928223 0 ) (-23.464046 -2016.928223 0 ) 
4 582 (-113.614014 -2008.090088 0 ) (-113.614014 -2008.090088 -48 ) (-104.774155 -2016.928223 -48 ) (-104.774155 -2016.928223 0 ) 
4 582 (0 -1144.001709 -48 ) (-104.349411 -1024 -48 ) (-104.349396 -1024 0 ) (0 -1144.001587 0 ) 
4 583 (0 -2048 -48 ) (-23.464046 -2048 -48 ) (-23.464046 -2035.071777 -48 ) (0 -2035.071777 -48 ) 
4 583 (-23.464046 -2035.071777 -48 ) (-23.464046 -2048 -48 ) (-23.464046 -2048 0 ) (-23.464046 -2035.071777 0 ) 
4 583 (0 -2035.071777 0 ) (0 -2035.071777 -48 ) (-23.464046 -2035.071777 -48 ) (-23.464046 -2035.071777 0 ) 
4 584 (-37.607639 -2048 -48 ) (-40 -2048 -48 ) (-40 -2035.071777 -48 ) (-37.607639 -2035.071777 -48 ) 
4 584 (-37.607639 -2035.071777 0 ) (-37.607639 -2048 0 ) (-37.607639 -2048 -48 ) (-37.607639 -2035.071777 -48 ) 
4 584 (-37.607639 -2035.071777 0 ) (-37.607639 -2035.071777 -48 ) (-113.614014 -2035.071777 -48 ) (-113.614014 -2035.071777 0 ) 
4 585 (-800 -2032 -48 ) (-800 -1680 -48 ) (-467.365295 -1680 -48 ) (-115.365349 -2032 -48 ) 
3 585 (-544 -1603.365234 -48 ) (-467.365295 -1680 -48 ) (-544 -1680 -48 ) 
4 585 (-549.607666 -1597.749146 -48 ) (-550.083374 -1597.273438 -48 ) (-550.084167 -1597.274048 0 ) (-549.607666 -1597.750610 0 ) 
4 585 (-113.614014 -2033.742920 0 ) (-113.614014 -2033.742920 -48 ) (-531.464050 -1615.892822 -48 ) (-531.464050 -1615.894165 0 ) 
4 585 (-531.464050 -1615.892822 -48 ) (-549.607666 -1597.749146 -48 ) (-549.607666 -1597.750610 0 ) (-531.464050 -1615.894165 0 ) 
4 585 (-113.614014 -2033.751343 0 ) (-113.614014 -2035.071777 0 ) (-113.614014 -2035.071777 -48 ) (-113.614014 -2033.751343 -48 ) 
3 586 (-113.614014 -1680 -48 ) (-113.614014 -2008.092529 -48 ) (-441.706512 -1680 -48 ) 
5 586 (-531.464050 -1024 -48 ) (-113.614014 -1024 -48 ) (-113.614014 -1680 -48 ) (-441.706512 -1680 -48 ) (-531.464050 -1590.242432 -48 ) 
4 586 (-531.464050 -1024 -48 ) (-531.464050 -1590.242432 -48 ) (-531.464050 -1590.242432 0 ) (-531.464050 -1024 0 ) 
4 586 (-531.464050 -1590.242554 0 ) (-531.464050 -1590.242554 -48 ) (-113.614014 -2008.093872 -48 ) (-113.614014 -2008.093872 0 ) 
4 587 (-549.607666 -1024 0 ) (-549.607666 -1596.797607 0 ) (-549.607666 -1596.797729 -48 ) (-549.607666 -1024 -48 ) 
4 587 (-550.089783 -1597.276611 0 ) (-550.089783 -1597.276611 -48 ) (-549.607666 -1596.796753 -48 ) (-549.607666 -1596.796753 0 ) 
4 588 (-800 -1680 -48 ) (-800 -1680 -64 ) (-544 -1680 -64 ) (-544 -1680 -48 ) 
3 588 (-550.087646 -1597.277588 -48 ) (-549.607666 -1597.757568 -48 ) (-549.607666 -1596.797607 -48 ) 
4 588 (-549.607666 -1597.757568 -48 ) (-544 -1603.365234 -48 ) (-544 -1024 -48 ) (-549.607666 -1024 -48 ) 
4 588 (-544 -1024 -48 ) (-544 -1680 -48 ) (-544 -1680 -64 ) (-544 -1024 -64 ) 
4 589 (-40 -2032 -48 ) (-40 -2032 -64 ) (-800 -2032 -64 ) (-800 -2032 -48 ) 
4 589 (-40 -2035.071777 -48 ) (-40 -2032 -48 ) (-113.614014 -2032 -48 ) (-113.614014 -2035.071777 -48 ) 
3 589 (-115.365356 -2032 -48 ) (-113.614014 -2033.751343 -48 ) (-113.614014 -2032 -48 ) 
4 589 (-40 -2048 -48 ) (-40 -2048 -64 ) (-40 -2032 -64 ) (-40 -2032 -48 ) 
4 590 (-800 -1680 -48 ) (-800 -2032 -48 ) (-800 -2032 -64 ) (-800 -1680 -64 ) 
4 591 (-40 -2032 -80 ) (0 -2032 -80 ) (0 -2032 -64 ) (-40 -2032 -64 ) 
4 591 (0 -2032 -64 ) (0 -1680 -64 ) (-800 -1680 -64 ) (-800 -2032 -64 ) 
4 591 (-544 -1680 -64 ) (0 -1680 -64 ) (0 -1024 -64 ) (-544 -1024 -64 ) 
4 592 (-40 -2048 -64 ) (-40 -2048 -80 ) (-40 -2032 -80 ) (-40 -2032 -64 ) 
4 593 (0 -2032 -80 ) (-40 -2032 -80 ) (-40 -2048 -80 ) (0 -2048 -80 ) 
4 593 (0 -2048 -1024 ) (-1024 -2048 -1024 ) (-1024 -1024 -1024 ) (0 -1024 -1024 ) 
4 594 (-367.464142 -3072 160 ) (-381.607727 -3072 160 ) (-381.607727 -3031.072021 160 ) (-367.464142 -3031.072021 160 ) 
4 594 (-382.535858 -3031.072021 160 ) (-382.535858 -3016.928467 160 ) (-381.607727 -3016.928467 160 ) (-381.607727 -3031.072021 160 ) 
4 594 (-381.607727 -3016.928467 160 ) (-367.464142 -3016.928467 160 ) (-367.464142 -3031.072021 160 ) (-381.607727 -3031.072021 160 ) 
4 594 (-381.607727 -3000 160 ) (-367.464142 -3000 160 ) (-367.464142 -3016.928467 160 ) (-381.607727 -3016.928467 160 ) 
4 594 (-40 -3016.928467 160 ) (-40 -3031.072021 160 ) (-367.464142 -3031.072021 160 ) (-367.464142 -3016.928467 160 ) 
4 594 (-40 -3031.072021 160 ) (-40 -3016.928467 160 ) (-37.607639 -3016.928467 160 ) (-37.607639 -3031.072021 160 ) 
4 594 (-37.607639 -3031.072021 160 ) (-37.607639 -3016.928467 160 ) (-24.535807 -3016.928467 160 ) (-24.535807 -3031.072021 160 ) 
4 594 (0 -2048 272 ) (-1024 -2048 272 ) (-1024 -3072 272 ) (0 -3072 272 ) 
4 595 (-23.464046 -2048 0 ) (-23.464046 -3072 0 ) (-23.464046 -3072 159 ) (-23.464046 -2048 159 ) 
4 596 (-24.535807 -3031.072021 160 ) (-24.535807 -3016.928467 160 ) (-24.535807 -3016.928467 159 ) (-24.535807 -3031.072021 159 ) 
4 596 (-24.535807 -3072 159 ) (-24.535807 -2048 159 ) (-23.464046 -2048 159 ) (-23.464046 -3072 159 ) 
4 597 (-37.607639 -3016.928467 159 ) (-37.607639 -2048 159 ) (-24.535807 -2048 159 ) (-24.535807 -3016.928467 159 ) 
4 597 (-37.607639 -3016.928467 160 ) (-37.607639 -3016.928467 159 ) (-24.535807 -3016.928467 159 ) (-24.535807 -3016.928467 160 ) 
4 598 (-24.535807 -3031.072021 160 ) (-24.535807 -3031.072021 159 ) (-37.607639 -3031.072021 159 ) (-37.607639 -3031.072021 160 ) 
4 598 (-37.607639 -3072 159 ) (-37.607639 -3031.072021 159 ) (-24.535807 -3031.072021 159 ) (-24.535807 -3072 159 ) 
4 599 (-381.607727 -3000 0 ) (-367.464142 -3000 0 ) (-367.464142 -3000 160 ) (-381.607727 -3000 160 ) 
4 599 (-37.607639 -2048 159 ) (-37.607639 -3000 159 ) (-37.607639 -3000 0 ) (-37.607639 -2048 0 ) 
4 600 (-37.607639 -3000 159 ) (-37.607639 -3016.928467 159 ) (-37.607639 -3016.928467 0 ) (-37.607639 -3000 0 ) 
4 600 (-40 -3016.928467 160 ) (-40 -3016.928467 0 ) (-37.607639 -3016.928467 0 ) (-37.607639 -3016.928467 160 ) 
4 601 (-40 -3031.072021 0 ) (-40 -3072 0 ) (-40 -3072 16 ) (-40 -3031.072021 16 ) 
4 601 (-37.607639 -3031.072021 160 ) (-37.607639 -3031.072021 0 ) (-40 -3031.072021 0 ) (-40 -3031.072021 160 ) 
4 601 (-37.607639 -3031.072021 159 ) (-37.607639 -3072 159 ) (-37.607639 -3072 0 ) (-37.607639 -3031.072021 0 ) 
4 602 (-367.464142 -3000 160 ) (-367.464142 -3000 0 ) (-367.464142 -3016.928467 0 ) (-367.464142 -3016.928467 160 ) 
4 602 (-367.464142 -3016.928467 160 ) (-367.464142 -3016.928467 0 ) (-40 -3016.928467 0 ) (-40 -3016.928467 160 ) 
4 603 (-382.535858 -3016.928467 160 ) (-382.535858 -3016.928467 0 ) (-381.607727 -3016.928467 0 ) (-381.607727 -3016.928467 160 ) 
4 603 (-381.607727 -3016.928467 160 ) (-381.607727 -3016.928467 0 ) (-381.607727 -3000 0 ) (-381.607727 -3000 160 ) 
4 604 (-367.464142 -3031.072021 160 ) (-367.464142 -3031.072021 16 ) (-367.464142 -3072 16 ) (-367.464142 -3072 160 ) 
4 604 (-367.464142 -3031.072021 16 ) (-367.464142 -3031.072021 160 ) (-40 -3031.072021 160 ) (-40 -3031.072021 16 ) 
4 604 (-367.464142 -3072 16 ) (-367.464142 -3031.072021 16 ) (-40 -3031.072021 16 ) (-40 -3072 16 ) 
4 605 (-381.607727 -3031.072021 160 ) (-381.607727 -3031.072021 0 ) (-382.535858 -3031.072021 0 ) (-382.535858 -3031.072021 160 ) 
4 605 (-381.607727 -3072 160 ) (-381.607727 -3072 0 ) (-381.607727 -3031.072021 0 ) (-381.607727 -3031.072021 160 ) 
4 606 (-382.535858 -3016.928467 160 ) (-382.535858 -3031.072021 160 ) (-382.535858 -3031.072021 0 ) (-382.535858 -3016.928467 0 ) 
4 607 (0 -3072 -48 ) (-23.464046 -3072 -48 ) (-23.464046 -2048 -48 ) (0 -2048 -48 ) 
4 607 (-23.464046 -3016.928467 -48 ) (-23.464046 -3031.072021 -48 ) (-23.464046 -3031.072021 0 ) (-23.464046 -3016.928467 0 ) 
4 607 (-23.464046 -3000 -48 ) (-23.464046 -3016.928467 -48 ) (-23.464046 -3016.928467 0 ) (-23.464046 -3000 0 ) 
4 607 (-23.464046 -3031.072021 -48 ) (-23.464046 -3072 -48 ) (-23.464046 -3072 0 ) (-23.464046 -3031.072021 0 ) 
4 607 (-23.464046 -2048 -48 ) (-23.464046 -3000 -48 ) (-23.464046 -3000 0 ) (-23.464046 -2048 0 ) 
4 608 (-40 -2048 -48 ) (-37.607639 -2048 -48 ) (-37.607639 -3000 -48 ) (-40 -3000 -48 ) 
4 608 (-381.607727 -3000 -48 ) (-367.464142 -3000 -48 ) (-367.464142 -3000 0 ) (-381.607727 -3000 0 ) 
4 608 (-37.607639 -2048 0 ) (-37.607639 -3000 0 ) (-37.607639 -3000 -48 ) (-37.607639 -2048 -48 ) 
4 609 (-40 -3000 -48 ) (-37.607639 -3000 -48 ) (-37.607639 -3016.928467 -48 ) (-40 -3016.928467 -48 ) 
4 609 (-367.464142 -3000 0 ) (-367.464142 -3000 -48 ) (-367.464142 -3016.928467 -48 ) (-367.464142 -3016.928467 0 ) 
4 609 (-37.607639 -3016.928467 0 ) (-37.607639 -3016.928467 -48 ) (-37.607639 -3000 -48 ) (-37.607639 -3000 0 ) 
4 609 (-367.464142 -3016.928467 0 ) (-367.464142 -3016.928467 -48 ) (-37.607639 -3016.928467 -48 ) (-37.607639 -3016.928467 0 ) 
4 610 (-382.535858 -3016.928467 0 ) (-382.535858 -3016.928467 -48 ) (-381.607727 -3016.928467 -48 ) (-381.607727 -3016.928467 0 ) 
4 610 (-381.607727 -3016.928467 0 ) (-381.607727 -3016.928467 -48 ) (-381.607727 -3000 -48 ) (-381.607727 -3000 0 ) 
4 611 (-37.607639 -3072 -48 ) (-40 -3072 -48 ) (-40 -3031.072021 -48 ) (-37.607639 -3031.072021 -48 ) 
4 611 (-40 -3031.072021 0 ) (-40 -3031.072021 -16 ) (-40 -3072 -16 ) (-40 -3072 0 ) 
4 611 (-37.607639 -3031.072021 0 ) (-37.607639 -3072 0 ) (-37.607639 -3072 -48 ) (-37.607639 -3031.072021 -48 ) 
4 611 (-40 -3031.072021 0 ) (-37.607639 -3031.072021 0 ) (-37.607639 -3031.072021 -48 ) (-40 -3031.072021 -48 ) 
4 612 (-367.464142 -3031.072021 -16 ) (-367.464142 -3031.072021 -48 ) (-367.464142 -3072 -48 ) (-367.464142 -3072 -16 ) 
4 612 (-367.464142 -3031.072021 -16 ) (-40 -3031.072021 -16 ) (-40 -3031.072021 -48 ) (-367.464142 -3031.072021 -48 ) 
4 612 (-40 -3072 -16 ) (-40 -3031.072021 -16 ) (-367.464142 -3031.072021 -16 ) (-367.464142 -3072 -16 ) 
4 613 (-381.607727 -3072 0 ) (-381.607727 -3072 -48 ) (-381.607727 -3031.072021 -48 ) (-381.607727 -3031.072021 0 ) 
4 613 (-381.607727 -3031.072021 0 ) (-381.607727 -3031.072021 -48 ) (-382.535858 -3031.072021 -48 ) (-382.535858 -3031.072021 0 ) 
4 614 (-382.535858 -3016.928467 0 ) (-382.535858 -3031.072021 0 ) (-382.535858 -3031.072021 -48 ) (-382.535858 -3016.928467 -48 ) 
4 615 (-367.464142 -3031.072021 -48 ) (-381.607727 -3031.072021 -48 ) (-381.607727 -3072 -48 ) (-367.464142 -3072 -48 ) 
4 615 (-381.607727 -3031.072021 -48 ) (-381.607727 -3016.928467 -48 ) (-382.535858 -3016.928467 -48 ) (-382.535858 -3031.072021 -48 ) 
4 615 (-381.607727 -3031.072021 -48 ) (-367.464142 -3031.072021 -48 ) (-367.464142 -3016.928467 -48 ) (-381.607727 -3016.928467 -48 ) 
4 615 (-381.607727 -3016.928467 -48 ) (-367.464142 -3016.928467 -48 ) (-367.464142 -3000 -48 ) (-381.607727 -3000 -48 ) 
4 615 (-40 -3016.928467 -48 ) (-367.464142 -3016.928467 -48 ) (-367.464142 -3031.072021 -48 ) (-40 -3031.072021 -48 ) 
4 615 (-40 -2048 -48 ) (-40 -3072 -48 ) (-40 -3072 -80 ) (-40 -2048 -80 ) 
4 616 (0 -2048 -80 ) (-40 -2048 -80 ) (-40 -3072 -80 ) (0 -3072 -80 ) 
4 616 (0 -3072 -1024 ) (-1024 -3072 -1024 ) (-1024 -2048 -1024 ) (0 -2048 -1024 ) 
4 617 (-367.464142 -4096 160 ) (-381.607727 -4096 160 ) (-381.607727 -3072 160 ) (-367.464142 -3072 160 ) 
4 617 (-33.614014 -3875.071777 160 ) (-33.614014 -3856.928223 160 ) (0 -3856.928223 160 ) (0 -3875.071777 160 ) 
4 617 (0 -3072 272 ) (-1024 -3072 272 ) (-1024 -4096 272 ) (0 -4096 272 ) 
4 618 (-33.614014 -3856.928223 159 ) (-33.614014 -3072 159 ) (-23.464046 -3072 159 ) (-23.464046 -3856.928223 159 ) 
4 618 (-33.614014 -3856.928223 160 ) (-33.614014 -3856.928223 159 ) (0 -3856.928223 159 ) (0 -3856.928223 160 ) 
4 619 (-23.464046 -4096 159 ) (-33.614014 -4096 159 ) (-33.614014 -3875.071777 159 ) (-23.464046 -3875.071777 159 ) 
4 619 (0 -3875.071777 160 ) (0 -3875.071777 159 ) (-33.614014 -3875.071777 159 ) (-33.614014 -3875.071777 160 ) 
4 620 (-23.464046 -3072 0 ) (-23.464046 -3856.928223 0 ) (-23.464046 -3856.928223 159 ) (-23.464046 -3072 159 ) 
4 620 (-23.464046 -3856.928223 159 ) (-23.464046 -3856.928223 0 ) (0 -3856.928223 0 ) (0 -3856.928223 159 ) 
4 621 (0 -3875.071777 0 ) (-23.464046 -3875.071777 0 ) (-23.464046 -3875.071777 159 ) (0 -3875.071777 159 ) 
4 621 (-23.464046 -3875.071777 159 ) (-23.464046 -3875.071777 0 ) (-23.464046 -4096 0 ) (-23.464046 -4096 159 ) 
4 622 (-33.614014 -3875.071777 159 ) (-33.614014 -3856.928223 159 ) (-33.614014 -3856.928223 160 ) (-33.614014 -3875.071777 160 ) 
4 622 (-37.607639 -4096 159 ) (-37.607639 -3072 159 ) (-33.614014 -3072 159 ) (-33.614014 -4096 159 ) 
4 623 (-40 -3072 0 ) (-40 -4096 0 ) (-40 -4096 16 ) (-40 -3072 16 ) 
4 623 (-37.607639 -3072 159 ) (-37.607639 -4096 159 ) (-37.607639 -4096 0 ) (-37.607639 -3072 0 ) 
4 624 (-367.464142 -4096 16 ) (-367.464142 -4096 160 ) (-367.464142 -3072 160 ) (-367.464142 -3072 16 ) 
4 624 (-367.464142 -4096 16 ) (-367.464142 -3072 16 ) (-40 -3072 16 ) (-40 -4096 16 ) 
4 625 (-381.607727 -3072 160 ) (-381.607727 -4096 160 ) (-381.607727 -4096 0 ) (-381.607727 -3072 0 ) 
4 626 (-23.464046 -3072 -48 ) (0 -3072 -48 ) (0 -3856.928223 -48 ) (-23.464046 -3856.928223 -48 ) 
4 626 (-23.464046 -3072 -48 ) (-23.464046 -3856.928223 -48 ) (-23.464046 -3856.928223 0 ) (-23.464046 -3072 0 ) 
4 626 (-23.464046 -3856.928223 0 ) (-23.464046 -3856.928223 -48 ) (0 -3856.928223 -48 ) (0 -3856.928223 0 ) 
4 627 (-23.464046 -3875.071777 0 ) (0 -3875.071777 0 ) (0 -3875.071777 -48 ) (-23.464046 -3875.071777 -48 ) 
4 627 (-23.464046 -3875.071777 0 ) (-23.464046 -3875.071777 -48 ) (-23.464046 -4096 -48 ) (-23.464046 -4096 0 ) 
4 628 (-40 -3872 -48 ) (-40 -3072 -48 ) (-37.607639 -3072 -48 ) (-37.607639 -3872 -48 ) 
4 628 (-40 -4096 -16 ) (-40 -4096 0 ) (-40 -3072 0 ) (-40 -3072 -16 ) 
4 628 (-37.607639 -3875.071777 0 ) (-37.607639 -4096 0 ) (-37.607639 -4096 -48 ) (-37.607639 -3875.071777 -48 ) 
4 628 (-37.607639 -3856.928223 0 ) (-37.607639 -3875.071777 0 ) (-37.607639 -3875.071777 -48 ) (-37.607639 -3856.928223 -48 ) 
4 628 (-37.607639 -3072 0 ) (-37.607639 -3856.928223 0 ) (-37.607639 -3856.928223 -48 ) (-37.607639 -3072 -48 ) 
4 629 (-367.464142 -3072 -48 ) (-367.464142 -4096 -48 ) (-367.464142 -4096 -16 ) (-367.464142 -3072 -16 ) 
4 629 (-40 -4096 -16 ) (-40 -3072 -16 ) (-367.464142 -3072 -16 ) (-367.464142 -4096 -16 ) 
4 630 (-381.607727 -3072 0 ) (-381.607727 -4096 0 ) (-381.607727 -4096 -48 ) (-381.607727 -3072 -48 ) 
4 631 (-23.464046 -3875.071777 -48 ) (-37.607639 -3875.071777 -48 ) (-37.607639 -4096 -48 ) (-23.464046 -4096 -48 ) 
4 631 (-23.464046 -3875.071777 -48 ) (-23.464046 -3872 -48 ) (-37.607639 -3872 -48 ) (-37.607639 -3875.071777 -48 ) 
4 631 (-23.464046 -3872 -48 ) (-23.464046 -3875.071777 -48 ) (0 -3875.071777 -48 ) (0 -3872 -48 ) 
4 631 (0 -3872 -48 ) (0 -3872 -80 ) (-40 -3872 -80 ) (-40 -3872 -48 ) 
4 632 (0 -3872 -80 ) (0 -3072 -80 ) (-40 -3072 -80 ) (-40 -3872 -80 ) 
4 632 (0 -4096 -1024 ) (-40 -4096 -1024 ) (-40 -3072 -1024 ) (0 -3072 -1024 ) 
4 633 (-40 -3872 -80 ) (-40 -3072 -80 ) (-40 -3072 -48 ) (-40 -3872 -48 ) 
4 633 (-40 -4096 -1024 ) (-1024 -4096 -1024 ) (-1024 -3072 -1024 ) (-40 -3072 -1024 ) 
4 633 (-367.464142 -3072 -48 ) (-381.607727 -3072 -48 ) (-381.607727 -4096 -48 ) (-367.464142 -4096 -48 ) 
4 634 (-381.607727 -4600.928711 160 ) (-381.607727 -4615.072266 160 ) (-382.535858 -4615.072266 160 ) (-382.535858 -4600.928711 160 ) 
4 634 (-367.464142 -4616 160 ) (-381.607727 -4616 160 ) (-381.607727 -4615.072266 160 ) (-367.464142 -4615.072266 160 ) 
4 634 (-381.607727 -4615.072266 160 ) (-381.607727 -4600.928711 160 ) (-367.464142 -4600.928711 160 ) (-367.464142 -4615.072266 160 ) 
4 634 (0 -4600.928711 160 ) (0 -4615.072266 160 ) (-367.464142 -4615.072266 160 ) (-367.464142 -4600.928711 160 ) 
4 634 (0 -4232.928711 160 ) (0 -4247.072266 160 ) (-46.535851 -4247.072266 160 ) (-46.535851 -4232.928711 160 ) 
4 634 (-381.607727 -4096 160 ) (-367.464142 -4096 160 ) (-367.464142 -4600.928711 160 ) (-381.607727 -4600.928711 160 ) 
4 634 (0 -4096 272 ) (-1024 -4096 272 ) (-1024 -5120 272 ) (0 -5120 272 ) 
4 635 (0 -4232.928711 159 ) (0 -4232.928711 160 ) (-40 -4232.928711 160 ) (-40 -4232.928711 159 ) 
4 635 (-23.464046 -4232.928711 159 ) (-37.607639 -4232.928711 159 ) (-37.607639 -4096 159 ) (-23.464046 -4096 159 ) 
4 636 (-23.464046 -4232.928711 0 ) (0 -4232.928711 0 ) (0 -4232.928711 16 ) (-23.464046 -4232.928711 16 ) 
4 636 (0 -4232.928711 16 ) (0 -4232.928711 159 ) (-23.464046 -4232.928711 159 ) (-23.464046 -4232.928711 16 ) 
4 636 (-23.464046 -4096 0 ) (-23.464046 -4232.928711 0 ) (-23.464046 -4232.928711 159 ) (-23.464046 -4096 159 ) 
4 637 (-40 -4232.928711 0 ) (-37.607639 -4232.928711 0 ) (-37.607639 -4232.928711 16 ) (-40 -4232.928711 16 ) 
4 637 (-37.607639 -4232.928711 16 ) (-37.607639 -4232.928711 159 ) (-40 -4232.928711 159 ) (-40 -4232.928711 16 ) 
4 637 (-40 -4096 0 ) (-40 -4232.928711 0 ) (-40 -4232.928711 16 ) (-40 -4096 16 ) 
4 637 (-37.607639 -4096 159 ) (-37.607639 -4232.928711 159 ) (-37.607639 -4232.928711 0 ) (-37.607639 -4096 0 ) 
4 638 (-46.535851 -4232.928711 16 ) (-40 -4232.928711 16 ) (-40 -4232.928711 160 ) (-46.535851 -4232.928711 160 ) 
4 638 (-367.464142 -4232.928711 16 ) (-367.464142 -4232.928711 160 ) (-367.464142 -4096 160 ) (-367.464142 -4096 16 ) 
4 638 (-40 -4096 16 ) (-40 -4232.928711 16 ) (-367.464142 -4232.928711 16 ) (-367.464142 -4096 16 ) 
4 639 (-367.464142 -4247.072266 16 ) (-367.464142 -4232.928711 16 ) (-46.535851 -4232.928711 16 ) (-46.535851 -4247.072266 16 ) 
4 639 (-367.464142 -4247.072266 160 ) (-367.464142 -4232.928711 160 ) (-367.464142 -4232.928711 16 ) (-367.464142 -4247.072266 16 ) 
4 639 (-46.535851 -4247.072266 160 ) (-46.535851 -4247.072266 16 ) (-46.535851 -4232.928711 16 ) (-46.535851 -4232.928711 160 ) 
4 640 (0 -4600.928711 16 ) (0 -4600.928711 160 ) (-367.464142 -4600.928711 160 ) (-367.464142 -4600.928711 16 ) 
4 640 (0 -4600.928711 16 ) (-367.464142 -4600.928711 16 ) (-367.464142 -4247.072266 16 ) (0 -4247.072266 16 ) 
4 640 (-46.535851 -4247.072266 160 ) (0 -4247.072266 160 ) (0 -4247.072266 16 ) (-46.535851 -4247.072266 16 ) 
4 640 (-367.464142 -4600.928711 16 ) (-367.464142 -4600.928711 160 ) (-367.464142 -4247.072266 160 ) (-367.464142 -4247.072266 16 ) 
4 641 (-367.464142 -4615.072266 0 ) (-367.464142 -4616 0 ) (-367.464142 -4616 160 ) (-367.464142 -4615.072266 160 ) 
4 641 (0 -4615.072266 160 ) (0 -4615.072266 0 ) (-367.464142 -4615.072266 0 ) (-367.464142 -4615.072266 160 ) 
4 642 (-382.535858 -4600.928711 160 ) (-382.535858 -4600.928711 0 ) (-381.607727 -4600.928711 0 ) (-381.607727 -4600.928711 160 ) 
4 642 (-381.607727 -4096 160 ) (-381.607727 -4600.928711 160 ) (-381.607727 -4600.928711 0 ) (-381.607727 -4096 0 ) 
4 643 (-381.607727 -4615.072266 160 ) (-381.607727 -4616 160 ) (-381.607727 -4616 0 ) (-381.607727 -4615.072266 0 ) 
4 643 (-381.607727 -4615.072266 160 ) (-381.607727 -4615.072266 0 ) (-382.535858 -4615.072266 0 ) (-382.535858 -4615.072266 160 ) 
4 644 (-382.535858 -4600.928711 160 ) (-382.535858 -4615.072266 160 ) (-382.535858 -4615.072266 0 ) (-382.535858 -4600.928711 0 ) 
4 645 (-381.607727 -4616 160 ) (-367.464142 -4616 160 ) (-367.464142 -4616 0 ) (-381.607727 -4616 0 ) 
4 646 (-23.464046 -4232.928711 -48 ) (0 -4232.928711 -48 ) (0 -4232.928711 -16 ) (-23.464046 -4232.928711 -16 ) 
4 646 (0 -4232.928711 -16 ) (0 -4232.928711 0 ) (-23.464046 -4232.928711 0 ) (-23.464046 -4232.928711 -16 ) 
4 646 (-23.464046 -4096 -48 ) (-23.464046 -4232.928711 -48 ) (-23.464046 -4232.928711 0 ) (-23.464046 -4096 0 ) 
4 647 (-40 -4232.928711 -48 ) (-37.607639 -4232.928711 -48 ) (-37.607639 -4232.928711 -16 ) (-40 -4232.928711 -16 ) 
4 647 (-37.607639 -4232.928711 -16 ) (-37.607639 -4232.928711 0 ) (-40 -4232.928711 0 ) (-40 -4232.928711 -16 ) 
4 647 (-40 -4232.928711 -16 ) (-40 -4232.928711 0 ) (-40 -4096 0 ) (-40 -4096 -16 ) 
4 647 (-37.607639 -4096 0 ) (-37.607639 -4232.928711 0 ) (-37.607639 -4232.928711 -48 ) (-37.607639 -4096 -48 ) 
4 648 (-46.535851 -4232.928711 -48 ) (-40 -4232.928711 -48 ) (-40 -4232.928711 -16 ) (-46.535851 -4232.928711 -16 ) 
4 648 (-367.464142 -4096 -48 ) (-367.464142 -4232.928711 -48 ) (-367.464142 -4232.928711 -16 ) (-367.464142 -4096 -16 ) 
4 648 (-367.464142 -4096 -16 ) (-367.464142 -4232.928711 -16 ) (-40 -4232.928711 -16 ) (-40 -4096 -16 ) 
4 649 (-46.535851 -4247.072266 -16 ) (-46.535851 -4232.928711 -16 ) (-367.464142 -4232.928711 -16 ) (-367.464142 -4247.072266 -16 ) 
4 649 (-367.464142 -4232.928711 -48 ) (-367.464142 -4247.072266 -48 ) (-367.464142 -4247.072266 -16 ) (-367.464142 -4232.928711 -16 ) 
4 649 (-46.535851 -4232.928711 -48 ) (-46.535851 -4232.928711 -16 ) (-46.535851 -4247.072266 -16 ) (-46.535851 -4247.072266 -48 ) 
4 650 (-367.464142 -4600.928711 -48 ) (0 -4600.928711 -48 ) (0 -4600.928711 -16 ) (-367.464142 -4600.928711 -16 ) 
4 650 (0 -4247.072266 -48 ) (-46.535851 -4247.072266 -48 ) (-46.535851 -4247.072266 -16 ) (0 -4247.072266 -16 ) 
4 650 (-367.464142 -4247.072266 -48 ) (-367.464142 -4600.928711 -48 ) (-367.464142 -4600.928711 -16 ) (-367.464142 -4247.072266 -16 ) 
4 650 (0 -4247.072266 -16 ) (-367.464142 -4247.072266 -16 ) (-367.464142 -4600.928711 -16 ) (0 -4600.928711 -16 ) 
4 651 (-367.464142 -4615.072266 -48 ) (-367.464142 -4616 -48 ) (-367.464142 -4616 0 ) (-367.464142 -4615.072266 0 ) 
4 651 (0 -4615.072266 0 ) (0 -4615.072266 -48 ) (-367.464142 -4615.072266 -48 ) (-367.464142 -4615.072266 0 ) 
4 652 (-382.535858 -4600.928711 0 ) (-382.535858 -4600.928711 -48 ) (-381.607727 -4600.928711 -48 ) (-381.607727 -4600.928711 0 ) 
4 652 (-381.607727 -4096 0 ) (-381.607727 -4600.928711 0 ) (-381.607727 -4600.928711 -48 ) (-381.607727 -4096 -48 ) 
4 653 (-381.607727 -4615.072266 0 ) (-381.607727 -4616 0 ) (-381.607727 -4616 -48 ) (-381.607727 -4615.072266 -48 ) 
4 653 (-381.607727 -4615.072266 0 ) (-381.607727 -4615.072266 -48 ) (-382.535858 -4615.072266 -48 ) (-382.535858 -4615.072266 0 ) 
4 654 (-382.535858 -4600.928711 0 ) (-382.535858 -4615.072266 0 ) (-382.535858 -4615.072266 -48 ) (-382.535858 -4600.928711 -48 ) 
4 655 (-381.607727 -4616 0 ) (-367.464142 -4616 0 ) (-367.464142 -4616 -48 ) (-381.607727 -4616 -48 ) 
4 656 (-381.607727 -4600.928711 -48 ) (-367.464142 -4600.928711 -48 ) (-367.464142 -4096 -48 ) (-381.607727 -4096 -48 ) 
4 656 (-37.607639 -4232.928711 -48 ) (-23.464046 -4232.928711 -48 ) (-23.464046 -4096 -48 ) (-37.607639 -4096 -48 ) 
4 656 (-46.535851 -4232.928711 -48 ) (-46.535851 -4247.072266 -48 ) (0 -4247.072266 -48 ) (0 -4232.928711 -48 ) 
4 656 (-367.464142 -4600.928711 -48 ) (-367.464142 -4615.072266 -48 ) (0 -4615.072266 -48 ) (0 -4600.928711 -48 ) 
4 656 (-367.464142 -4615.072266 -48 ) (-367.464142 -4600.928711 -48 ) (-381.607727 -4600.928711 -48 ) (-381.607727 -4615.072266 -48 ) 
4 656 (-367.464142 -4615.072266 -48 ) (-381.607727 -4615.072266 -48 ) (-381.607727 -4616 -48 ) (-367.464142 -4616 -48 ) 
4 656 (-382.535858 -4600.928711 -48 ) (-382.535858 -4615.072266 -48 ) (-381.607727 -4615.072266 -48 ) (-381.607727 -4600.928711 -48 ) 
4 656 (0 -5120 -1024 ) (-1024 -5120 -1024 ) (-1024 -4096 -1024 ) (0 -4096 -1024 ) 
4 657 (-1024 -5376 272 ) (-1024 -5376 0 ) (0 -5376 0 ) (0 -5376 272 ) 
4 657 (0 -5120 272 ) (-1024 -5120 272 ) (-1024 -5376 272 ) (0 -5376 272 ) 
4 658 (0 -5376 -1024 ) (0 -5376 0 ) (-1024 -5376 0 ) (-1024 -5376 -1024 ) 
4 658 (0 -5376 -1024 ) (-1024 -5376 -1024 ) (-1024 -5120 -1024 ) (0 -5120 -1024 ) 
4 659 (-1024 4624 272 ) (-1024 4624 0 ) (-2048 4624 0 ) (-2048 4624 272 ) 
4 659 (-1024 4624 272 ) (-2048 4624 272 ) (-2048 4096 272 ) (-1024 4096 272 ) 
4 660 (-1024 4096 -1024 ) (-2048 4096 -1024 ) (-2048 4624 -1024 ) (-1024 4624 -1024 ) 
4 660 (-2048 4624 0 ) (-1024 4624 0 ) (-1024 4624 -1024 ) (-2048 4624 -1024 ) 
4 661 (-1024 4096 272 ) (-2048 4096 272 ) (-2048 3072 272 ) (-1024 3072 272 ) 
4 662 (-1024 3072 -1024 ) (-2048 3072 -1024 ) (-2048 4096 -1024 ) (-1024 4096 -1024 ) 
4 663 (-1024 3072 272 ) (-2048 3072 272 ) (-2048 2048 272 ) (-1024 2048 272 ) 
4 664 (-1024 2048 -1024 ) (-2048 2048 -1024 ) (-2048 3072 -1024 ) (-1024 3072 -1024 ) 
4 665 (-1024 2048 272 ) (-2048 2048 272 ) (-2048 1024 272 ) (-1024 1024 272 ) 
4 666 (-1024 1024 -1024 ) (-2048 1024 -1024 ) (-2048 2048 -1024 ) (-1024 2048 -1024 ) 
4 667 (-1024 1024 272 ) (-2048 1024 272 ) (-2048 0 272 ) (-1024 0 272 ) 
4 668 (-1024 0 -1024 ) (-2048 0 -1024 ) (-2048 1024 -1024 ) (-1024 1024 -1024 ) 
4 669 (-1024 0 272 ) (-2048 0 272 ) (-2048 -1024 272 ) (-1024 -1024 272 ) 
4 670 (-1024 -1024 -1024 ) (-2048 -1024 -1024 ) (-2048 0 -1024 ) (-1024 0 -1024 ) 
4 671 (-1024 -1024 272 ) (-2048 -1024 272 ) (-2048 -2048 272 ) (-1024 -2048 272 ) 
4 672 (-1024 -2048 -1024 ) (-2048 -2048 -1024 ) (-2048 -1024 -1024 ) (-1024 -1024 -1024 ) 
4 673 (-1024 -2048 272 ) (-2048 -2048 272 ) (-2048 -3072 272 ) (-1024 -3072 272 ) 
4 674 (-1024 -3072 -1024 ) (-2048 -3072 -1024 ) (-2048 -2048 -1024 ) (-1024 -2048 -1024 ) 
4 675 (-1024 -3072 272 ) (-2048 -3072 272 ) (-2048 -4096 272 ) (-1024 -4096 272 ) 
4 676 (-1024 -4096 -1024 ) (-2048 -4096 -1024 ) (-2048 -3072 -1024 ) (-1024 -3072 -1024 ) 
4 677 (-1024 -4096 272 ) (-2048 -4096 272 ) (-2048 -5120 272 ) (-1024 -5120 272 ) 
4 678 (-1024 -5120 -1024 ) (-2048 -5120 -1024 ) (-2048 -4096 -1024 ) (-1024 -4096 -1024 ) 
4 679 (-1024 -5376 272 ) (-1024 -5120 272 ) (-2048 -5120 272 ) (-2048 -5376 272 ) 
4 679 (-2048 -5376 0 ) (-1024 -5376 0 ) (-1024 -5376 272 ) (-2048 -5376 272 ) 
4 680 (-2048 -5376 -1024 ) (-2048 -5120 -1024 ) (-1024 -5120 -1024 ) (-1024 -5376 -1024 ) 
4 680 (-2048 -5376 -1024 ) (-1024 -5376 -1024 ) (-1024 -5376 0 ) (-2048 -5376 0 ) 
4 681 (-2048 4624 272 ) (-3072 4624 272 ) (-3072 4096 272 ) (-2048 4096 272 ) 
4 681 (-3072 4624 272 ) (-2048 4624 272 ) (-2048 4624 0 ) (-3072 4624 0 ) 
4 682 (-3072 4624 -1024 ) (-3072 4624 0 ) (-2048 4624 0 ) (-2048 4624 -1024 ) 
4 682 (-2048 4096 -1024 ) (-3072 4096 -1024 ) (-3072 4624 -1024 ) (-2048 4624 -1024 ) 
4 683 (-2048 4096 272 ) (-3072 4096 272 ) (-3072 3072 272 ) (-2048 3072 272 ) 
4 684 (-2048 3072 -1024 ) (-3072 3072 -1024 ) (-3072 4096 -1024 ) (-2048 4096 -1024 ) 
4 685 (-2048 3072 272 ) (-3072 3072 272 ) (-3072 2048 272 ) (-2048 2048 272 ) 
4 686 (-2048 2048 -1024 ) (-3072 2048 -1024 ) (-3072 3072 -1024 ) (-2048 3072 -1024 ) 
4 687 (-2048 2048 272 ) (-3072 2048 272 ) (-3072 1024 272 ) (-2048 1024 272 ) 
4 688 (-2048 1024 -1024 ) (-3072 1024 -1024 ) (-3072 2048 -1024 ) (-2048 2048 -1024 ) 
4 689 (-2048 1024 272 ) (-3072 1024 272 ) (-3072 0 272 ) (-2048 0 272 ) 
4 690 (-2048 0 -1024 ) (-3072 0 -1024 ) (-3072 1024 -1024 ) (-2048 1024 -1024 ) 
4 691 (-2048 0 272 ) (-3072 0 272 ) (-3072 -1024 272 ) (-2048 -1024 272 ) 
4 692 (-2048 -1024 -1024 ) (-3072 -1024 -1024 ) (-3072 0 -1024 ) (-2048 0 -1024 ) 
4 693 (-2048 -1024 272 ) (-3072 -1024 272 ) (-3072 -2048 272 ) (-2048 -2048 272 ) 
4 694 (-2048 -2048 -1024 ) (-3072 -2048 -1024 ) (-3072 -1024 -1024 ) (-2048 -1024 -1024 ) 
4 695 (-2048 -2048 272 ) (-3072 -2048 272 ) (-3072 -3072 272 ) (-2048 -3072 272 ) 
4 696 (-2048 -3072 -1024 ) (-3072 -3072 -1024 ) (-3072 -2048 -1024 ) (-2048 -2048 -1024 ) 
4 697 (-2048 -3072 272 ) (-3072 -3072 272 ) (-3072 -4096 272 ) (-2048 -4096 272 ) 
4 698 (-2048 -4096 -1024 ) (-3072 -4096 -1024 ) (-3072 -3072 -1024 ) (-2048 -3072 -1024 ) 
4 699 (-2048 -4096 272 ) (-3072 -4096 272 ) (-3072 -5120 272 ) (-2048 -5120 272 ) 
4 700 (-2048 -5120 -1024 ) (-3072 -5120 -1024 ) (-3072 -4096 -1024 ) (-2048 -4096 -1024 ) 
4 701 (-3072 -5376 272 ) (-3072 -5376 0 ) (-2048 -5376 0 ) (-2048 -5376 272 ) 
4 701 (-2048 -5120 272 ) (-3072 -5120 272 ) (-3072 -5376 272 ) (-2048 -5376 272 ) 
4 702 (-2048 -5376 -1024 ) (-2048 -5376 0 ) (-3072 -5376 0 ) (-3072 -5376 -1024 ) 
4 702 (-2048 -5376 -1024 ) (-3072 -5376 -1024 ) (-3072 -5120 -1024 ) (-2048 -5120 -1024 ) 
4 703 (-3072 4624 272 ) (-3072 4624 0 ) (-4096 4624 0 ) (-4096 4624 272 ) 
4 703 (-3072 4624 272 ) (-4096 4624 272 ) (-4096 4096 272 ) (-3072 4096 272 ) 
4 704 (-3072 4096 -1024 ) (-4096 4096 -1024 ) (-4096 4624 -1024 ) (-3072 4624 -1024 ) 
4 704 (-4096 4624 0 ) (-3072 4624 0 ) (-3072 4624 -1024 ) (-4096 4624 -1024 ) 
4 705 (-3072 4096 272 ) (-4096 4096 272 ) (-4096 3072 272 ) (-3072 3072 272 ) 
4 706 (-3072 3072 -1024 ) (-4096 3072 -1024 ) (-4096 4096 -1024 ) (-3072 4096 -1024 ) 
4 707 (-3072 3072 272 ) (-4096 3072 272 ) (-4096 2048 272 ) (-3072 2048 272 ) 
4 708 (-3072 2048 -1024 ) (-4096 2048 -1024 ) (-4096 3072 -1024 ) (-3072 3072 -1024 ) 
4 709 (-3072 2048 272 ) (-4096 2048 272 ) (-4096 1024 272 ) (-3072 1024 272 ) 
4 710 (-3072 1024 -1024 ) (-4096 1024 -1024 ) (-4096 2048 -1024 ) (-3072 2048 -1024 ) 
4 711 (-3072 1024 272 ) (-4096 1024 272 ) (-4096 0 272 ) (-3072 0 272 ) 
4 712 (-3072 0 -1024 ) (-4096 0 -1024 ) (-4096 1024 -1024 ) (-3072 1024 -1024 ) 
4 713 (-3072 0 272 ) (-4096 0 272 ) (-4096 -1024 272 ) (-3072 -1024 272 ) 
4 714 (-3072 -1024 -1024 ) (-4096 -1024 -1024 ) (-4096 0 -1024 ) (-3072 0 -1024 ) 
4 715 (-3072 -1024 272 ) (-4096 -1024 272 ) (-4096 -2048 272 ) (-3072 -2048 272 ) 
4 716 (-3072 -2048 -1024 ) (-4096 -2048 -1024 ) (-4096 -1024 -1024 ) (-3072 -1024 -1024 ) 
4 717 (-3072 -2048 272 ) (-4096 -2048 272 ) (-4096 -3072 272 ) (-3072 -3072 272 ) 
4 718 (-3072 -3072 -1024 ) (-4096 -3072 -1024 ) (-4096 -2048 -1024 ) (-3072 -2048 -1024 ) 
4 719 (-3072 -3072 272 ) (-4096 -3072 272 ) (-4096 -4096 272 ) (-3072 -4096 272 ) 
4 720 (-3072 -4096 -1024 ) (-4096 -4096 -1024 ) (-4096 -3072 -1024 ) (-3072 -3072 -1024 ) 
4 721 (-3072 -4096 272 ) (-4096 -4096 272 ) (-4096 -5120 272 ) (-3072 -5120 272 ) 
4 722 (-3072 -5120 -1024 ) (-4096 -5120 -1024 ) (-4096 -4096 -1024 ) (-3072 -4096 -1024 ) 
4 723 (-3072 -5376 272 ) (-3072 -5120 272 ) (-4096 -5120 272 ) (-4096 -5376 272 ) 
4 723 (-4096 -5376 0 ) (-3072 -5376 0 ) (-3072 -5376 272 ) (-4096 -5376 272 ) 
4 724 (-4096 -5376 -1024 ) (-4096 -5120 -1024 ) (-3072 -5120 -1024 ) (-3072 -5376 -1024 ) 
4 724 (-4096 -5376 -1024 ) (-3072 -5376 -1024 ) (-3072 -5376 0 ) (-4096 -5376 0 ) 
4 725 (-4352 4624 0 ) (-4352 4096 0 ) (-4352 4096 272 ) (-4352 4624 272 ) 
4 725 (-4096 4624 272 ) (-4352 4624 272 ) (-4352 4096 272 ) (-4096 4096 272 ) 
4 725 (-4096 4624 272 ) (-4096 4624 0 ) (-4352 4624 0 ) (-4352 4624 272 ) 
4 726 (-4352 4624 0 ) (-4352 4624 -1024 ) (-4352 4096 -1024 ) (-4352 4096 0 ) 
4 726 (-4352 4624 -1024 ) (-4352 4624 0 ) (-4096 4624 0 ) (-4096 4624 -1024 ) 
4 726 (-4096 4096 -1024 ) (-4352 4096 -1024 ) (-4352 4624 -1024 ) (-4096 4624 -1024 ) 
4 727 (-4096 4096 272 ) (-4352 4096 272 ) (-4352 3072 272 ) (-4096 3072 272 ) 
4 727 (-4352 4096 0 ) (-4352 3072 0 ) (-4352 3072 272 ) (-4352 4096 272 ) 
4 728 (-4096 3072 -1024 ) (-4352 3072 -1024 ) (-4352 4096 -1024 ) (-4096 4096 -1024 ) 
4 728 (-4352 4096 -1024 ) (-4352 3072 -1024 ) (-4352 3072 0 ) (-4352 4096 0 ) 
4 729 (-4352 3072 272 ) (-4352 3072 0 ) (-4352 2048 0 ) (-4352 2048 272 ) 
4 729 (-4096 3072 272 ) (-4352 3072 272 ) (-4352 2048 272 ) (-4096 2048 272 ) 
4 730 (-4352 2048 -1024 ) (-4352 2048 0 ) (-4352 3072 0 ) (-4352 3072 -1024 ) 
4 730 (-4096 2048 -1024 ) (-4352 2048 -1024 ) (-4352 3072 -1024 ) (-4096 3072 -1024 ) 
4 731 (-4096 2048 272 ) (-4352 2048 272 ) (-4352 1024 272 ) (-4096 1024 272 ) 
4 731 (-4352 2048 0 ) (-4352 1024 0 ) (-4352 1024 272 ) (-4352 2048 272 ) 
4 732 (-4096 1024 -1024 ) (-4352 1024 -1024 ) (-4352 2048 -1024 ) (-4096 2048 -1024 ) 
4 732 (-4352 2048 -1024 ) (-4352 1024 -1024 ) (-4352 1024 0 ) (-4352 2048 0 ) 
4 733 (-4352 1024 272 ) (-4352 1024 0 ) (-4352 0 0 ) (-4352 0 272 ) 
4 733 (-4096 1024 272 ) (-4352 1024 272 ) (-4352 0 272 ) (-4096 0 272 ) 
4 734 (-4352 0 -1024 ) (-4352 0 0 ) (-4352 1024 0 ) (-4352 1024 -1024 ) 
4 734 (-4096 0 -1024 ) (-4352 0 -1024 ) (-4352 1024 -1024 ) (-4096 1024 -1024 ) 
4 735 (-4096 0 272 ) (-4352 0 272 ) (-4352 -1024 272 ) (-4096 -1024 272 ) 
4 735 (-4352 0 0 ) (-4352 -1024 0 ) (-4352 -1024 272 ) (-4352 0 272 ) 
4 736 (-4096 -1024 -1024 ) (-4352 -1024 -1024 ) (-4352 0 -1024 ) (-4096 0 -1024 ) 
4 736 (-4352 0 -1024 ) (-4352 -1024 -1024 ) (-4352 -1024 0 ) (-4352 0 0 ) 
4 737 (-4352 -1024 272 ) (-4352 -1024 0 ) (-4352 -2048 0 ) (-4352 -2048 272 ) 
4 737 (-4096 -1024 272 ) (-4352 -1024 272 ) (-4352 -2048 272 ) (-4096 -2048 272 ) 
4 738 (-4352 -2048 -1024 ) (-4352 -2048 0 ) (-4352 -1024 0 ) (-4352 -1024 -1024 ) 
4 738 (-4096 -2048 -1024 ) (-4352 -2048 -1024 ) (-4352 -1024 -1024 ) (-4096 -1024 -1024 ) 
4 739 (-4096 -2048 272 ) (-4352 -2048 272 ) (-4352 -3072 272 ) (-4096 -3072 272 ) 
4 739 (-4352 -2048 0 ) (-4352 -3072 0 ) (-4352 -3072 272 ) (-4352 -2048 272 ) 
4 740 (-4096 -3072 -1024 ) (-4352 -3072 -1024 ) (-4352 -2048 -1024 ) (-4096 -2048 -1024 ) 
4 740 (-4352 -2048 -1024 ) (-4352 -3072 -1024 ) (-4352 -3072 0 ) (-4352 -2048 0 ) 
4 741 (-4352 -3072 272 ) (-4352 -3072 0 ) (-4352 -4096 0 ) (-4352 -4096 272 ) 
4 741 (-4096 -3072 272 ) (-4352 -3072 272 ) (-4352 -4096 272 ) (-4096 -4096 272 ) 
4 742 (-4352 -4096 -1024 ) (-4352 -4096 0 ) (-4352 -3072 0 ) (-4352 -3072 -1024 ) 
4 742 (-4096 -4096 -1024 ) (-4352 -4096 -1024 ) (-4352 -3072 -1024 ) (-4096 -3072 -1024 ) 
4 743 (-4096 -4096 272 ) (-4352 -4096 272 ) (-4352 -5120 272 ) (-4096 -5120 272 ) 
4 743 (-4352 -4096 0 ) (-4352 -5120 0 ) (-4352 -5120 272 ) (-4352 -4096 272 ) 
4 744 (-4096 -5120 -1024 ) (-4352 -5120 -1024 ) (-4352 -4096 -1024 ) (-4096 -4096 -1024 ) 
4 744 (-4352 -4096 -1024 ) (-4352 -5120 -1024 ) (-4352 -5120 0 ) (-4352 -4096 0 ) 
4 745 (-4096 -5376 272 ) (-4096 -5120 272 ) (-4352 -5120 272 ) (-4352 -5376 272 ) 
4 745 (-4352 -5120 272 ) (-4352 -5120 0 ) (-4352 -5376 0 ) (-4352 -5376 272 ) 
4 745 (-4096 -5376 272 ) (-4352 -5376 272 ) (-4352 -5376 0 ) (-4096 -5376 0 ) 
4 746 (-4352 -5376 -1024 ) (-4352 -5120 -1024 ) (-4096 -5120 -1024 ) (-4096 -5376 -1024 ) 
4 746 (-4352 -5376 0 ) (-4352 -5120 0 ) (-4352 -5120 -1024 ) (-4352 -5376 -1024 ) 
4 746 (-4352 -5376 0 ) (-4352 -5376 -1024 ) (-4096 -5376 -1024 ) (-4096 -5376 0 ) 
